<?xml version="1.0" encoding="UTF-8"?>
<gpx version="1.1" creator="trip-planner"
     xmlns="http://www.topografix.com/GPX/1/1">
  <metadata>
    <name>Potes - Cangas de Onis</name>
    <time>2026-08-08T07:58:58Z</time>
  </metadata>
  <wpt lat="43.154381" lon="-4.622185">
    <name>Potes</name>
  </wpt>
  <wpt lat="43.143100" lon="-4.812400">
    <name>Fuente Dé</name>
  </wpt>
  <wpt lat="43.154381" lon="-4.622185">
    <name>Potes</name>
  </wpt>
  <wpt lat="43.351964" lon="-5.128428">
    <name>Cangas de Onís</name>
  </wpt>
  <trk>
    <name>Potes - Cangas de Onis</name>
    <trkseg>
      <trkpt lat="43.154160" lon="-4.622120"/>
      <trkpt lat="43.154160" lon="-4.622120"/>
      <trkpt lat="43.154100" lon="-4.622260"/>
      <trkpt lat="43.153920" lon="-4.622710"/>
      <trkpt lat="43.153860" lon="-4.622810"/>
      <trkpt lat="43.153830" lon="-4.622840"/>
      <trkpt lat="43.153730" lon="-4.622830"/>
      <trkpt lat="43.153670" lon="-4.622790"/>
      <trkpt lat="43.153610" lon="-4.622990"/>
      <trkpt lat="43.153560" lon="-4.623160"/>
      <trkpt lat="43.153510" lon="-4.623360"/>
      <trkpt lat="43.153500" lon="-4.623470"/>
      <trkpt lat="43.153540" lon="-4.623570"/>
      <trkpt lat="43.153590" lon="-4.623660"/>
      <trkpt lat="43.153630" lon="-4.623710"/>
      <trkpt lat="43.153750" lon="-4.623880"/>
      <trkpt lat="43.153790" lon="-4.623920"/>
      <trkpt lat="43.153860" lon="-4.624020"/>
      <trkpt lat="43.153880" lon="-4.624060"/>
      <trkpt lat="43.154080" lon="-4.624310"/>
      <trkpt lat="43.154150" lon="-4.624420"/>
      <trkpt lat="43.154180" lon="-4.624520"/>
      <trkpt lat="43.154210" lon="-4.624620"/>
      <trkpt lat="43.154240" lon="-4.624760"/>
      <trkpt lat="43.154240" lon="-4.624980"/>
      <trkpt lat="43.154230" lon="-4.625310"/>
      <trkpt lat="43.154210" lon="-4.625420"/>
      <trkpt lat="43.154210" lon="-4.625450"/>
      <trkpt lat="43.154200" lon="-4.625540"/>
      <trkpt lat="43.154190" lon="-4.625630"/>
      <trkpt lat="43.154160" lon="-4.625960"/>
      <trkpt lat="43.154140" lon="-4.626260"/>
      <trkpt lat="43.154120" lon="-4.626430"/>
      <trkpt lat="43.154100" lon="-4.626600"/>
      <trkpt lat="43.154080" lon="-4.626790"/>
      <trkpt lat="43.154070" lon="-4.626960"/>
      <trkpt lat="43.154040" lon="-4.627220"/>
      <trkpt lat="43.153970" lon="-4.627990"/>
      <trkpt lat="43.153960" lon="-4.628100"/>
      <trkpt lat="43.153930" lon="-4.628500"/>
      <trkpt lat="43.153900" lon="-4.628860"/>
      <trkpt lat="43.153880" lon="-4.629090"/>
      <trkpt lat="43.153870" lon="-4.629220"/>
      <trkpt lat="43.153840" lon="-4.629560"/>
      <trkpt lat="43.153830" lon="-4.629720"/>
      <trkpt lat="43.153830" lon="-4.629900"/>
      <trkpt lat="43.153830" lon="-4.630130"/>
      <trkpt lat="43.153830" lon="-4.630340"/>
      <trkpt lat="43.153830" lon="-4.630410"/>
      <trkpt lat="43.153830" lon="-4.630460"/>
      <trkpt lat="43.153850" lon="-4.630810"/>
      <trkpt lat="43.153850" lon="-4.630870"/>
      <trkpt lat="43.153850" lon="-4.630900"/>
      <trkpt lat="43.153860" lon="-4.631310"/>
      <trkpt lat="43.153880" lon="-4.631460"/>
      <trkpt lat="43.153940" lon="-4.631790"/>
      <trkpt lat="43.153980" lon="-4.631930"/>
      <trkpt lat="43.154000" lon="-4.631980"/>
      <trkpt lat="43.154070" lon="-4.632250"/>
      <trkpt lat="43.154140" lon="-4.632450"/>
      <trkpt lat="43.154150" lon="-4.632500"/>
      <trkpt lat="43.154230" lon="-4.632750"/>
      <trkpt lat="43.154230" lon="-4.632770"/>
      <trkpt lat="43.154340" lon="-4.633040"/>
      <trkpt lat="43.154460" lon="-4.633280"/>
      <trkpt lat="43.154610" lon="-4.633570"/>
      <trkpt lat="43.154670" lon="-4.633730"/>
      <trkpt lat="43.154760" lon="-4.633980"/>
      <trkpt lat="43.154810" lon="-4.634230"/>
      <trkpt lat="43.154850" lon="-4.634420"/>
      <trkpt lat="43.154870" lon="-4.634600"/>
      <trkpt lat="43.154890" lon="-4.634770"/>
      <trkpt lat="43.154910" lon="-4.634940"/>
      <trkpt lat="43.154910" lon="-4.635050"/>
      <trkpt lat="43.154910" lon="-4.635210"/>
      <trkpt lat="43.154910" lon="-4.635250"/>
      <trkpt lat="43.154910" lon="-4.635330"/>
      <trkpt lat="43.154930" lon="-4.635480"/>
      <trkpt lat="43.154940" lon="-4.635650"/>
      <trkpt lat="43.154980" lon="-4.635810"/>
      <trkpt lat="43.155070" lon="-4.636060"/>
      <trkpt lat="43.155160" lon="-4.636340"/>
      <trkpt lat="43.155310" lon="-4.636780"/>
      <trkpt lat="43.155480" lon="-4.637220"/>
      <trkpt lat="43.155550" lon="-4.637390"/>
      <trkpt lat="43.155660" lon="-4.637610"/>
      <trkpt lat="43.155750" lon="-4.637780"/>
      <trkpt lat="43.155980" lon="-4.638170"/>
      <trkpt lat="43.156140" lon="-4.638430"/>
      <trkpt lat="43.156300" lon="-4.638690"/>
      <trkpt lat="43.156390" lon="-4.638830"/>
      <trkpt lat="43.156460" lon="-4.638990"/>
      <trkpt lat="43.156540" lon="-4.639140"/>
      <trkpt lat="43.156610" lon="-4.639300"/>
      <trkpt lat="43.156670" lon="-4.639470"/>
      <trkpt lat="43.156710" lon="-4.639650"/>
      <trkpt lat="43.156780" lon="-4.639910"/>
      <trkpt lat="43.156840" lon="-4.640150"/>
      <trkpt lat="43.156880" lon="-4.640320"/>
      <trkpt lat="43.156920" lon="-4.640480"/>
      <trkpt lat="43.156960" lon="-4.640640"/>
      <trkpt lat="43.157020" lon="-4.640850"/>
      <trkpt lat="43.157050" lon="-4.641050"/>
      <trkpt lat="43.157100" lon="-4.641250"/>
      <trkpt lat="43.157160" lon="-4.641400"/>
      <trkpt lat="43.157230" lon="-4.641570"/>
      <trkpt lat="43.157310" lon="-4.641710"/>
      <trkpt lat="43.157410" lon="-4.641840"/>
      <trkpt lat="43.157510" lon="-4.641960"/>
      <trkpt lat="43.157620" lon="-4.642080"/>
      <trkpt lat="43.157710" lon="-4.642190"/>
      <trkpt lat="43.157820" lon="-4.642340"/>
      <trkpt lat="43.157910" lon="-4.642460"/>
      <trkpt lat="43.157980" lon="-4.642580"/>
      <trkpt lat="43.158040" lon="-4.642740"/>
      <trkpt lat="43.158080" lon="-4.642900"/>
      <trkpt lat="43.158110" lon="-4.643080"/>
      <trkpt lat="43.158130" lon="-4.643320"/>
      <trkpt lat="43.158140" lon="-4.643560"/>
      <trkpt lat="43.158160" lon="-4.643710"/>
      <trkpt lat="43.158180" lon="-4.643920"/>
      <trkpt lat="43.158210" lon="-4.644100"/>
      <trkpt lat="43.158240" lon="-4.644270"/>
      <trkpt lat="43.158280" lon="-4.644460"/>
      <trkpt lat="43.158320" lon="-4.644640"/>
      <trkpt lat="43.158360" lon="-4.644810"/>
      <trkpt lat="43.158410" lon="-4.644980"/>
      <trkpt lat="43.158470" lon="-4.645160"/>
      <trkpt lat="43.158530" lon="-4.645400"/>
      <trkpt lat="43.158550" lon="-4.645550"/>
      <trkpt lat="43.158560" lon="-4.645730"/>
      <trkpt lat="43.158570" lon="-4.645930"/>
      <trkpt lat="43.158580" lon="-4.646120"/>
      <trkpt lat="43.158570" lon="-4.646250"/>
      <trkpt lat="43.158550" lon="-4.646480"/>
      <trkpt lat="43.158530" lon="-4.646630"/>
      <trkpt lat="43.158490" lon="-4.646750"/>
      <trkpt lat="43.158460" lon="-4.646860"/>
      <trkpt lat="43.158410" lon="-4.646970"/>
      <trkpt lat="43.158340" lon="-4.647100"/>
      <trkpt lat="43.158270" lon="-4.647200"/>
      <trkpt lat="43.158210" lon="-4.647300"/>
      <trkpt lat="43.158160" lon="-4.647400"/>
      <trkpt lat="43.158130" lon="-4.647470"/>
      <trkpt lat="43.158100" lon="-4.647560"/>
      <trkpt lat="43.158060" lon="-4.647680"/>
      <trkpt lat="43.158010" lon="-4.647870"/>
      <trkpt lat="43.157990" lon="-4.647960"/>
      <trkpt lat="43.157960" lon="-4.648030"/>
      <trkpt lat="43.157920" lon="-4.648100"/>
      <trkpt lat="43.157890" lon="-4.648170"/>
      <trkpt lat="43.157860" lon="-4.648220"/>
      <trkpt lat="43.157800" lon="-4.648290"/>
      <trkpt lat="43.157750" lon="-4.648350"/>
      <trkpt lat="43.157630" lon="-4.648440"/>
      <trkpt lat="43.157510" lon="-4.648530"/>
      <trkpt lat="43.157410" lon="-4.648600"/>
      <trkpt lat="43.157380" lon="-4.648630"/>
      <trkpt lat="43.157170" lon="-4.648870"/>
      <trkpt lat="43.157080" lon="-4.649020"/>
      <trkpt lat="43.157000" lon="-4.649160"/>
      <trkpt lat="43.156920" lon="-4.649310"/>
      <trkpt lat="43.156850" lon="-4.649480"/>
      <trkpt lat="43.156820" lon="-4.649600"/>
      <trkpt lat="43.156790" lon="-4.649700"/>
      <trkpt lat="43.156770" lon="-4.649750"/>
      <trkpt lat="43.156710" lon="-4.649930"/>
      <trkpt lat="43.156660" lon="-4.650100"/>
      <trkpt lat="43.156600" lon="-4.650280"/>
      <trkpt lat="43.156530" lon="-4.650480"/>
      <trkpt lat="43.156460" lon="-4.650700"/>
      <trkpt lat="43.156320" lon="-4.651150"/>
      <trkpt lat="43.156260" lon="-4.651340"/>
      <trkpt lat="43.156200" lon="-4.651530"/>
      <trkpt lat="43.156160" lon="-4.651710"/>
      <trkpt lat="43.156140" lon="-4.651870"/>
      <trkpt lat="43.156130" lon="-4.652070"/>
      <trkpt lat="43.156150" lon="-4.652250"/>
      <trkpt lat="43.156200" lon="-4.652440"/>
      <trkpt lat="43.156270" lon="-4.652650"/>
      <trkpt lat="43.156330" lon="-4.652790"/>
      <trkpt lat="43.156390" lon="-4.652950"/>
      <trkpt lat="43.156460" lon="-4.653110"/>
      <trkpt lat="43.156520" lon="-4.653270"/>
      <trkpt lat="43.156590" lon="-4.653450"/>
      <trkpt lat="43.156630" lon="-4.653610"/>
      <trkpt lat="43.156670" lon="-4.653780"/>
      <trkpt lat="43.156710" lon="-4.653950"/>
      <trkpt lat="43.156750" lon="-4.654170"/>
      <trkpt lat="43.156800" lon="-4.654320"/>
      <trkpt lat="43.156860" lon="-4.654510"/>
      <trkpt lat="43.156920" lon="-4.654680"/>
      <trkpt lat="43.156970" lon="-4.654840"/>
      <trkpt lat="43.157040" lon="-4.655010"/>
      <trkpt lat="43.157170" lon="-4.655300"/>
      <trkpt lat="43.157230" lon="-4.655450"/>
      <trkpt lat="43.157290" lon="-4.655590"/>
      <trkpt lat="43.157350" lon="-4.655810"/>
      <trkpt lat="43.157430" lon="-4.656130"/>
      <trkpt lat="43.157440" lon="-4.656180"/>
      <trkpt lat="43.157480" lon="-4.656520"/>
      <trkpt lat="43.157500" lon="-4.656770"/>
      <trkpt lat="43.157530" lon="-4.657070"/>
      <trkpt lat="43.157600" lon="-4.657430"/>
      <trkpt lat="43.157650" lon="-4.657670"/>
      <trkpt lat="43.157670" lon="-4.657910"/>
      <trkpt lat="43.157710" lon="-4.658420"/>
      <trkpt lat="43.157730" lon="-4.658600"/>
      <trkpt lat="43.157750" lon="-4.658910"/>
      <trkpt lat="43.157770" lon="-4.659140"/>
      <trkpt lat="43.157780" lon="-4.659490"/>
      <trkpt lat="43.157820" lon="-4.659900"/>
      <trkpt lat="43.157860" lon="-4.660480"/>
      <trkpt lat="43.157880" lon="-4.660850"/>
      <trkpt lat="43.157870" lon="-4.661030"/>
      <trkpt lat="43.157860" lon="-4.661220"/>
      <trkpt lat="43.157830" lon="-4.661450"/>
      <trkpt lat="43.157790" lon="-4.661620"/>
      <trkpt lat="43.157720" lon="-4.661950"/>
      <trkpt lat="43.157630" lon="-4.662290"/>
      <trkpt lat="43.157520" lon="-4.662640"/>
      <trkpt lat="43.157440" lon="-4.662950"/>
      <trkpt lat="43.157390" lon="-4.663200"/>
      <trkpt lat="43.157290" lon="-4.663520"/>
      <trkpt lat="43.157240" lon="-4.663700"/>
      <trkpt lat="43.157200" lon="-4.663870"/>
      <trkpt lat="43.157130" lon="-4.664100"/>
      <trkpt lat="43.157030" lon="-4.664380"/>
      <trkpt lat="43.156960" lon="-4.664630"/>
      <trkpt lat="43.156870" lon="-4.664900"/>
      <trkpt lat="43.156840" lon="-4.665090"/>
      <trkpt lat="43.156800" lon="-4.665270"/>
      <trkpt lat="43.156770" lon="-4.665440"/>
      <trkpt lat="43.156730" lon="-4.665640"/>
      <trkpt lat="43.156700" lon="-4.665800"/>
      <trkpt lat="43.156680" lon="-4.665910"/>
      <trkpt lat="43.156620" lon="-4.666180"/>
      <trkpt lat="43.156590" lon="-4.666300"/>
      <trkpt lat="43.156550" lon="-4.666490"/>
      <trkpt lat="43.156510" lon="-4.666710"/>
      <trkpt lat="43.156460" lon="-4.666910"/>
      <trkpt lat="43.156430" lon="-4.666990"/>
      <trkpt lat="43.156380" lon="-4.667090"/>
      <trkpt lat="43.156320" lon="-4.667180"/>
      <trkpt lat="43.156210" lon="-4.667340"/>
      <trkpt lat="43.156110" lon="-4.667440"/>
      <trkpt lat="43.156000" lon="-4.667540"/>
      <trkpt lat="43.155840" lon="-4.667650"/>
      <trkpt lat="43.155690" lon="-4.667800"/>
      <trkpt lat="43.155570" lon="-4.667940"/>
      <trkpt lat="43.155490" lon="-4.668070"/>
      <trkpt lat="43.155410" lon="-4.668240"/>
      <trkpt lat="43.155350" lon="-4.668450"/>
      <trkpt lat="43.155300" lon="-4.668710"/>
      <trkpt lat="43.155250" lon="-4.668940"/>
      <trkpt lat="43.155220" lon="-4.669110"/>
      <trkpt lat="43.155110" lon="-4.669480"/>
      <trkpt lat="43.155050" lon="-4.669650"/>
      <trkpt lat="43.154990" lon="-4.669810"/>
      <trkpt lat="43.154950" lon="-4.669980"/>
      <trkpt lat="43.154830" lon="-4.670360"/>
      <trkpt lat="43.154740" lon="-4.670640"/>
      <trkpt lat="43.154680" lon="-4.670830"/>
      <trkpt lat="43.154620" lon="-4.671020"/>
      <trkpt lat="43.154560" lon="-4.671200"/>
      <trkpt lat="43.154490" lon="-4.671370"/>
      <trkpt lat="43.154350" lon="-4.671680"/>
      <trkpt lat="43.154220" lon="-4.671990"/>
      <trkpt lat="43.154140" lon="-4.672160"/>
      <trkpt lat="43.154080" lon="-4.672320"/>
      <trkpt lat="43.153990" lon="-4.672510"/>
      <trkpt lat="43.153790" lon="-4.672960"/>
      <trkpt lat="43.153710" lon="-4.673110"/>
      <trkpt lat="43.153640" lon="-4.673260"/>
      <trkpt lat="43.153550" lon="-4.673420"/>
      <trkpt lat="43.153480" lon="-4.673560"/>
      <trkpt lat="43.153420" lon="-4.673640"/>
      <trkpt lat="43.153280" lon="-4.673800"/>
      <trkpt lat="43.153180" lon="-4.673930"/>
      <trkpt lat="43.153070" lon="-4.674070"/>
      <trkpt lat="43.153000" lon="-4.674190"/>
      <trkpt lat="43.152930" lon="-4.674400"/>
      <trkpt lat="43.152880" lon="-4.674540"/>
      <trkpt lat="43.152830" lon="-4.674710"/>
      <trkpt lat="43.152770" lon="-4.674890"/>
      <trkpt lat="43.152700" lon="-4.675100"/>
      <trkpt lat="43.152620" lon="-4.675310"/>
      <trkpt lat="43.152510" lon="-4.675550"/>
      <trkpt lat="43.152440" lon="-4.675720"/>
      <trkpt lat="43.152380" lon="-4.675900"/>
      <trkpt lat="43.152360" lon="-4.676090"/>
      <trkpt lat="43.152350" lon="-4.676270"/>
      <trkpt lat="43.152360" lon="-4.676470"/>
      <trkpt lat="43.152390" lon="-4.676600"/>
      <trkpt lat="43.152400" lon="-4.676630"/>
      <trkpt lat="43.152460" lon="-4.676800"/>
      <trkpt lat="43.152560" lon="-4.676970"/>
      <trkpt lat="43.152630" lon="-4.677090"/>
      <trkpt lat="43.152800" lon="-4.677380"/>
      <trkpt lat="43.152970" lon="-4.677760"/>
      <trkpt lat="43.153020" lon="-4.677910"/>
      <trkpt lat="43.153070" lon="-4.678050"/>
      <trkpt lat="43.153120" lon="-4.678220"/>
      <trkpt lat="43.153160" lon="-4.678400"/>
      <trkpt lat="43.153240" lon="-4.678760"/>
      <trkpt lat="43.153410" lon="-4.679680"/>
      <trkpt lat="43.153500" lon="-4.680210"/>
      <trkpt lat="43.153540" lon="-4.680410"/>
      <trkpt lat="43.153600" lon="-4.680720"/>
      <trkpt lat="43.153640" lon="-4.680900"/>
      <trkpt lat="43.153690" lon="-4.681100"/>
      <trkpt lat="43.153830" lon="-4.681620"/>
      <trkpt lat="43.153900" lon="-4.681830"/>
      <trkpt lat="43.153940" lon="-4.682000"/>
      <trkpt lat="43.154050" lon="-4.682330"/>
      <trkpt lat="43.154110" lon="-4.682490"/>
      <trkpt lat="43.154150" lon="-4.682610"/>
      <trkpt lat="43.154370" lon="-4.683130"/>
      <trkpt lat="43.154400" lon="-4.683220"/>
      <trkpt lat="43.154420" lon="-4.683290"/>
      <trkpt lat="43.154490" lon="-4.683490"/>
      <trkpt lat="43.154550" lon="-4.683800"/>
      <trkpt lat="43.154560" lon="-4.683850"/>
      <trkpt lat="43.154630" lon="-4.684140"/>
      <trkpt lat="43.154690" lon="-4.684440"/>
      <trkpt lat="43.154740" lon="-4.684630"/>
      <trkpt lat="43.154790" lon="-4.684780"/>
      <trkpt lat="43.154860" lon="-4.684950"/>
      <trkpt lat="43.154930" lon="-4.685090"/>
      <trkpt lat="43.155020" lon="-4.685240"/>
      <trkpt lat="43.155110" lon="-4.685330"/>
      <trkpt lat="43.155210" lon="-4.685440"/>
      <trkpt lat="43.155340" lon="-4.685540"/>
      <trkpt lat="43.155450" lon="-4.685610"/>
      <trkpt lat="43.155540" lon="-4.685660"/>
      <trkpt lat="43.155640" lon="-4.685740"/>
      <trkpt lat="43.155730" lon="-4.685860"/>
      <trkpt lat="43.155790" lon="-4.685990"/>
      <trkpt lat="43.155810" lon="-4.686150"/>
      <trkpt lat="43.155800" lon="-4.686300"/>
      <trkpt lat="43.155790" lon="-4.686560"/>
      <trkpt lat="43.155700" lon="-4.687150"/>
      <trkpt lat="43.155620" lon="-4.687700"/>
      <trkpt lat="43.155560" lon="-4.688030"/>
      <trkpt lat="43.155470" lon="-4.688450"/>
      <trkpt lat="43.155410" lon="-4.688750"/>
      <trkpt lat="43.155360" lon="-4.688960"/>
      <trkpt lat="43.155310" lon="-4.689100"/>
      <trkpt lat="43.155200" lon="-4.689260"/>
      <trkpt lat="43.155100" lon="-4.689370"/>
      <trkpt lat="43.154960" lon="-4.689450"/>
      <trkpt lat="43.154730" lon="-4.689560"/>
      <trkpt lat="43.154310" lon="-4.689740"/>
      <trkpt lat="43.153300" lon="-4.690170"/>
      <trkpt lat="43.152900" lon="-4.690330"/>
      <trkpt lat="43.152610" lon="-4.690480"/>
      <trkpt lat="43.152430" lon="-4.690620"/>
      <trkpt lat="43.152310" lon="-4.690780"/>
      <trkpt lat="43.152220" lon="-4.690910"/>
      <trkpt lat="43.152110" lon="-4.691120"/>
      <trkpt lat="43.151850" lon="-4.691720"/>
      <trkpt lat="43.151800" lon="-4.691810"/>
      <trkpt lat="43.151690" lon="-4.692030"/>
      <trkpt lat="43.151620" lon="-4.692210"/>
      <trkpt lat="43.151530" lon="-4.692510"/>
      <trkpt lat="43.151470" lon="-4.692810"/>
      <trkpt lat="43.151460" lon="-4.692880"/>
      <trkpt lat="43.151420" lon="-4.693090"/>
      <trkpt lat="43.151400" lon="-4.693190"/>
      <trkpt lat="43.151360" lon="-4.693410"/>
      <trkpt lat="43.151320" lon="-4.693580"/>
      <trkpt lat="43.151300" lon="-4.693720"/>
      <trkpt lat="43.151310" lon="-4.693950"/>
      <trkpt lat="43.151300" lon="-4.694370"/>
      <trkpt lat="43.151300" lon="-4.694440"/>
      <trkpt lat="43.151290" lon="-4.694500"/>
      <trkpt lat="43.151290" lon="-4.694570"/>
      <trkpt lat="43.151240" lon="-4.694730"/>
      <trkpt lat="43.151180" lon="-4.694880"/>
      <trkpt lat="43.151100" lon="-4.695000"/>
      <trkpt lat="43.151000" lon="-4.695130"/>
      <trkpt lat="43.150920" lon="-4.695220"/>
      <trkpt lat="43.150800" lon="-4.695310"/>
      <trkpt lat="43.150580" lon="-4.695450"/>
      <trkpt lat="43.150460" lon="-4.695520"/>
      <trkpt lat="43.150200" lon="-4.695700"/>
      <trkpt lat="43.149980" lon="-4.695830"/>
      <trkpt lat="43.149720" lon="-4.696020"/>
      <trkpt lat="43.149470" lon="-4.696200"/>
      <trkpt lat="43.149320" lon="-4.696320"/>
      <trkpt lat="43.148890" lon="-4.696650"/>
      <trkpt lat="43.148740" lon="-4.696790"/>
      <trkpt lat="43.148570" lon="-4.696930"/>
      <trkpt lat="43.148080" lon="-4.697380"/>
      <trkpt lat="43.147910" lon="-4.697570"/>
      <trkpt lat="43.147790" lon="-4.697790"/>
      <trkpt lat="43.147650" lon="-4.698110"/>
      <trkpt lat="43.147570" lon="-4.698410"/>
      <trkpt lat="43.147560" lon="-4.698700"/>
      <trkpt lat="43.147560" lon="-4.699000"/>
      <trkpt lat="43.147580" lon="-4.699230"/>
      <trkpt lat="43.147620" lon="-4.699550"/>
      <trkpt lat="43.147720" lon="-4.700120"/>
      <trkpt lat="43.147790" lon="-4.700440"/>
      <trkpt lat="43.147850" lon="-4.700650"/>
      <trkpt lat="43.147920" lon="-4.700850"/>
      <trkpt lat="43.148010" lon="-4.701050"/>
      <trkpt lat="43.148030" lon="-4.701090"/>
      <trkpt lat="43.148140" lon="-4.701270"/>
      <trkpt lat="43.148300" lon="-4.701480"/>
      <trkpt lat="43.148400" lon="-4.701650"/>
      <trkpt lat="43.148510" lon="-4.701810"/>
      <trkpt lat="43.148560" lon="-4.702000"/>
      <trkpt lat="43.148580" lon="-4.702180"/>
      <trkpt lat="43.148560" lon="-4.702360"/>
      <trkpt lat="43.148500" lon="-4.702550"/>
      <trkpt lat="43.148420" lon="-4.702700"/>
      <trkpt lat="43.148240" lon="-4.702940"/>
      <trkpt lat="43.147910" lon="-4.703320"/>
      <trkpt lat="43.147680" lon="-4.703530"/>
      <trkpt lat="43.147490" lon="-4.703650"/>
      <trkpt lat="43.147320" lon="-4.703720"/>
      <trkpt lat="43.147230" lon="-4.703740"/>
      <trkpt lat="43.147120" lon="-4.703750"/>
      <trkpt lat="43.146910" lon="-4.703740"/>
      <trkpt lat="43.146620" lon="-4.703690"/>
      <trkpt lat="43.146400" lon="-4.703690"/>
      <trkpt lat="43.146160" lon="-4.703720"/>
      <trkpt lat="43.145930" lon="-4.703760"/>
      <trkpt lat="43.145660" lon="-4.703770"/>
      <trkpt lat="43.145460" lon="-4.703760"/>
      <trkpt lat="43.145130" lon="-4.703780"/>
      <trkpt lat="43.144860" lon="-4.703820"/>
      <trkpt lat="43.144590" lon="-4.703850"/>
      <trkpt lat="43.144400" lon="-4.703820"/>
      <trkpt lat="43.144170" lon="-4.703770"/>
      <trkpt lat="43.144070" lon="-4.703760"/>
      <trkpt lat="43.143970" lon="-4.703770"/>
      <trkpt lat="43.143850" lon="-4.703800"/>
      <trkpt lat="43.143710" lon="-4.703910"/>
      <trkpt lat="43.143580" lon="-4.704040"/>
      <trkpt lat="43.143420" lon="-4.704230"/>
      <trkpt lat="43.143270" lon="-4.704520"/>
      <trkpt lat="43.143200" lon="-4.704690"/>
      <trkpt lat="43.143150" lon="-4.704900"/>
      <trkpt lat="43.143070" lon="-4.705630"/>
      <trkpt lat="43.143050" lon="-4.706060"/>
      <trkpt lat="43.143030" lon="-4.706490"/>
      <trkpt lat="43.143060" lon="-4.706790"/>
      <trkpt lat="43.143090" lon="-4.706980"/>
      <trkpt lat="43.143110" lon="-4.707180"/>
      <trkpt lat="43.143080" lon="-4.707420"/>
      <trkpt lat="43.143040" lon="-4.707740"/>
      <trkpt lat="43.142980" lon="-4.708090"/>
      <trkpt lat="43.142970" lon="-4.708270"/>
      <trkpt lat="43.142980" lon="-4.708400"/>
      <trkpt lat="43.143020" lon="-4.708610"/>
      <trkpt lat="43.143040" lon="-4.708800"/>
      <trkpt lat="43.143060" lon="-4.708990"/>
      <trkpt lat="43.143070" lon="-4.709140"/>
      <trkpt lat="43.143050" lon="-4.709340"/>
      <trkpt lat="43.142970" lon="-4.709550"/>
      <trkpt lat="43.142820" lon="-4.709780"/>
      <trkpt lat="43.142360" lon="-4.710360"/>
      <trkpt lat="43.142080" lon="-4.710700"/>
      <trkpt lat="43.142000" lon="-4.710780"/>
      <trkpt lat="43.141900" lon="-4.710900"/>
      <trkpt lat="43.141750" lon="-4.711030"/>
      <trkpt lat="43.141600" lon="-4.711090"/>
      <trkpt lat="43.141480" lon="-4.711140"/>
      <trkpt lat="43.141380" lon="-4.711160"/>
      <trkpt lat="43.141320" lon="-4.711180"/>
      <trkpt lat="43.141020" lon="-4.711220"/>
      <trkpt lat="43.140760" lon="-4.711330"/>
      <trkpt lat="43.140510" lon="-4.711450"/>
      <trkpt lat="43.140390" lon="-4.711520"/>
      <trkpt lat="43.140170" lon="-4.711550"/>
      <trkpt lat="43.139880" lon="-4.711610"/>
      <trkpt lat="43.139320" lon="-4.711880"/>
      <trkpt lat="43.139140" lon="-4.711980"/>
      <trkpt lat="43.138950" lon="-4.712030"/>
      <trkpt lat="43.138800" lon="-4.712030"/>
      <trkpt lat="43.138660" lon="-4.712010"/>
      <trkpt lat="43.138550" lon="-4.711950"/>
      <trkpt lat="43.138530" lon="-4.711940"/>
      <trkpt lat="43.138300" lon="-4.711790"/>
      <trkpt lat="43.138250" lon="-4.711760"/>
      <trkpt lat="43.138230" lon="-4.711750"/>
      <trkpt lat="43.138150" lon="-4.711730"/>
      <trkpt lat="43.138050" lon="-4.711710"/>
      <trkpt lat="43.137900" lon="-4.711710"/>
      <trkpt lat="43.137480" lon="-4.711850"/>
      <trkpt lat="43.137260" lon="-4.711940"/>
      <trkpt lat="43.137070" lon="-4.712020"/>
      <trkpt lat="43.136890" lon="-4.712130"/>
      <trkpt lat="43.136690" lon="-4.712290"/>
      <trkpt lat="43.136560" lon="-4.712460"/>
      <trkpt lat="43.136410" lon="-4.712680"/>
      <trkpt lat="43.136290" lon="-4.712920"/>
      <trkpt lat="43.136080" lon="-4.713340"/>
      <trkpt lat="43.135730" lon="-4.714040"/>
      <trkpt lat="43.135510" lon="-4.714520"/>
      <trkpt lat="43.135290" lon="-4.714970"/>
      <trkpt lat="43.135220" lon="-4.715100"/>
      <trkpt lat="43.135080" lon="-4.715400"/>
      <trkpt lat="43.134880" lon="-4.715790"/>
      <trkpt lat="43.134790" lon="-4.715890"/>
      <trkpt lat="43.134670" lon="-4.715980"/>
      <trkpt lat="43.134460" lon="-4.716070"/>
      <trkpt lat="43.134400" lon="-4.716090"/>
      <trkpt lat="43.133870" lon="-4.716220"/>
      <trkpt lat="43.133730" lon="-4.716270"/>
      <trkpt lat="43.133470" lon="-4.716390"/>
      <trkpt lat="43.133320" lon="-4.716450"/>
      <trkpt lat="43.133090" lon="-4.716590"/>
      <trkpt lat="43.132940" lon="-4.716730"/>
      <trkpt lat="43.132820" lon="-4.716880"/>
      <trkpt lat="43.132700" lon="-4.717060"/>
      <trkpt lat="43.132620" lon="-4.717220"/>
      <trkpt lat="43.132530" lon="-4.717420"/>
      <trkpt lat="43.132490" lon="-4.717660"/>
      <trkpt lat="43.132470" lon="-4.717890"/>
      <trkpt lat="43.132460" lon="-4.718070"/>
      <trkpt lat="43.132470" lon="-4.718250"/>
      <trkpt lat="43.132490" lon="-4.718490"/>
      <trkpt lat="43.132590" lon="-4.718870"/>
      <trkpt lat="43.132700" lon="-4.719140"/>
      <trkpt lat="43.132800" lon="-4.719370"/>
      <trkpt lat="43.132870" lon="-4.719610"/>
      <trkpt lat="43.132910" lon="-4.719900"/>
      <trkpt lat="43.132900" lon="-4.720130"/>
      <trkpt lat="43.132860" lon="-4.720400"/>
      <trkpt lat="43.132790" lon="-4.720850"/>
      <trkpt lat="43.132750" lon="-4.721110"/>
      <trkpt lat="43.132740" lon="-4.721350"/>
      <trkpt lat="43.132750" lon="-4.721530"/>
      <trkpt lat="43.132790" lon="-4.721720"/>
      <trkpt lat="43.132920" lon="-4.722200"/>
      <trkpt lat="43.132950" lon="-4.722390"/>
      <trkpt lat="43.132950" lon="-4.722570"/>
      <trkpt lat="43.132910" lon="-4.722790"/>
      <trkpt lat="43.132840" lon="-4.722980"/>
      <trkpt lat="43.132740" lon="-4.723130"/>
      <trkpt lat="43.132520" lon="-4.723350"/>
      <trkpt lat="43.132140" lon="-4.723640"/>
      <trkpt lat="43.131570" lon="-4.724110"/>
      <trkpt lat="43.131400" lon="-4.724250"/>
      <trkpt lat="43.131130" lon="-4.724470"/>
      <trkpt lat="43.130870" lon="-4.724690"/>
      <trkpt lat="43.130520" lon="-4.725000"/>
      <trkpt lat="43.130300" lon="-4.725220"/>
      <trkpt lat="43.130070" lon="-4.725490"/>
      <trkpt lat="43.129590" lon="-4.726040"/>
      <trkpt lat="43.128960" lon="-4.726770"/>
      <trkpt lat="43.128840" lon="-4.726900"/>
      <trkpt lat="43.128720" lon="-4.727000"/>
      <trkpt lat="43.128700" lon="-4.727010"/>
      <trkpt lat="43.128600" lon="-4.727080"/>
      <trkpt lat="43.128470" lon="-4.727140"/>
      <trkpt lat="43.128270" lon="-4.727190"/>
      <trkpt lat="43.127790" lon="-4.727190"/>
      <trkpt lat="43.127520" lon="-4.727150"/>
      <trkpt lat="43.126950" lon="-4.727130"/>
      <trkpt lat="43.126760" lon="-4.727140"/>
      <trkpt lat="43.126670" lon="-4.727170"/>
      <trkpt lat="43.126550" lon="-4.727230"/>
      <trkpt lat="43.126440" lon="-4.727320"/>
      <trkpt lat="43.126330" lon="-4.727470"/>
      <trkpt lat="43.126260" lon="-4.727620"/>
      <trkpt lat="43.126190" lon="-4.727870"/>
      <trkpt lat="43.126050" lon="-4.728550"/>
      <trkpt lat="43.125930" lon="-4.728950"/>
      <trkpt lat="43.125850" lon="-4.729170"/>
      <trkpt lat="43.125740" lon="-4.729370"/>
      <trkpt lat="43.125570" lon="-4.729660"/>
      <trkpt lat="43.125450" lon="-4.729830"/>
      <trkpt lat="43.125270" lon="-4.730040"/>
      <trkpt lat="43.125050" lon="-4.730270"/>
      <trkpt lat="43.124820" lon="-4.730470"/>
      <trkpt lat="43.124460" lon="-4.730730"/>
      <trkpt lat="43.124190" lon="-4.730860"/>
      <trkpt lat="43.123930" lon="-4.730980"/>
      <trkpt lat="43.123680" lon="-4.731060"/>
      <trkpt lat="43.123430" lon="-4.731110"/>
      <trkpt lat="43.123200" lon="-4.731140"/>
      <trkpt lat="43.122920" lon="-4.731150"/>
      <trkpt lat="43.122660" lon="-4.731150"/>
      <trkpt lat="43.122390" lon="-4.731110"/>
      <trkpt lat="43.122180" lon="-4.731060"/>
      <trkpt lat="43.121960" lon="-4.730980"/>
      <trkpt lat="43.121760" lon="-4.730900"/>
      <trkpt lat="43.121520" lon="-4.730790"/>
      <trkpt lat="43.121340" lon="-4.730680"/>
      <trkpt lat="43.121160" lon="-4.730570"/>
      <trkpt lat="43.120710" lon="-4.730190"/>
      <trkpt lat="43.120290" lon="-4.729830"/>
      <trkpt lat="43.119990" lon="-4.729590"/>
      <trkpt lat="43.119760" lon="-4.729440"/>
      <trkpt lat="43.119410" lon="-4.729260"/>
      <trkpt lat="43.119090" lon="-4.729150"/>
      <trkpt lat="43.118960" lon="-4.729100"/>
      <trkpt lat="43.118680" lon="-4.729060"/>
      <trkpt lat="43.118410" lon="-4.729030"/>
      <trkpt lat="43.118130" lon="-4.729050"/>
      <trkpt lat="43.117940" lon="-4.729070"/>
      <trkpt lat="43.117720" lon="-4.729110"/>
      <trkpt lat="43.117520" lon="-4.729160"/>
      <trkpt lat="43.117040" lon="-4.729300"/>
      <trkpt lat="43.116780" lon="-4.729350"/>
      <trkpt lat="43.116510" lon="-4.729380"/>
      <trkpt lat="43.116330" lon="-4.729370"/>
      <trkpt lat="43.116240" lon="-4.729380"/>
      <trkpt lat="43.115970" lon="-4.729340"/>
      <trkpt lat="43.115820" lon="-4.729320"/>
      <trkpt lat="43.115700" lon="-4.729290"/>
      <trkpt lat="43.115120" lon="-4.729160"/>
      <trkpt lat="43.114650" lon="-4.729060"/>
      <trkpt lat="43.114540" lon="-4.729030"/>
      <trkpt lat="43.114480" lon="-4.729010"/>
      <trkpt lat="43.114080" lon="-4.728850"/>
      <trkpt lat="43.113660" lon="-4.728680"/>
      <trkpt lat="43.113560" lon="-4.728640"/>
      <trkpt lat="43.113490" lon="-4.728610"/>
      <trkpt lat="43.113200" lon="-4.728460"/>
      <trkpt lat="43.113090" lon="-4.728400"/>
      <trkpt lat="43.112980" lon="-4.728340"/>
      <trkpt lat="43.112840" lon="-4.728270"/>
      <trkpt lat="43.112560" lon="-4.728130"/>
      <trkpt lat="43.112440" lon="-4.728130"/>
      <trkpt lat="43.112330" lon="-4.728140"/>
      <trkpt lat="43.112280" lon="-4.728150"/>
      <trkpt lat="43.112140" lon="-4.728190"/>
      <trkpt lat="43.111980" lon="-4.728250"/>
      <trkpt lat="43.111880" lon="-4.728280"/>
      <trkpt lat="43.111540" lon="-4.728380"/>
      <trkpt lat="43.111190" lon="-4.728590"/>
      <trkpt lat="43.110850" lon="-4.728920"/>
      <trkpt lat="43.110600" lon="-4.729210"/>
      <trkpt lat="43.110400" lon="-4.729440"/>
      <trkpt lat="43.110250" lon="-4.729610"/>
      <trkpt lat="43.110130" lon="-4.729730"/>
      <trkpt lat="43.109970" lon="-4.729960"/>
      <trkpt lat="43.109910" lon="-4.730080"/>
      <trkpt lat="43.109840" lon="-4.730230"/>
      <trkpt lat="43.109800" lon="-4.730440"/>
      <trkpt lat="43.109750" lon="-4.730820"/>
      <trkpt lat="43.109670" lon="-4.731880"/>
      <trkpt lat="43.109620" lon="-4.732490"/>
      <trkpt lat="43.109580" lon="-4.732990"/>
      <trkpt lat="43.109570" lon="-4.733330"/>
      <trkpt lat="43.109560" lon="-4.733750"/>
      <trkpt lat="43.109570" lon="-4.734830"/>
      <trkpt lat="43.109580" lon="-4.735480"/>
      <trkpt lat="43.109600" lon="-4.735770"/>
      <trkpt lat="43.109680" lon="-4.735980"/>
      <trkpt lat="43.109800" lon="-4.736150"/>
      <trkpt lat="43.110000" lon="-4.736360"/>
      <trkpt lat="43.110210" lon="-4.736550"/>
      <trkpt lat="43.110260" lon="-4.736610"/>
      <trkpt lat="43.110340" lon="-4.736740"/>
      <trkpt lat="43.110380" lon="-4.736820"/>
      <trkpt lat="43.110420" lon="-4.736930"/>
      <trkpt lat="43.110440" lon="-4.737040"/>
      <trkpt lat="43.110460" lon="-4.737410"/>
      <trkpt lat="43.110500" lon="-4.738030"/>
      <trkpt lat="43.110500" lon="-4.738580"/>
      <trkpt lat="43.110480" lon="-4.738940"/>
      <trkpt lat="43.110410" lon="-4.739300"/>
      <trkpt lat="43.110200" lon="-4.739800"/>
      <trkpt lat="43.110160" lon="-4.739960"/>
      <trkpt lat="43.110090" lon="-4.740520"/>
      <trkpt lat="43.110060" lon="-4.741080"/>
      <trkpt lat="43.110060" lon="-4.741560"/>
      <trkpt lat="43.110090" lon="-4.741720"/>
      <trkpt lat="43.110190" lon="-4.742080"/>
      <trkpt lat="43.110490" lon="-4.742720"/>
      <trkpt lat="43.110650" lon="-4.743020"/>
      <trkpt lat="43.110710" lon="-4.743190"/>
      <trkpt lat="43.110840" lon="-4.743720"/>
      <trkpt lat="43.111110" lon="-4.744970"/>
      <trkpt lat="43.111290" lon="-4.745680"/>
      <trkpt lat="43.111360" lon="-4.745840"/>
      <trkpt lat="43.111530" lon="-4.746120"/>
      <trkpt lat="43.111830" lon="-4.746520"/>
      <trkpt lat="43.111900" lon="-4.746670"/>
      <trkpt lat="43.111960" lon="-4.746840"/>
      <trkpt lat="43.112030" lon="-4.747200"/>
      <trkpt lat="43.112040" lon="-4.747570"/>
      <trkpt lat="43.112030" lon="-4.747760"/>
      <trkpt lat="43.111990" lon="-4.747930"/>
      <trkpt lat="43.111960" lon="-4.748010"/>
      <trkpt lat="43.111890" lon="-4.748120"/>
      <trkpt lat="43.111800" lon="-4.748250"/>
      <trkpt lat="43.111690" lon="-4.748380"/>
      <trkpt lat="43.111470" lon="-4.748590"/>
      <trkpt lat="43.111270" lon="-4.748840"/>
      <trkpt lat="43.111180" lon="-4.749000"/>
      <trkpt lat="43.111110" lon="-4.749160"/>
      <trkpt lat="43.111060" lon="-4.749390"/>
      <trkpt lat="43.111030" lon="-4.749740"/>
      <trkpt lat="43.111050" lon="-4.749940"/>
      <trkpt lat="43.111080" lon="-4.750110"/>
      <trkpt lat="43.111180" lon="-4.750450"/>
      <trkpt lat="43.111460" lon="-4.751100"/>
      <trkpt lat="43.111550" lon="-4.751450"/>
      <trkpt lat="43.111640" lon="-4.752000"/>
      <trkpt lat="43.111800" lon="-4.753490"/>
      <trkpt lat="43.111820" lon="-4.754050"/>
      <trkpt lat="43.111790" lon="-4.754230"/>
      <trkpt lat="43.111750" lon="-4.754400"/>
      <trkpt lat="43.111360" lon="-4.755170"/>
      <trkpt lat="43.111270" lon="-4.755310"/>
      <trkpt lat="43.111170" lon="-4.755480"/>
      <trkpt lat="43.111110" lon="-4.755610"/>
      <trkpt lat="43.111060" lon="-4.755780"/>
      <trkpt lat="43.111050" lon="-4.755930"/>
      <trkpt lat="43.111050" lon="-4.756110"/>
      <trkpt lat="43.111100" lon="-4.756310"/>
      <trkpt lat="43.111160" lon="-4.756460"/>
      <trkpt lat="43.111260" lon="-4.756630"/>
      <trkpt lat="43.111400" lon="-4.756920"/>
      <trkpt lat="43.111450" lon="-4.757150"/>
      <trkpt lat="43.111450" lon="-4.757420"/>
      <trkpt lat="43.111320" lon="-4.757950"/>
      <trkpt lat="43.111310" lon="-4.758150"/>
      <trkpt lat="43.111340" lon="-4.758360"/>
      <trkpt lat="43.111400" lon="-4.758530"/>
      <trkpt lat="43.111480" lon="-4.758660"/>
      <trkpt lat="43.111610" lon="-4.758760"/>
      <trkpt lat="43.112060" lon="-4.758980"/>
      <trkpt lat="43.112190" lon="-4.759110"/>
      <trkpt lat="43.112290" lon="-4.759280"/>
      <trkpt lat="43.112360" lon="-4.759520"/>
      <trkpt lat="43.112360" lon="-4.759760"/>
      <trkpt lat="43.112330" lon="-4.760160"/>
      <trkpt lat="43.112310" lon="-4.760620"/>
      <trkpt lat="43.112340" lon="-4.760850"/>
      <trkpt lat="43.112430" lon="-4.761200"/>
      <trkpt lat="43.112540" lon="-4.761500"/>
      <trkpt lat="43.112580" lon="-4.761620"/>
      <trkpt lat="43.112600" lon="-4.761780"/>
      <trkpt lat="43.112610" lon="-4.762120"/>
      <trkpt lat="43.112600" lon="-4.762520"/>
      <trkpt lat="43.112640" lon="-4.762990"/>
      <trkpt lat="43.112720" lon="-4.763430"/>
      <trkpt lat="43.112870" lon="-4.763830"/>
      <trkpt lat="43.113160" lon="-4.764380"/>
      <trkpt lat="43.113400" lon="-4.764800"/>
      <trkpt lat="43.113660" lon="-4.765250"/>
      <trkpt lat="43.113850" lon="-4.765590"/>
      <trkpt lat="43.114040" lon="-4.765980"/>
      <trkpt lat="43.114160" lon="-4.766390"/>
      <trkpt lat="43.114220" lon="-4.766780"/>
      <trkpt lat="43.114240" lon="-4.767120"/>
      <trkpt lat="43.114240" lon="-4.767490"/>
      <trkpt lat="43.114230" lon="-4.767760"/>
      <trkpt lat="43.114220" lon="-4.767900"/>
      <trkpt lat="43.114210" lon="-4.768040"/>
      <trkpt lat="43.114200" lon="-4.768270"/>
      <trkpt lat="43.114190" lon="-4.768860"/>
      <trkpt lat="43.114220" lon="-4.769170"/>
      <trkpt lat="43.114290" lon="-4.769440"/>
      <trkpt lat="43.114310" lon="-4.769600"/>
      <trkpt lat="43.114320" lon="-4.769770"/>
      <trkpt lat="43.114290" lon="-4.770120"/>
      <trkpt lat="43.114270" lon="-4.770440"/>
      <trkpt lat="43.114240" lon="-4.770900"/>
      <trkpt lat="43.114240" lon="-4.771130"/>
      <trkpt lat="43.114280" lon="-4.771350"/>
      <trkpt lat="43.114500" lon="-4.771970"/>
      <trkpt lat="43.114690" lon="-4.772310"/>
      <trkpt lat="43.114930" lon="-4.772660"/>
      <trkpt lat="43.115110" lon="-4.772880"/>
      <trkpt lat="43.115390" lon="-4.773200"/>
      <trkpt lat="43.115730" lon="-4.773530"/>
      <trkpt lat="43.116090" lon="-4.773840"/>
      <trkpt lat="43.116380" lon="-4.774030"/>
      <trkpt lat="43.116610" lon="-4.774240"/>
      <trkpt lat="43.116700" lon="-4.774370"/>
      <trkpt lat="43.116830" lon="-4.774700"/>
      <trkpt lat="43.116930" lon="-4.775230"/>
      <trkpt lat="43.117050" lon="-4.775590"/>
      <trkpt lat="43.117120" lon="-4.775730"/>
      <trkpt lat="43.117220" lon="-4.775870"/>
      <trkpt lat="43.117330" lon="-4.775980"/>
      <trkpt lat="43.117450" lon="-4.776070"/>
      <trkpt lat="43.117710" lon="-4.776170"/>
      <trkpt lat="43.117930" lon="-4.776250"/>
      <trkpt lat="43.118080" lon="-4.776360"/>
      <trkpt lat="43.118200" lon="-4.776480"/>
      <trkpt lat="43.118430" lon="-4.776800"/>
      <trkpt lat="43.118570" lon="-4.776970"/>
      <trkpt lat="43.118720" lon="-4.777100"/>
      <trkpt lat="43.118840" lon="-4.777140"/>
      <trkpt lat="43.119000" lon="-4.777190"/>
      <trkpt lat="43.119240" lon="-4.777250"/>
      <trkpt lat="43.119380" lon="-4.777340"/>
      <trkpt lat="43.119500" lon="-4.777420"/>
      <trkpt lat="43.119710" lon="-4.777660"/>
      <trkpt lat="43.119860" lon="-4.777970"/>
      <trkpt lat="43.119950" lon="-4.778120"/>
      <trkpt lat="43.120060" lon="-4.778230"/>
      <trkpt lat="43.120360" lon="-4.778430"/>
      <trkpt lat="43.120590" lon="-4.778580"/>
      <trkpt lat="43.120710" lon="-4.778730"/>
      <trkpt lat="43.120850" lon="-4.778950"/>
      <trkpt lat="43.120920" lon="-4.779150"/>
      <trkpt lat="43.121020" lon="-4.779460"/>
      <trkpt lat="43.121140" lon="-4.779740"/>
      <trkpt lat="43.121160" lon="-4.779790"/>
      <trkpt lat="43.121240" lon="-4.779940"/>
      <trkpt lat="43.121340" lon="-4.780070"/>
      <trkpt lat="43.121550" lon="-4.780290"/>
      <trkpt lat="43.122180" lon="-4.780850"/>
      <trkpt lat="43.122340" lon="-4.780960"/>
      <trkpt lat="43.122570" lon="-4.781050"/>
      <trkpt lat="43.123110" lon="-4.781250"/>
      <trkpt lat="43.123230" lon="-4.781300"/>
      <trkpt lat="43.123460" lon="-4.781440"/>
      <trkpt lat="43.123630" lon="-4.781610"/>
      <trkpt lat="43.123800" lon="-4.781780"/>
      <trkpt lat="43.124020" lon="-4.782020"/>
      <trkpt lat="43.124250" lon="-4.782230"/>
      <trkpt lat="43.124690" lon="-4.782520"/>
      <trkpt lat="43.124800" lon="-4.782600"/>
      <trkpt lat="43.125070" lon="-4.782780"/>
      <trkpt lat="43.125790" lon="-4.783250"/>
      <trkpt lat="43.125860" lon="-4.783290"/>
      <trkpt lat="43.126020" lon="-4.783400"/>
      <trkpt lat="43.126220" lon="-4.783590"/>
      <trkpt lat="43.126360" lon="-4.783740"/>
      <trkpt lat="43.126490" lon="-4.783940"/>
      <trkpt lat="43.126720" lon="-4.784270"/>
      <trkpt lat="43.127060" lon="-4.784850"/>
      <trkpt lat="43.127180" lon="-4.785100"/>
      <trkpt lat="43.127270" lon="-4.785270"/>
      <trkpt lat="43.127420" lon="-4.785580"/>
      <trkpt lat="43.127480" lon="-4.785690"/>
      <trkpt lat="43.127560" lon="-4.785860"/>
      <trkpt lat="43.127590" lon="-4.785930"/>
      <trkpt lat="43.127630" lon="-4.785980"/>
      <trkpt lat="43.127700" lon="-4.786050"/>
      <trkpt lat="43.127750" lon="-4.786090"/>
      <trkpt lat="43.127790" lon="-4.786120"/>
      <trkpt lat="43.127900" lon="-4.786180"/>
      <trkpt lat="43.127960" lon="-4.786220"/>
      <trkpt lat="43.128030" lon="-4.786270"/>
      <trkpt lat="43.128080" lon="-4.786310"/>
      <trkpt lat="43.128140" lon="-4.786370"/>
      <trkpt lat="43.128210" lon="-4.786510"/>
      <trkpt lat="43.128230" lon="-4.786560"/>
      <trkpt lat="43.128280" lon="-4.786740"/>
      <trkpt lat="43.128310" lon="-4.786910"/>
      <trkpt lat="43.128370" lon="-4.787170"/>
      <trkpt lat="43.128420" lon="-4.787340"/>
      <trkpt lat="43.128450" lon="-4.787450"/>
      <trkpt lat="43.128490" lon="-4.787580"/>
      <trkpt lat="43.128560" lon="-4.787790"/>
      <trkpt lat="43.128710" lon="-4.788270"/>
      <trkpt lat="43.128720" lon="-4.788350"/>
      <trkpt lat="43.128800" lon="-4.788730"/>
      <trkpt lat="43.128890" lon="-4.789180"/>
      <trkpt lat="43.128930" lon="-4.789500"/>
      <trkpt lat="43.128950" lon="-4.789760"/>
      <trkpt lat="43.128950" lon="-4.790100"/>
      <trkpt lat="43.128920" lon="-4.790750"/>
      <trkpt lat="43.128880" lon="-4.791120"/>
      <trkpt lat="43.128840" lon="-4.791630"/>
      <trkpt lat="43.128790" lon="-4.792130"/>
      <trkpt lat="43.128750" lon="-4.792670"/>
      <trkpt lat="43.128710" lon="-4.793090"/>
      <trkpt lat="43.128700" lon="-4.793290"/>
      <trkpt lat="43.128710" lon="-4.793480"/>
      <trkpt lat="43.128750" lon="-4.793670"/>
      <trkpt lat="43.128810" lon="-4.793830"/>
      <trkpt lat="43.128940" lon="-4.794090"/>
      <trkpt lat="43.129330" lon="-4.794930"/>
      <trkpt lat="43.129820" lon="-4.795690"/>
      <trkpt lat="43.129950" lon="-4.795890"/>
      <trkpt lat="43.130090" lon="-4.796280"/>
      <trkpt lat="43.130200" lon="-4.797040"/>
      <trkpt lat="43.130320" lon="-4.797710"/>
      <trkpt lat="43.130360" lon="-4.798050"/>
      <trkpt lat="43.130740" lon="-4.800030"/>
      <trkpt lat="43.130790" lon="-4.800370"/>
      <trkpt lat="43.130820" lon="-4.800710"/>
      <trkpt lat="43.130810" lon="-4.801050"/>
      <trkpt lat="43.130730" lon="-4.801380"/>
      <trkpt lat="43.130560" lon="-4.802030"/>
      <trkpt lat="43.130510" lon="-4.802360"/>
      <trkpt lat="43.130500" lon="-4.802680"/>
      <trkpt lat="43.130480" lon="-4.802880"/>
      <trkpt lat="43.130470" lon="-4.803390"/>
      <trkpt lat="43.130400" lon="-4.804370"/>
      <trkpt lat="43.130390" lon="-4.804680"/>
      <trkpt lat="43.130410" lon="-4.804990"/>
      <trkpt lat="43.130470" lon="-4.805360"/>
      <trkpt lat="43.130530" lon="-4.805730"/>
      <trkpt lat="43.130620" lon="-4.806020"/>
      <trkpt lat="43.130860" lon="-4.806640"/>
      <trkpt lat="43.130940" lon="-4.806830"/>
      <trkpt lat="43.131100" lon="-4.807270"/>
      <trkpt lat="43.131240" lon="-4.807530"/>
      <trkpt lat="43.131410" lon="-4.807800"/>
      <trkpt lat="43.131760" lon="-4.808240"/>
      <trkpt lat="43.132420" lon="-4.808730"/>
      <trkpt lat="43.132920" lon="-4.809180"/>
      <trkpt lat="43.133220" lon="-4.809480"/>
      <trkpt lat="43.133440" lon="-4.809690"/>
      <trkpt lat="43.133770" lon="-4.809970"/>
      <trkpt lat="43.134470" lon="-4.810620"/>
      <trkpt lat="43.134680" lon="-4.810850"/>
      <trkpt lat="43.134940" lon="-4.811060"/>
      <trkpt lat="43.135100" lon="-4.811090"/>
      <trkpt lat="43.135220" lon="-4.811070"/>
      <trkpt lat="43.135340" lon="-4.811030"/>
      <trkpt lat="43.135600" lon="-4.810850"/>
      <trkpt lat="43.135790" lon="-4.810710"/>
      <trkpt lat="43.135980" lon="-4.810600"/>
      <trkpt lat="43.136040" lon="-4.810580"/>
      <trkpt lat="43.136110" lon="-4.810580"/>
      <trkpt lat="43.136230" lon="-4.810590"/>
      <trkpt lat="43.136480" lon="-4.810650"/>
      <trkpt lat="43.136720" lon="-4.810690"/>
      <trkpt lat="43.137460" lon="-4.810870"/>
      <trkpt lat="43.137730" lon="-4.810930"/>
      <trkpt lat="43.137840" lon="-4.810930"/>
      <trkpt lat="43.137940" lon="-4.810890"/>
      <trkpt lat="43.138110" lon="-4.810770"/>
      <trkpt lat="43.138300" lon="-4.810530"/>
      <trkpt lat="43.138560" lon="-4.810210"/>
      <trkpt lat="43.138690" lon="-4.810070"/>
      <trkpt lat="43.138880" lon="-4.809870"/>
      <trkpt lat="43.139080" lon="-4.809720"/>
      <trkpt lat="43.139380" lon="-4.809630"/>
      <trkpt lat="43.139600" lon="-4.809570"/>
      <trkpt lat="43.139890" lon="-4.809530"/>
      <trkpt lat="43.140080" lon="-4.809510"/>
      <trkpt lat="43.140290" lon="-4.809580"/>
      <trkpt lat="43.140770" lon="-4.809830"/>
      <trkpt lat="43.141250" lon="-4.810030"/>
      <trkpt lat="43.141380" lon="-4.810060"/>
      <trkpt lat="43.141510" lon="-4.810070"/>
      <trkpt lat="43.141770" lon="-4.810050"/>
      <trkpt lat="43.142270" lon="-4.810010"/>
      <trkpt lat="43.142520" lon="-4.810060"/>
      <trkpt lat="43.142760" lon="-4.810150"/>
      <trkpt lat="43.143460" lon="-4.810510"/>
      <trkpt lat="43.143620" lon="-4.810590"/>
      <trkpt lat="43.143810" lon="-4.810690"/>
      <trkpt lat="43.143890" lon="-4.810730"/>
      <trkpt lat="43.144040" lon="-4.810830"/>
      <trkpt lat="43.144120" lon="-4.810940"/>
      <trkpt lat="43.144190" lon="-4.811080"/>
      <trkpt lat="43.144250" lon="-4.811270"/>
      <trkpt lat="43.144280" lon="-4.811510"/>
      <trkpt lat="43.144290" lon="-4.811600"/>
      <trkpt lat="43.144330" lon="-4.811860"/>
      <trkpt lat="43.144360" lon="-4.812060"/>
      <trkpt lat="43.144390" lon="-4.812370"/>
      <trkpt lat="43.144400" lon="-4.812530"/>
      <trkpt lat="43.144400" lon="-4.812610"/>
      <trkpt lat="43.144390" lon="-4.812710"/>
      <trkpt lat="43.144380" lon="-4.812820"/>
      <trkpt lat="43.144380" lon="-4.812850"/>
      <trkpt lat="43.144370" lon="-4.812880"/>
      <trkpt lat="43.144360" lon="-4.812910"/>
      <trkpt lat="43.144320" lon="-4.813130"/>
      <trkpt lat="43.144280" lon="-4.813250"/>
      <trkpt lat="43.144210" lon="-4.813340"/>
      <trkpt lat="43.144180" lon="-4.813370"/>
      <trkpt lat="43.144090" lon="-4.813440"/>
      <trkpt lat="43.143970" lon="-4.813450"/>
      <trkpt lat="43.143890" lon="-4.813430"/>
      <trkpt lat="43.143850" lon="-4.813410"/>
      <trkpt lat="43.143800" lon="-4.813370"/>
      <trkpt lat="43.143720" lon="-4.813260"/>
      <trkpt lat="43.143680" lon="-4.813180"/>
      <trkpt lat="43.143620" lon="-4.813040"/>
      <trkpt lat="43.143580" lon="-4.812930"/>
      <trkpt lat="43.143540" lon="-4.812850"/>
      <trkpt lat="43.143460" lon="-4.812770"/>
      <trkpt lat="43.143390" lon="-4.812720"/>
      <trkpt lat="43.143300" lon="-4.812670"/>
      <trkpt lat="43.143110" lon="-4.812610"/>
      <trkpt lat="43.143090" lon="-4.812600"/>
      <trkpt lat="43.143050" lon="-4.812590"/>
      <trkpt lat="43.142970" lon="-4.812580"/>
      <trkpt lat="43.142920" lon="-4.812560"/>
      <trkpt lat="43.142910" lon="-4.812500"/>
      <trkpt lat="43.142930" lon="-4.812440"/>
      <trkpt lat="43.142960" lon="-4.812420"/>
      <trkpt lat="43.142990" lon="-4.812420"/>
      <trkpt lat="43.143020" lon="-4.812440"/>
      <trkpt lat="43.143060" lon="-4.812470"/>
      <trkpt lat="43.143100" lon="-4.812520"/>
      <trkpt lat="43.143110" lon="-4.812540"/>
      <trkpt lat="43.143420" lon="-4.812640"/>
      <trkpt lat="43.143550" lon="-4.812760"/>
      <trkpt lat="43.143650" lon="-4.812900"/>
      <trkpt lat="43.143730" lon="-4.813130"/>
      <trkpt lat="43.143800" lon="-4.813240"/>
      <trkpt lat="43.143850" lon="-4.813300"/>
      <trkpt lat="43.143890" lon="-4.813320"/>
      <trkpt lat="43.143960" lon="-4.813350"/>
      <trkpt lat="43.144030" lon="-4.813340"/>
      <trkpt lat="43.144070" lon="-4.813330"/>
      <trkpt lat="43.144170" lon="-4.813270"/>
      <trkpt lat="43.144220" lon="-4.813200"/>
      <trkpt lat="43.144250" lon="-4.813110"/>
      <trkpt lat="43.144270" lon="-4.813000"/>
      <trkpt lat="43.144270" lon="-4.812920"/>
      <trkpt lat="43.144260" lon="-4.812890"/>
      <trkpt lat="43.144250" lon="-4.812860"/>
      <trkpt lat="43.144250" lon="-4.812830"/>
      <trkpt lat="43.144260" lon="-4.812790"/>
      <trkpt lat="43.144270" lon="-4.812770"/>
      <trkpt lat="43.144300" lon="-4.812750"/>
      <trkpt lat="43.144320" lon="-4.812750"/>
      <trkpt lat="43.144340" lon="-4.812760"/>
      <trkpt lat="43.144400" lon="-4.812610"/>
      <trkpt lat="43.144400" lon="-4.812530"/>
      <trkpt lat="43.144390" lon="-4.812370"/>
      <trkpt lat="43.144360" lon="-4.812060"/>
      <trkpt lat="43.144330" lon="-4.811860"/>
      <trkpt lat="43.144290" lon="-4.811600"/>
      <trkpt lat="43.144280" lon="-4.811510"/>
      <trkpt lat="43.144250" lon="-4.811270"/>
      <trkpt lat="43.144190" lon="-4.811080"/>
      <trkpt lat="43.144120" lon="-4.810940"/>
      <trkpt lat="43.144040" lon="-4.810830"/>
      <trkpt lat="43.143890" lon="-4.810730"/>
      <trkpt lat="43.143810" lon="-4.810690"/>
      <trkpt lat="43.143620" lon="-4.810590"/>
      <trkpt lat="43.143460" lon="-4.810510"/>
      <trkpt lat="43.142760" lon="-4.810150"/>
      <trkpt lat="43.142520" lon="-4.810060"/>
      <trkpt lat="43.142270" lon="-4.810010"/>
      <trkpt lat="43.141770" lon="-4.810050"/>
      <trkpt lat="43.141510" lon="-4.810070"/>
      <trkpt lat="43.141380" lon="-4.810060"/>
      <trkpt lat="43.141250" lon="-4.810030"/>
      <trkpt lat="43.140770" lon="-4.809830"/>
      <trkpt lat="43.140290" lon="-4.809580"/>
      <trkpt lat="43.140080" lon="-4.809510"/>
      <trkpt lat="43.139890" lon="-4.809530"/>
      <trkpt lat="43.139600" lon="-4.809570"/>
      <trkpt lat="43.139380" lon="-4.809630"/>
      <trkpt lat="43.139080" lon="-4.809720"/>
      <trkpt lat="43.138880" lon="-4.809870"/>
      <trkpt lat="43.138690" lon="-4.810070"/>
      <trkpt lat="43.138560" lon="-4.810210"/>
      <trkpt lat="43.138300" lon="-4.810530"/>
      <trkpt lat="43.138110" lon="-4.810770"/>
      <trkpt lat="43.137940" lon="-4.810890"/>
      <trkpt lat="43.137840" lon="-4.810930"/>
      <trkpt lat="43.137730" lon="-4.810930"/>
      <trkpt lat="43.137460" lon="-4.810870"/>
      <trkpt lat="43.136720" lon="-4.810690"/>
      <trkpt lat="43.136480" lon="-4.810650"/>
      <trkpt lat="43.136230" lon="-4.810590"/>
      <trkpt lat="43.136110" lon="-4.810580"/>
      <trkpt lat="43.136040" lon="-4.810580"/>
      <trkpt lat="43.135980" lon="-4.810600"/>
      <trkpt lat="43.135790" lon="-4.810710"/>
      <trkpt lat="43.135600" lon="-4.810850"/>
      <trkpt lat="43.135340" lon="-4.811030"/>
      <trkpt lat="43.135220" lon="-4.811070"/>
      <trkpt lat="43.135100" lon="-4.811090"/>
      <trkpt lat="43.134940" lon="-4.811060"/>
      <trkpt lat="43.134680" lon="-4.810850"/>
      <trkpt lat="43.134470" lon="-4.810620"/>
      <trkpt lat="43.133770" lon="-4.809970"/>
      <trkpt lat="43.133440" lon="-4.809690"/>
      <trkpt lat="43.133220" lon="-4.809480"/>
      <trkpt lat="43.132920" lon="-4.809180"/>
      <trkpt lat="43.132420" lon="-4.808730"/>
      <trkpt lat="43.131760" lon="-4.808240"/>
      <trkpt lat="43.131410" lon="-4.807800"/>
      <trkpt lat="43.131240" lon="-4.807530"/>
      <trkpt lat="43.131100" lon="-4.807270"/>
      <trkpt lat="43.130940" lon="-4.806830"/>
      <trkpt lat="43.130860" lon="-4.806640"/>
      <trkpt lat="43.130620" lon="-4.806020"/>
      <trkpt lat="43.130530" lon="-4.805730"/>
      <trkpt lat="43.130470" lon="-4.805360"/>
      <trkpt lat="43.130410" lon="-4.804990"/>
      <trkpt lat="43.130390" lon="-4.804680"/>
      <trkpt lat="43.130400" lon="-4.804370"/>
      <trkpt lat="43.130470" lon="-4.803390"/>
      <trkpt lat="43.130480" lon="-4.802880"/>
      <trkpt lat="43.130500" lon="-4.802680"/>
      <trkpt lat="43.130510" lon="-4.802360"/>
      <trkpt lat="43.130560" lon="-4.802030"/>
      <trkpt lat="43.130730" lon="-4.801380"/>
      <trkpt lat="43.130810" lon="-4.801050"/>
      <trkpt lat="43.130820" lon="-4.800710"/>
      <trkpt lat="43.130790" lon="-4.800370"/>
      <trkpt lat="43.130740" lon="-4.800030"/>
      <trkpt lat="43.130360" lon="-4.798050"/>
      <trkpt lat="43.130320" lon="-4.797710"/>
      <trkpt lat="43.130200" lon="-4.797040"/>
      <trkpt lat="43.130090" lon="-4.796280"/>
      <trkpt lat="43.129950" lon="-4.795890"/>
      <trkpt lat="43.129820" lon="-4.795690"/>
      <trkpt lat="43.129330" lon="-4.794930"/>
      <trkpt lat="43.128940" lon="-4.794090"/>
      <trkpt lat="43.128810" lon="-4.793830"/>
      <trkpt lat="43.128750" lon="-4.793670"/>
      <trkpt lat="43.128710" lon="-4.793480"/>
      <trkpt lat="43.128700" lon="-4.793290"/>
      <trkpt lat="43.128710" lon="-4.793090"/>
      <trkpt lat="43.128750" lon="-4.792670"/>
      <trkpt lat="43.128790" lon="-4.792130"/>
      <trkpt lat="43.128840" lon="-4.791630"/>
      <trkpt lat="43.128880" lon="-4.791120"/>
      <trkpt lat="43.128920" lon="-4.790750"/>
      <trkpt lat="43.128950" lon="-4.790100"/>
      <trkpt lat="43.128950" lon="-4.789760"/>
      <trkpt lat="43.128930" lon="-4.789500"/>
      <trkpt lat="43.128890" lon="-4.789180"/>
      <trkpt lat="43.128800" lon="-4.788730"/>
      <trkpt lat="43.128720" lon="-4.788350"/>
      <trkpt lat="43.128710" lon="-4.788270"/>
      <trkpt lat="43.128560" lon="-4.787790"/>
      <trkpt lat="43.128490" lon="-4.787580"/>
      <trkpt lat="43.128450" lon="-4.787450"/>
      <trkpt lat="43.128420" lon="-4.787340"/>
      <trkpt lat="43.128370" lon="-4.787170"/>
      <trkpt lat="43.128310" lon="-4.786910"/>
      <trkpt lat="43.128280" lon="-4.786740"/>
      <trkpt lat="43.128230" lon="-4.786560"/>
      <trkpt lat="43.128210" lon="-4.786510"/>
      <trkpt lat="43.128140" lon="-4.786370"/>
      <trkpt lat="43.128080" lon="-4.786310"/>
      <trkpt lat="43.128030" lon="-4.786270"/>
      <trkpt lat="43.127960" lon="-4.786220"/>
      <trkpt lat="43.127900" lon="-4.786180"/>
      <trkpt lat="43.127790" lon="-4.786120"/>
      <trkpt lat="43.127750" lon="-4.786090"/>
      <trkpt lat="43.127700" lon="-4.786050"/>
      <trkpt lat="43.127630" lon="-4.785980"/>
      <trkpt lat="43.127590" lon="-4.785930"/>
      <trkpt lat="43.127560" lon="-4.785860"/>
      <trkpt lat="43.127480" lon="-4.785690"/>
      <trkpt lat="43.127420" lon="-4.785580"/>
      <trkpt lat="43.127270" lon="-4.785270"/>
      <trkpt lat="43.127180" lon="-4.785100"/>
      <trkpt lat="43.127060" lon="-4.784850"/>
      <trkpt lat="43.126720" lon="-4.784270"/>
      <trkpt lat="43.126490" lon="-4.783940"/>
      <trkpt lat="43.126360" lon="-4.783740"/>
      <trkpt lat="43.126220" lon="-4.783590"/>
      <trkpt lat="43.126020" lon="-4.783400"/>
      <trkpt lat="43.125860" lon="-4.783290"/>
      <trkpt lat="43.125790" lon="-4.783250"/>
      <trkpt lat="43.125070" lon="-4.782780"/>
      <trkpt lat="43.124800" lon="-4.782600"/>
      <trkpt lat="43.124690" lon="-4.782520"/>
      <trkpt lat="43.124250" lon="-4.782230"/>
      <trkpt lat="43.124020" lon="-4.782020"/>
      <trkpt lat="43.123800" lon="-4.781780"/>
      <trkpt lat="43.123630" lon="-4.781610"/>
      <trkpt lat="43.123460" lon="-4.781440"/>
      <trkpt lat="43.123230" lon="-4.781300"/>
      <trkpt lat="43.123110" lon="-4.781250"/>
      <trkpt lat="43.122570" lon="-4.781050"/>
      <trkpt lat="43.122340" lon="-4.780960"/>
      <trkpt lat="43.122180" lon="-4.780850"/>
      <trkpt lat="43.121550" lon="-4.780290"/>
      <trkpt lat="43.121340" lon="-4.780070"/>
      <trkpt lat="43.121240" lon="-4.779940"/>
      <trkpt lat="43.121160" lon="-4.779790"/>
      <trkpt lat="43.121140" lon="-4.779740"/>
      <trkpt lat="43.121020" lon="-4.779460"/>
      <trkpt lat="43.120920" lon="-4.779150"/>
      <trkpt lat="43.120850" lon="-4.778950"/>
      <trkpt lat="43.120710" lon="-4.778730"/>
      <trkpt lat="43.120590" lon="-4.778580"/>
      <trkpt lat="43.120360" lon="-4.778430"/>
      <trkpt lat="43.120060" lon="-4.778230"/>
      <trkpt lat="43.119950" lon="-4.778120"/>
      <trkpt lat="43.119860" lon="-4.777970"/>
      <trkpt lat="43.119710" lon="-4.777660"/>
      <trkpt lat="43.119500" lon="-4.777420"/>
      <trkpt lat="43.119380" lon="-4.777340"/>
      <trkpt lat="43.119240" lon="-4.777250"/>
      <trkpt lat="43.119000" lon="-4.777190"/>
      <trkpt lat="43.118840" lon="-4.777140"/>
      <trkpt lat="43.118720" lon="-4.777100"/>
      <trkpt lat="43.118570" lon="-4.776970"/>
      <trkpt lat="43.118430" lon="-4.776800"/>
      <trkpt lat="43.118200" lon="-4.776480"/>
      <trkpt lat="43.118080" lon="-4.776360"/>
      <trkpt lat="43.117930" lon="-4.776250"/>
      <trkpt lat="43.117710" lon="-4.776170"/>
      <trkpt lat="43.117450" lon="-4.776070"/>
      <trkpt lat="43.117330" lon="-4.775980"/>
      <trkpt lat="43.117220" lon="-4.775870"/>
      <trkpt lat="43.117120" lon="-4.775730"/>
      <trkpt lat="43.117050" lon="-4.775590"/>
      <trkpt lat="43.116930" lon="-4.775230"/>
      <trkpt lat="43.116830" lon="-4.774700"/>
      <trkpt lat="43.116700" lon="-4.774370"/>
      <trkpt lat="43.116610" lon="-4.774240"/>
      <trkpt lat="43.116380" lon="-4.774030"/>
      <trkpt lat="43.116090" lon="-4.773840"/>
      <trkpt lat="43.115730" lon="-4.773530"/>
      <trkpt lat="43.115390" lon="-4.773200"/>
      <trkpt lat="43.115110" lon="-4.772880"/>
      <trkpt lat="43.114930" lon="-4.772660"/>
      <trkpt lat="43.114690" lon="-4.772310"/>
      <trkpt lat="43.114500" lon="-4.771970"/>
      <trkpt lat="43.114280" lon="-4.771350"/>
      <trkpt lat="43.114240" lon="-4.771130"/>
      <trkpt lat="43.114240" lon="-4.770900"/>
      <trkpt lat="43.114270" lon="-4.770440"/>
      <trkpt lat="43.114290" lon="-4.770120"/>
      <trkpt lat="43.114320" lon="-4.769770"/>
      <trkpt lat="43.114310" lon="-4.769600"/>
      <trkpt lat="43.114290" lon="-4.769440"/>
      <trkpt lat="43.114220" lon="-4.769170"/>
      <trkpt lat="43.114190" lon="-4.768860"/>
      <trkpt lat="43.114200" lon="-4.768270"/>
      <trkpt lat="43.114210" lon="-4.768040"/>
      <trkpt lat="43.114220" lon="-4.767900"/>
      <trkpt lat="43.114230" lon="-4.767760"/>
      <trkpt lat="43.114240" lon="-4.767490"/>
      <trkpt lat="43.114240" lon="-4.767120"/>
      <trkpt lat="43.114220" lon="-4.766780"/>
      <trkpt lat="43.114160" lon="-4.766390"/>
      <trkpt lat="43.114040" lon="-4.765980"/>
      <trkpt lat="43.113850" lon="-4.765590"/>
      <trkpt lat="43.113660" lon="-4.765250"/>
      <trkpt lat="43.113400" lon="-4.764800"/>
      <trkpt lat="43.113160" lon="-4.764380"/>
      <trkpt lat="43.112870" lon="-4.763830"/>
      <trkpt lat="43.112720" lon="-4.763430"/>
      <trkpt lat="43.112640" lon="-4.762990"/>
      <trkpt lat="43.112600" lon="-4.762520"/>
      <trkpt lat="43.112610" lon="-4.762120"/>
      <trkpt lat="43.112600" lon="-4.761780"/>
      <trkpt lat="43.112580" lon="-4.761620"/>
      <trkpt lat="43.112540" lon="-4.761500"/>
      <trkpt lat="43.112430" lon="-4.761200"/>
      <trkpt lat="43.112340" lon="-4.760850"/>
      <trkpt lat="43.112310" lon="-4.760620"/>
      <trkpt lat="43.112330" lon="-4.760160"/>
      <trkpt lat="43.112360" lon="-4.759760"/>
      <trkpt lat="43.112360" lon="-4.759520"/>
      <trkpt lat="43.112290" lon="-4.759280"/>
      <trkpt lat="43.112190" lon="-4.759110"/>
      <trkpt lat="43.112060" lon="-4.758980"/>
      <trkpt lat="43.111610" lon="-4.758760"/>
      <trkpt lat="43.111480" lon="-4.758660"/>
      <trkpt lat="43.111400" lon="-4.758530"/>
      <trkpt lat="43.111340" lon="-4.758360"/>
      <trkpt lat="43.111310" lon="-4.758150"/>
      <trkpt lat="43.111320" lon="-4.757950"/>
      <trkpt lat="43.111450" lon="-4.757420"/>
      <trkpt lat="43.111450" lon="-4.757150"/>
      <trkpt lat="43.111400" lon="-4.756920"/>
      <trkpt lat="43.111260" lon="-4.756630"/>
      <trkpt lat="43.111160" lon="-4.756460"/>
      <trkpt lat="43.111100" lon="-4.756310"/>
      <trkpt lat="43.111050" lon="-4.756110"/>
      <trkpt lat="43.111050" lon="-4.755930"/>
      <trkpt lat="43.111060" lon="-4.755780"/>
      <trkpt lat="43.111110" lon="-4.755610"/>
      <trkpt lat="43.111170" lon="-4.755480"/>
      <trkpt lat="43.111270" lon="-4.755310"/>
      <trkpt lat="43.111360" lon="-4.755170"/>
      <trkpt lat="43.111750" lon="-4.754400"/>
      <trkpt lat="43.111790" lon="-4.754230"/>
      <trkpt lat="43.111820" lon="-4.754050"/>
      <trkpt lat="43.111800" lon="-4.753490"/>
      <trkpt lat="43.111640" lon="-4.752000"/>
      <trkpt lat="43.111550" lon="-4.751450"/>
      <trkpt lat="43.111460" lon="-4.751100"/>
      <trkpt lat="43.111180" lon="-4.750450"/>
      <trkpt lat="43.111080" lon="-4.750110"/>
      <trkpt lat="43.111050" lon="-4.749940"/>
      <trkpt lat="43.111030" lon="-4.749740"/>
      <trkpt lat="43.111060" lon="-4.749390"/>
      <trkpt lat="43.111110" lon="-4.749160"/>
      <trkpt lat="43.111180" lon="-4.749000"/>
      <trkpt lat="43.111270" lon="-4.748840"/>
      <trkpt lat="43.111470" lon="-4.748590"/>
      <trkpt lat="43.111690" lon="-4.748380"/>
      <trkpt lat="43.111800" lon="-4.748250"/>
      <trkpt lat="43.111890" lon="-4.748120"/>
      <trkpt lat="43.111960" lon="-4.748010"/>
      <trkpt lat="43.111990" lon="-4.747930"/>
      <trkpt lat="43.112030" lon="-4.747760"/>
      <trkpt lat="43.112040" lon="-4.747570"/>
      <trkpt lat="43.112030" lon="-4.747200"/>
      <trkpt lat="43.111960" lon="-4.746840"/>
      <trkpt lat="43.111900" lon="-4.746670"/>
      <trkpt lat="43.111830" lon="-4.746520"/>
      <trkpt lat="43.111530" lon="-4.746120"/>
      <trkpt lat="43.111360" lon="-4.745840"/>
      <trkpt lat="43.111290" lon="-4.745680"/>
      <trkpt lat="43.111110" lon="-4.744970"/>
      <trkpt lat="43.110840" lon="-4.743720"/>
      <trkpt lat="43.110710" lon="-4.743190"/>
      <trkpt lat="43.110650" lon="-4.743020"/>
      <trkpt lat="43.110490" lon="-4.742720"/>
      <trkpt lat="43.110190" lon="-4.742080"/>
      <trkpt lat="43.110090" lon="-4.741720"/>
      <trkpt lat="43.110060" lon="-4.741560"/>
      <trkpt lat="43.110060" lon="-4.741080"/>
      <trkpt lat="43.110090" lon="-4.740520"/>
      <trkpt lat="43.110160" lon="-4.739960"/>
      <trkpt lat="43.110200" lon="-4.739800"/>
      <trkpt lat="43.110410" lon="-4.739300"/>
      <trkpt lat="43.110480" lon="-4.738940"/>
      <trkpt lat="43.110500" lon="-4.738580"/>
      <trkpt lat="43.110500" lon="-4.738030"/>
      <trkpt lat="43.110460" lon="-4.737410"/>
      <trkpt lat="43.110440" lon="-4.737040"/>
      <trkpt lat="43.110420" lon="-4.736930"/>
      <trkpt lat="43.110380" lon="-4.736820"/>
      <trkpt lat="43.110340" lon="-4.736740"/>
      <trkpt lat="43.110260" lon="-4.736610"/>
      <trkpt lat="43.110210" lon="-4.736550"/>
      <trkpt lat="43.110000" lon="-4.736360"/>
      <trkpt lat="43.109800" lon="-4.736150"/>
      <trkpt lat="43.109680" lon="-4.735980"/>
      <trkpt lat="43.109600" lon="-4.735770"/>
      <trkpt lat="43.109580" lon="-4.735480"/>
      <trkpt lat="43.109570" lon="-4.734830"/>
      <trkpt lat="43.109560" lon="-4.733750"/>
      <trkpt lat="43.109570" lon="-4.733330"/>
      <trkpt lat="43.109580" lon="-4.732990"/>
      <trkpt lat="43.109620" lon="-4.732490"/>
      <trkpt lat="43.109670" lon="-4.731880"/>
      <trkpt lat="43.109750" lon="-4.730820"/>
      <trkpt lat="43.109800" lon="-4.730440"/>
      <trkpt lat="43.109840" lon="-4.730230"/>
      <trkpt lat="43.109910" lon="-4.730080"/>
      <trkpt lat="43.109970" lon="-4.729960"/>
      <trkpt lat="43.110130" lon="-4.729730"/>
      <trkpt lat="43.110250" lon="-4.729610"/>
      <trkpt lat="43.110400" lon="-4.729440"/>
      <trkpt lat="43.110600" lon="-4.729210"/>
      <trkpt lat="43.110850" lon="-4.728920"/>
      <trkpt lat="43.111190" lon="-4.728590"/>
      <trkpt lat="43.111540" lon="-4.728380"/>
      <trkpt lat="43.111880" lon="-4.728280"/>
      <trkpt lat="43.111980" lon="-4.728250"/>
      <trkpt lat="43.112140" lon="-4.728190"/>
      <trkpt lat="43.112280" lon="-4.728150"/>
      <trkpt lat="43.112330" lon="-4.728140"/>
      <trkpt lat="43.112440" lon="-4.728130"/>
      <trkpt lat="43.112560" lon="-4.728130"/>
      <trkpt lat="43.112840" lon="-4.728270"/>
      <trkpt lat="43.112980" lon="-4.728340"/>
      <trkpt lat="43.113090" lon="-4.728400"/>
      <trkpt lat="43.113200" lon="-4.728460"/>
      <trkpt lat="43.113490" lon="-4.728610"/>
      <trkpt lat="43.113560" lon="-4.728640"/>
      <trkpt lat="43.113660" lon="-4.728680"/>
      <trkpt lat="43.114080" lon="-4.728850"/>
      <trkpt lat="43.114480" lon="-4.729010"/>
      <trkpt lat="43.114540" lon="-4.729030"/>
      <trkpt lat="43.114650" lon="-4.729060"/>
      <trkpt lat="43.115120" lon="-4.729160"/>
      <trkpt lat="43.115700" lon="-4.729290"/>
      <trkpt lat="43.115820" lon="-4.729320"/>
      <trkpt lat="43.115970" lon="-4.729340"/>
      <trkpt lat="43.116240" lon="-4.729380"/>
      <trkpt lat="43.116330" lon="-4.729370"/>
      <trkpt lat="43.116510" lon="-4.729380"/>
      <trkpt lat="43.116780" lon="-4.729350"/>
      <trkpt lat="43.117040" lon="-4.729300"/>
      <trkpt lat="43.117520" lon="-4.729160"/>
      <trkpt lat="43.117720" lon="-4.729110"/>
      <trkpt lat="43.117940" lon="-4.729070"/>
      <trkpt lat="43.118130" lon="-4.729050"/>
      <trkpt lat="43.118410" lon="-4.729030"/>
      <trkpt lat="43.118680" lon="-4.729060"/>
      <trkpt lat="43.118960" lon="-4.729100"/>
      <trkpt lat="43.119090" lon="-4.729150"/>
      <trkpt lat="43.119410" lon="-4.729260"/>
      <trkpt lat="43.119760" lon="-4.729440"/>
      <trkpt lat="43.119990" lon="-4.729590"/>
      <trkpt lat="43.120290" lon="-4.729830"/>
      <trkpt lat="43.120710" lon="-4.730190"/>
      <trkpt lat="43.121160" lon="-4.730570"/>
      <trkpt lat="43.121340" lon="-4.730680"/>
      <trkpt lat="43.121520" lon="-4.730790"/>
      <trkpt lat="43.121760" lon="-4.730900"/>
      <trkpt lat="43.121960" lon="-4.730980"/>
      <trkpt lat="43.122180" lon="-4.731060"/>
      <trkpt lat="43.122390" lon="-4.731110"/>
      <trkpt lat="43.122660" lon="-4.731150"/>
      <trkpt lat="43.122920" lon="-4.731150"/>
      <trkpt lat="43.123200" lon="-4.731140"/>
      <trkpt lat="43.123430" lon="-4.731110"/>
      <trkpt lat="43.123680" lon="-4.731060"/>
      <trkpt lat="43.123930" lon="-4.730980"/>
      <trkpt lat="43.124190" lon="-4.730860"/>
      <trkpt lat="43.124460" lon="-4.730730"/>
      <trkpt lat="43.124820" lon="-4.730470"/>
      <trkpt lat="43.125050" lon="-4.730270"/>
      <trkpt lat="43.125270" lon="-4.730040"/>
      <trkpt lat="43.125450" lon="-4.729830"/>
      <trkpt lat="43.125570" lon="-4.729660"/>
      <trkpt lat="43.125740" lon="-4.729370"/>
      <trkpt lat="43.125850" lon="-4.729170"/>
      <trkpt lat="43.125930" lon="-4.728950"/>
      <trkpt lat="43.126050" lon="-4.728550"/>
      <trkpt lat="43.126190" lon="-4.727870"/>
      <trkpt lat="43.126260" lon="-4.727620"/>
      <trkpt lat="43.126330" lon="-4.727470"/>
      <trkpt lat="43.126440" lon="-4.727320"/>
      <trkpt lat="43.126550" lon="-4.727230"/>
      <trkpt lat="43.126670" lon="-4.727170"/>
      <trkpt lat="43.126760" lon="-4.727140"/>
      <trkpt lat="43.126950" lon="-4.727130"/>
      <trkpt lat="43.127520" lon="-4.727150"/>
      <trkpt lat="43.127790" lon="-4.727190"/>
      <trkpt lat="43.128270" lon="-4.727190"/>
      <trkpt lat="43.128470" lon="-4.727140"/>
      <trkpt lat="43.128600" lon="-4.727080"/>
      <trkpt lat="43.128700" lon="-4.727010"/>
      <trkpt lat="43.128720" lon="-4.727000"/>
      <trkpt lat="43.128840" lon="-4.726900"/>
      <trkpt lat="43.128960" lon="-4.726770"/>
      <trkpt lat="43.129590" lon="-4.726040"/>
      <trkpt lat="43.130070" lon="-4.725490"/>
      <trkpt lat="43.130300" lon="-4.725220"/>
      <trkpt lat="43.130520" lon="-4.725000"/>
      <trkpt lat="43.130870" lon="-4.724690"/>
      <trkpt lat="43.131130" lon="-4.724470"/>
      <trkpt lat="43.131400" lon="-4.724250"/>
      <trkpt lat="43.131570" lon="-4.724110"/>
      <trkpt lat="43.132140" lon="-4.723640"/>
      <trkpt lat="43.132520" lon="-4.723350"/>
      <trkpt lat="43.132740" lon="-4.723130"/>
      <trkpt lat="43.132840" lon="-4.722980"/>
      <trkpt lat="43.132910" lon="-4.722790"/>
      <trkpt lat="43.132950" lon="-4.722570"/>
      <trkpt lat="43.132950" lon="-4.722390"/>
      <trkpt lat="43.132920" lon="-4.722200"/>
      <trkpt lat="43.132790" lon="-4.721720"/>
      <trkpt lat="43.132750" lon="-4.721530"/>
      <trkpt lat="43.132740" lon="-4.721350"/>
      <trkpt lat="43.132750" lon="-4.721110"/>
      <trkpt lat="43.132790" lon="-4.720850"/>
      <trkpt lat="43.132860" lon="-4.720400"/>
      <trkpt lat="43.132900" lon="-4.720130"/>
      <trkpt lat="43.132910" lon="-4.719900"/>
      <trkpt lat="43.132870" lon="-4.719610"/>
      <trkpt lat="43.132800" lon="-4.719370"/>
      <trkpt lat="43.132700" lon="-4.719140"/>
      <trkpt lat="43.132590" lon="-4.718870"/>
      <trkpt lat="43.132490" lon="-4.718490"/>
      <trkpt lat="43.132470" lon="-4.718250"/>
      <trkpt lat="43.132460" lon="-4.718070"/>
      <trkpt lat="43.132470" lon="-4.717890"/>
      <trkpt lat="43.132490" lon="-4.717660"/>
      <trkpt lat="43.132530" lon="-4.717420"/>
      <trkpt lat="43.132620" lon="-4.717220"/>
      <trkpt lat="43.132700" lon="-4.717060"/>
      <trkpt lat="43.132820" lon="-4.716880"/>
      <trkpt lat="43.132940" lon="-4.716730"/>
      <trkpt lat="43.133090" lon="-4.716590"/>
      <trkpt lat="43.133320" lon="-4.716450"/>
      <trkpt lat="43.133470" lon="-4.716390"/>
      <trkpt lat="43.133730" lon="-4.716270"/>
      <trkpt lat="43.133870" lon="-4.716220"/>
      <trkpt lat="43.134400" lon="-4.716090"/>
      <trkpt lat="43.134460" lon="-4.716070"/>
      <trkpt lat="43.134670" lon="-4.715980"/>
      <trkpt lat="43.134790" lon="-4.715890"/>
      <trkpt lat="43.134880" lon="-4.715790"/>
      <trkpt lat="43.135080" lon="-4.715400"/>
      <trkpt lat="43.135220" lon="-4.715100"/>
      <trkpt lat="43.135290" lon="-4.714970"/>
      <trkpt lat="43.135510" lon="-4.714520"/>
      <trkpt lat="43.135730" lon="-4.714040"/>
      <trkpt lat="43.136080" lon="-4.713340"/>
      <trkpt lat="43.136290" lon="-4.712920"/>
      <trkpt lat="43.136410" lon="-4.712680"/>
      <trkpt lat="43.136560" lon="-4.712460"/>
      <trkpt lat="43.136690" lon="-4.712290"/>
      <trkpt lat="43.136890" lon="-4.712130"/>
      <trkpt lat="43.137070" lon="-4.712020"/>
      <trkpt lat="43.137260" lon="-4.711940"/>
      <trkpt lat="43.137480" lon="-4.711850"/>
      <trkpt lat="43.137900" lon="-4.711710"/>
      <trkpt lat="43.138050" lon="-4.711710"/>
      <trkpt lat="43.138150" lon="-4.711730"/>
      <trkpt lat="43.138230" lon="-4.711750"/>
      <trkpt lat="43.138250" lon="-4.711760"/>
      <trkpt lat="43.138300" lon="-4.711790"/>
      <trkpt lat="43.138530" lon="-4.711940"/>
      <trkpt lat="43.138550" lon="-4.711950"/>
      <trkpt lat="43.138660" lon="-4.712010"/>
      <trkpt lat="43.138800" lon="-4.712030"/>
      <trkpt lat="43.138950" lon="-4.712030"/>
      <trkpt lat="43.139140" lon="-4.711980"/>
      <trkpt lat="43.139320" lon="-4.711880"/>
      <trkpt lat="43.139880" lon="-4.711610"/>
      <trkpt lat="43.140170" lon="-4.711550"/>
      <trkpt lat="43.140390" lon="-4.711520"/>
      <trkpt lat="43.140510" lon="-4.711450"/>
      <trkpt lat="43.140760" lon="-4.711330"/>
      <trkpt lat="43.141020" lon="-4.711220"/>
      <trkpt lat="43.141320" lon="-4.711180"/>
      <trkpt lat="43.141380" lon="-4.711160"/>
      <trkpt lat="43.141480" lon="-4.711140"/>
      <trkpt lat="43.141600" lon="-4.711090"/>
      <trkpt lat="43.141750" lon="-4.711030"/>
      <trkpt lat="43.141900" lon="-4.710900"/>
      <trkpt lat="43.142000" lon="-4.710780"/>
      <trkpt lat="43.142080" lon="-4.710700"/>
      <trkpt lat="43.142360" lon="-4.710360"/>
      <trkpt lat="43.142820" lon="-4.709780"/>
      <trkpt lat="43.142970" lon="-4.709550"/>
      <trkpt lat="43.143050" lon="-4.709340"/>
      <trkpt lat="43.143070" lon="-4.709140"/>
      <trkpt lat="43.143060" lon="-4.708990"/>
      <trkpt lat="43.143040" lon="-4.708800"/>
      <trkpt lat="43.143020" lon="-4.708610"/>
      <trkpt lat="43.142980" lon="-4.708400"/>
      <trkpt lat="43.142970" lon="-4.708270"/>
      <trkpt lat="43.142980" lon="-4.708090"/>
      <trkpt lat="43.143040" lon="-4.707740"/>
      <trkpt lat="43.143080" lon="-4.707420"/>
      <trkpt lat="43.143110" lon="-4.707180"/>
      <trkpt lat="43.143090" lon="-4.706980"/>
      <trkpt lat="43.143060" lon="-4.706790"/>
      <trkpt lat="43.143030" lon="-4.706490"/>
      <trkpt lat="43.143050" lon="-4.706060"/>
      <trkpt lat="43.143070" lon="-4.705630"/>
      <trkpt lat="43.143150" lon="-4.704900"/>
      <trkpt lat="43.143200" lon="-4.704690"/>
      <trkpt lat="43.143270" lon="-4.704520"/>
      <trkpt lat="43.143420" lon="-4.704230"/>
      <trkpt lat="43.143580" lon="-4.704040"/>
      <trkpt lat="43.143710" lon="-4.703910"/>
      <trkpt lat="43.143850" lon="-4.703800"/>
      <trkpt lat="43.143970" lon="-4.703770"/>
      <trkpt lat="43.144070" lon="-4.703760"/>
      <trkpt lat="43.144170" lon="-4.703770"/>
      <trkpt lat="43.144400" lon="-4.703820"/>
      <trkpt lat="43.144590" lon="-4.703850"/>
      <trkpt lat="43.144860" lon="-4.703820"/>
      <trkpt lat="43.145130" lon="-4.703780"/>
      <trkpt lat="43.145460" lon="-4.703760"/>
      <trkpt lat="43.145660" lon="-4.703770"/>
      <trkpt lat="43.145930" lon="-4.703760"/>
      <trkpt lat="43.146160" lon="-4.703720"/>
      <trkpt lat="43.146400" lon="-4.703690"/>
      <trkpt lat="43.146620" lon="-4.703690"/>
      <trkpt lat="43.146910" lon="-4.703740"/>
      <trkpt lat="43.147120" lon="-4.703750"/>
      <trkpt lat="43.147230" lon="-4.703740"/>
      <trkpt lat="43.147320" lon="-4.703720"/>
      <trkpt lat="43.147490" lon="-4.703650"/>
      <trkpt lat="43.147680" lon="-4.703530"/>
      <trkpt lat="43.147910" lon="-4.703320"/>
      <trkpt lat="43.148240" lon="-4.702940"/>
      <trkpt lat="43.148420" lon="-4.702700"/>
      <trkpt lat="43.148500" lon="-4.702550"/>
      <trkpt lat="43.148560" lon="-4.702360"/>
      <trkpt lat="43.148580" lon="-4.702180"/>
      <trkpt lat="43.148560" lon="-4.702000"/>
      <trkpt lat="43.148510" lon="-4.701810"/>
      <trkpt lat="43.148400" lon="-4.701650"/>
      <trkpt lat="43.148300" lon="-4.701480"/>
      <trkpt lat="43.148140" lon="-4.701270"/>
      <trkpt lat="43.148030" lon="-4.701090"/>
      <trkpt lat="43.148010" lon="-4.701050"/>
      <trkpt lat="43.147920" lon="-4.700850"/>
      <trkpt lat="43.147850" lon="-4.700650"/>
      <trkpt lat="43.147790" lon="-4.700440"/>
      <trkpt lat="43.147720" lon="-4.700120"/>
      <trkpt lat="43.147620" lon="-4.699550"/>
      <trkpt lat="43.147580" lon="-4.699230"/>
      <trkpt lat="43.147560" lon="-4.699000"/>
      <trkpt lat="43.147560" lon="-4.698700"/>
      <trkpt lat="43.147570" lon="-4.698410"/>
      <trkpt lat="43.147650" lon="-4.698110"/>
      <trkpt lat="43.147790" lon="-4.697790"/>
      <trkpt lat="43.147910" lon="-4.697570"/>
      <trkpt lat="43.148080" lon="-4.697380"/>
      <trkpt lat="43.148570" lon="-4.696930"/>
      <trkpt lat="43.148740" lon="-4.696790"/>
      <trkpt lat="43.148890" lon="-4.696650"/>
      <trkpt lat="43.149320" lon="-4.696320"/>
      <trkpt lat="43.149470" lon="-4.696200"/>
      <trkpt lat="43.149720" lon="-4.696020"/>
      <trkpt lat="43.149980" lon="-4.695830"/>
      <trkpt lat="43.150200" lon="-4.695700"/>
      <trkpt lat="43.150460" lon="-4.695520"/>
      <trkpt lat="43.150580" lon="-4.695450"/>
      <trkpt lat="43.150800" lon="-4.695310"/>
      <trkpt lat="43.150920" lon="-4.695220"/>
      <trkpt lat="43.151000" lon="-4.695130"/>
      <trkpt lat="43.151100" lon="-4.695000"/>
      <trkpt lat="43.151180" lon="-4.694880"/>
      <trkpt lat="43.151240" lon="-4.694730"/>
      <trkpt lat="43.151290" lon="-4.694570"/>
      <trkpt lat="43.151290" lon="-4.694500"/>
      <trkpt lat="43.151300" lon="-4.694440"/>
      <trkpt lat="43.151300" lon="-4.694370"/>
      <trkpt lat="43.151310" lon="-4.693950"/>
      <trkpt lat="43.151300" lon="-4.693720"/>
      <trkpt lat="43.151320" lon="-4.693580"/>
      <trkpt lat="43.151360" lon="-4.693410"/>
      <trkpt lat="43.151400" lon="-4.693190"/>
      <trkpt lat="43.151420" lon="-4.693090"/>
      <trkpt lat="43.151460" lon="-4.692880"/>
      <trkpt lat="43.151470" lon="-4.692810"/>
      <trkpt lat="43.151530" lon="-4.692510"/>
      <trkpt lat="43.151620" lon="-4.692210"/>
      <trkpt lat="43.151690" lon="-4.692030"/>
      <trkpt lat="43.151800" lon="-4.691810"/>
      <trkpt lat="43.151850" lon="-4.691720"/>
      <trkpt lat="43.152110" lon="-4.691120"/>
      <trkpt lat="43.152220" lon="-4.690910"/>
      <trkpt lat="43.152310" lon="-4.690780"/>
      <trkpt lat="43.152430" lon="-4.690620"/>
      <trkpt lat="43.152610" lon="-4.690480"/>
      <trkpt lat="43.152900" lon="-4.690330"/>
      <trkpt lat="43.153300" lon="-4.690170"/>
      <trkpt lat="43.154310" lon="-4.689740"/>
      <trkpt lat="43.154730" lon="-4.689560"/>
      <trkpt lat="43.154960" lon="-4.689450"/>
      <trkpt lat="43.155100" lon="-4.689370"/>
      <trkpt lat="43.155200" lon="-4.689260"/>
      <trkpt lat="43.155310" lon="-4.689100"/>
      <trkpt lat="43.155360" lon="-4.688960"/>
      <trkpt lat="43.155410" lon="-4.688750"/>
      <trkpt lat="43.155470" lon="-4.688450"/>
      <trkpt lat="43.155560" lon="-4.688030"/>
      <trkpt lat="43.155620" lon="-4.687700"/>
      <trkpt lat="43.155700" lon="-4.687150"/>
      <trkpt lat="43.155790" lon="-4.686560"/>
      <trkpt lat="43.155800" lon="-4.686300"/>
      <trkpt lat="43.155810" lon="-4.686150"/>
      <trkpt lat="43.155790" lon="-4.685990"/>
      <trkpt lat="43.155730" lon="-4.685860"/>
      <trkpt lat="43.155640" lon="-4.685740"/>
      <trkpt lat="43.155540" lon="-4.685660"/>
      <trkpt lat="43.155450" lon="-4.685610"/>
      <trkpt lat="43.155340" lon="-4.685540"/>
      <trkpt lat="43.155210" lon="-4.685440"/>
      <trkpt lat="43.155110" lon="-4.685330"/>
      <trkpt lat="43.155020" lon="-4.685240"/>
      <trkpt lat="43.154930" lon="-4.685090"/>
      <trkpt lat="43.154860" lon="-4.684950"/>
      <trkpt lat="43.154790" lon="-4.684780"/>
      <trkpt lat="43.154740" lon="-4.684630"/>
      <trkpt lat="43.154690" lon="-4.684440"/>
      <trkpt lat="43.154630" lon="-4.684140"/>
      <trkpt lat="43.154560" lon="-4.683850"/>
      <trkpt lat="43.154550" lon="-4.683800"/>
      <trkpt lat="43.154490" lon="-4.683490"/>
      <trkpt lat="43.154420" lon="-4.683290"/>
      <trkpt lat="43.154400" lon="-4.683220"/>
      <trkpt lat="43.154370" lon="-4.683130"/>
      <trkpt lat="43.154150" lon="-4.682610"/>
      <trkpt lat="43.154110" lon="-4.682490"/>
      <trkpt lat="43.154050" lon="-4.682330"/>
      <trkpt lat="43.153940" lon="-4.682000"/>
      <trkpt lat="43.153900" lon="-4.681830"/>
      <trkpt lat="43.153830" lon="-4.681620"/>
      <trkpt lat="43.153690" lon="-4.681100"/>
      <trkpt lat="43.153640" lon="-4.680900"/>
      <trkpt lat="43.153600" lon="-4.680720"/>
      <trkpt lat="43.153540" lon="-4.680410"/>
      <trkpt lat="43.153500" lon="-4.680210"/>
      <trkpt lat="43.153410" lon="-4.679680"/>
      <trkpt lat="43.153240" lon="-4.678760"/>
      <trkpt lat="43.153160" lon="-4.678400"/>
      <trkpt lat="43.153120" lon="-4.678220"/>
      <trkpt lat="43.153070" lon="-4.678050"/>
      <trkpt lat="43.153020" lon="-4.677910"/>
      <trkpt lat="43.152970" lon="-4.677760"/>
      <trkpt lat="43.152800" lon="-4.677380"/>
      <trkpt lat="43.152630" lon="-4.677090"/>
      <trkpt lat="43.152560" lon="-4.676970"/>
      <trkpt lat="43.152460" lon="-4.676800"/>
      <trkpt lat="43.152400" lon="-4.676630"/>
      <trkpt lat="43.152390" lon="-4.676600"/>
      <trkpt lat="43.152360" lon="-4.676470"/>
      <trkpt lat="43.152350" lon="-4.676270"/>
      <trkpt lat="43.152360" lon="-4.676090"/>
      <trkpt lat="43.152380" lon="-4.675900"/>
      <trkpt lat="43.152440" lon="-4.675720"/>
      <trkpt lat="43.152510" lon="-4.675550"/>
      <trkpt lat="43.152620" lon="-4.675310"/>
      <trkpt lat="43.152700" lon="-4.675100"/>
      <trkpt lat="43.152770" lon="-4.674890"/>
      <trkpt lat="43.152830" lon="-4.674710"/>
      <trkpt lat="43.152880" lon="-4.674540"/>
      <trkpt lat="43.152930" lon="-4.674400"/>
      <trkpt lat="43.153000" lon="-4.674190"/>
      <trkpt lat="43.153070" lon="-4.674070"/>
      <trkpt lat="43.153180" lon="-4.673930"/>
      <trkpt lat="43.153280" lon="-4.673800"/>
      <trkpt lat="43.153420" lon="-4.673640"/>
      <trkpt lat="43.153480" lon="-4.673560"/>
      <trkpt lat="43.153550" lon="-4.673420"/>
      <trkpt lat="43.153640" lon="-4.673260"/>
      <trkpt lat="43.153710" lon="-4.673110"/>
      <trkpt lat="43.153790" lon="-4.672960"/>
      <trkpt lat="43.153990" lon="-4.672510"/>
      <trkpt lat="43.154080" lon="-4.672320"/>
      <trkpt lat="43.154140" lon="-4.672160"/>
      <trkpt lat="43.154220" lon="-4.671990"/>
      <trkpt lat="43.154350" lon="-4.671680"/>
      <trkpt lat="43.154490" lon="-4.671370"/>
      <trkpt lat="43.154560" lon="-4.671200"/>
      <trkpt lat="43.154620" lon="-4.671020"/>
      <trkpt lat="43.154680" lon="-4.670830"/>
      <trkpt lat="43.154740" lon="-4.670640"/>
      <trkpt lat="43.154830" lon="-4.670360"/>
      <trkpt lat="43.154950" lon="-4.669980"/>
      <trkpt lat="43.154990" lon="-4.669810"/>
      <trkpt lat="43.155050" lon="-4.669650"/>
      <trkpt lat="43.155110" lon="-4.669480"/>
      <trkpt lat="43.155220" lon="-4.669110"/>
      <trkpt lat="43.155250" lon="-4.668940"/>
      <trkpt lat="43.155300" lon="-4.668710"/>
      <trkpt lat="43.155350" lon="-4.668450"/>
      <trkpt lat="43.155410" lon="-4.668240"/>
      <trkpt lat="43.155490" lon="-4.668070"/>
      <trkpt lat="43.155570" lon="-4.667940"/>
      <trkpt lat="43.155690" lon="-4.667800"/>
      <trkpt lat="43.155840" lon="-4.667650"/>
      <trkpt lat="43.156000" lon="-4.667540"/>
      <trkpt lat="43.156110" lon="-4.667440"/>
      <trkpt lat="43.156210" lon="-4.667340"/>
      <trkpt lat="43.156320" lon="-4.667180"/>
      <trkpt lat="43.156380" lon="-4.667090"/>
      <trkpt lat="43.156430" lon="-4.666990"/>
      <trkpt lat="43.156460" lon="-4.666910"/>
      <trkpt lat="43.156510" lon="-4.666710"/>
      <trkpt lat="43.156550" lon="-4.666490"/>
      <trkpt lat="43.156590" lon="-4.666300"/>
      <trkpt lat="43.156620" lon="-4.666180"/>
      <trkpt lat="43.156680" lon="-4.665910"/>
      <trkpt lat="43.156700" lon="-4.665800"/>
      <trkpt lat="43.156730" lon="-4.665640"/>
      <trkpt lat="43.156770" lon="-4.665440"/>
      <trkpt lat="43.156800" lon="-4.665270"/>
      <trkpt lat="43.156840" lon="-4.665090"/>
      <trkpt lat="43.156870" lon="-4.664900"/>
      <trkpt lat="43.156960" lon="-4.664630"/>
      <trkpt lat="43.157030" lon="-4.664380"/>
      <trkpt lat="43.157130" lon="-4.664100"/>
      <trkpt lat="43.157200" lon="-4.663870"/>
      <trkpt lat="43.157240" lon="-4.663700"/>
      <trkpt lat="43.157290" lon="-4.663520"/>
      <trkpt lat="43.157390" lon="-4.663200"/>
      <trkpt lat="43.157440" lon="-4.662950"/>
      <trkpt lat="43.157520" lon="-4.662640"/>
      <trkpt lat="43.157630" lon="-4.662290"/>
      <trkpt lat="43.157720" lon="-4.661950"/>
      <trkpt lat="43.157790" lon="-4.661620"/>
      <trkpt lat="43.157830" lon="-4.661450"/>
      <trkpt lat="43.157860" lon="-4.661220"/>
      <trkpt lat="43.157870" lon="-4.661030"/>
      <trkpt lat="43.157880" lon="-4.660850"/>
      <trkpt lat="43.157860" lon="-4.660480"/>
      <trkpt lat="43.157820" lon="-4.659900"/>
      <trkpt lat="43.157780" lon="-4.659490"/>
      <trkpt lat="43.157770" lon="-4.659140"/>
      <trkpt lat="43.157750" lon="-4.658910"/>
      <trkpt lat="43.157730" lon="-4.658600"/>
      <trkpt lat="43.157710" lon="-4.658420"/>
      <trkpt lat="43.157670" lon="-4.657910"/>
      <trkpt lat="43.157650" lon="-4.657670"/>
      <trkpt lat="43.157600" lon="-4.657430"/>
      <trkpt lat="43.157530" lon="-4.657070"/>
      <trkpt lat="43.157500" lon="-4.656770"/>
      <trkpt lat="43.157480" lon="-4.656520"/>
      <trkpt lat="43.157440" lon="-4.656180"/>
      <trkpt lat="43.157430" lon="-4.656130"/>
      <trkpt lat="43.157350" lon="-4.655810"/>
      <trkpt lat="43.157290" lon="-4.655590"/>
      <trkpt lat="43.157230" lon="-4.655450"/>
      <trkpt lat="43.157170" lon="-4.655300"/>
      <trkpt lat="43.157040" lon="-4.655010"/>
      <trkpt lat="43.156970" lon="-4.654840"/>
      <trkpt lat="43.156920" lon="-4.654680"/>
      <trkpt lat="43.156860" lon="-4.654510"/>
      <trkpt lat="43.156800" lon="-4.654320"/>
      <trkpt lat="43.156750" lon="-4.654170"/>
      <trkpt lat="43.156710" lon="-4.653950"/>
      <trkpt lat="43.156670" lon="-4.653780"/>
      <trkpt lat="43.156630" lon="-4.653610"/>
      <trkpt lat="43.156590" lon="-4.653450"/>
      <trkpt lat="43.156520" lon="-4.653270"/>
      <trkpt lat="43.156460" lon="-4.653110"/>
      <trkpt lat="43.156390" lon="-4.652950"/>
      <trkpt lat="43.156330" lon="-4.652790"/>
      <trkpt lat="43.156270" lon="-4.652650"/>
      <trkpt lat="43.156200" lon="-4.652440"/>
      <trkpt lat="43.156150" lon="-4.652250"/>
      <trkpt lat="43.156130" lon="-4.652070"/>
      <trkpt lat="43.156140" lon="-4.651870"/>
      <trkpt lat="43.156160" lon="-4.651710"/>
      <trkpt lat="43.156200" lon="-4.651530"/>
      <trkpt lat="43.156260" lon="-4.651340"/>
      <trkpt lat="43.156320" lon="-4.651150"/>
      <trkpt lat="43.156460" lon="-4.650700"/>
      <trkpt lat="43.156530" lon="-4.650480"/>
      <trkpt lat="43.156600" lon="-4.650280"/>
      <trkpt lat="43.156660" lon="-4.650100"/>
      <trkpt lat="43.156710" lon="-4.649930"/>
      <trkpt lat="43.156770" lon="-4.649750"/>
      <trkpt lat="43.156790" lon="-4.649700"/>
      <trkpt lat="43.156820" lon="-4.649600"/>
      <trkpt lat="43.156850" lon="-4.649480"/>
      <trkpt lat="43.156920" lon="-4.649310"/>
      <trkpt lat="43.157000" lon="-4.649160"/>
      <trkpt lat="43.157080" lon="-4.649020"/>
      <trkpt lat="43.157170" lon="-4.648870"/>
      <trkpt lat="43.157380" lon="-4.648630"/>
      <trkpt lat="43.157410" lon="-4.648600"/>
      <trkpt lat="43.157510" lon="-4.648530"/>
      <trkpt lat="43.157630" lon="-4.648440"/>
      <trkpt lat="43.157750" lon="-4.648350"/>
      <trkpt lat="43.157800" lon="-4.648290"/>
      <trkpt lat="43.157860" lon="-4.648220"/>
      <trkpt lat="43.157890" lon="-4.648170"/>
      <trkpt lat="43.157920" lon="-4.648100"/>
      <trkpt lat="43.157960" lon="-4.648030"/>
      <trkpt lat="43.157990" lon="-4.647960"/>
      <trkpt lat="43.158010" lon="-4.647870"/>
      <trkpt lat="43.158060" lon="-4.647680"/>
      <trkpt lat="43.158100" lon="-4.647560"/>
      <trkpt lat="43.158130" lon="-4.647470"/>
      <trkpt lat="43.158160" lon="-4.647400"/>
      <trkpt lat="43.158210" lon="-4.647300"/>
      <trkpt lat="43.158270" lon="-4.647200"/>
      <trkpt lat="43.158340" lon="-4.647100"/>
      <trkpt lat="43.158410" lon="-4.646970"/>
      <trkpt lat="43.158460" lon="-4.646860"/>
      <trkpt lat="43.158490" lon="-4.646750"/>
      <trkpt lat="43.158530" lon="-4.646630"/>
      <trkpt lat="43.158550" lon="-4.646480"/>
      <trkpt lat="43.158570" lon="-4.646250"/>
      <trkpt lat="43.158580" lon="-4.646120"/>
      <trkpt lat="43.158570" lon="-4.645930"/>
      <trkpt lat="43.158560" lon="-4.645730"/>
      <trkpt lat="43.158550" lon="-4.645550"/>
      <trkpt lat="43.158530" lon="-4.645400"/>
      <trkpt lat="43.158470" lon="-4.645160"/>
      <trkpt lat="43.158410" lon="-4.644980"/>
      <trkpt lat="43.158360" lon="-4.644810"/>
      <trkpt lat="43.158320" lon="-4.644640"/>
      <trkpt lat="43.158280" lon="-4.644460"/>
      <trkpt lat="43.158240" lon="-4.644270"/>
      <trkpt lat="43.158210" lon="-4.644100"/>
      <trkpt lat="43.158180" lon="-4.643920"/>
      <trkpt lat="43.158160" lon="-4.643710"/>
      <trkpt lat="43.158140" lon="-4.643560"/>
      <trkpt lat="43.158130" lon="-4.643320"/>
      <trkpt lat="43.158110" lon="-4.643080"/>
      <trkpt lat="43.158080" lon="-4.642900"/>
      <trkpt lat="43.158040" lon="-4.642740"/>
      <trkpt lat="43.157980" lon="-4.642580"/>
      <trkpt lat="43.157910" lon="-4.642460"/>
      <trkpt lat="43.157820" lon="-4.642340"/>
      <trkpt lat="43.157710" lon="-4.642190"/>
      <trkpt lat="43.157620" lon="-4.642080"/>
      <trkpt lat="43.157510" lon="-4.641960"/>
      <trkpt lat="43.157410" lon="-4.641840"/>
      <trkpt lat="43.157310" lon="-4.641710"/>
      <trkpt lat="43.157230" lon="-4.641570"/>
      <trkpt lat="43.157160" lon="-4.641400"/>
      <trkpt lat="43.157100" lon="-4.641250"/>
      <trkpt lat="43.157050" lon="-4.641050"/>
      <trkpt lat="43.157020" lon="-4.640850"/>
      <trkpt lat="43.156960" lon="-4.640640"/>
      <trkpt lat="43.156920" lon="-4.640480"/>
      <trkpt lat="43.156880" lon="-4.640320"/>
      <trkpt lat="43.156840" lon="-4.640150"/>
      <trkpt lat="43.156780" lon="-4.639910"/>
      <trkpt lat="43.156710" lon="-4.639650"/>
      <trkpt lat="43.156670" lon="-4.639470"/>
      <trkpt lat="43.156610" lon="-4.639300"/>
      <trkpt lat="43.156540" lon="-4.639140"/>
      <trkpt lat="43.156460" lon="-4.638990"/>
      <trkpt lat="43.156390" lon="-4.638830"/>
      <trkpt lat="43.156300" lon="-4.638690"/>
      <trkpt lat="43.156140" lon="-4.638430"/>
      <trkpt lat="43.155980" lon="-4.638170"/>
      <trkpt lat="43.155750" lon="-4.637780"/>
      <trkpt lat="43.155660" lon="-4.637610"/>
      <trkpt lat="43.155550" lon="-4.637390"/>
      <trkpt lat="43.155480" lon="-4.637220"/>
      <trkpt lat="43.155310" lon="-4.636780"/>
      <trkpt lat="43.155160" lon="-4.636340"/>
      <trkpt lat="43.155070" lon="-4.636060"/>
      <trkpt lat="43.154980" lon="-4.635810"/>
      <trkpt lat="43.154940" lon="-4.635650"/>
      <trkpt lat="43.154930" lon="-4.635480"/>
      <trkpt lat="43.154910" lon="-4.635330"/>
      <trkpt lat="43.154910" lon="-4.635250"/>
      <trkpt lat="43.154910" lon="-4.635210"/>
      <trkpt lat="43.154910" lon="-4.635050"/>
      <trkpt lat="43.154910" lon="-4.634940"/>
      <trkpt lat="43.154890" lon="-4.634770"/>
      <trkpt lat="43.154870" lon="-4.634600"/>
      <trkpt lat="43.154850" lon="-4.634420"/>
      <trkpt lat="43.154810" lon="-4.634230"/>
      <trkpt lat="43.154760" lon="-4.633980"/>
      <trkpt lat="43.154670" lon="-4.633730"/>
      <trkpt lat="43.154610" lon="-4.633570"/>
      <trkpt lat="43.154460" lon="-4.633280"/>
      <trkpt lat="43.154340" lon="-4.633040"/>
      <trkpt lat="43.154230" lon="-4.632770"/>
      <trkpt lat="43.154230" lon="-4.632750"/>
      <trkpt lat="43.154150" lon="-4.632500"/>
      <trkpt lat="43.154140" lon="-4.632450"/>
      <trkpt lat="43.154070" lon="-4.632250"/>
      <trkpt lat="43.154000" lon="-4.631980"/>
      <trkpt lat="43.153980" lon="-4.631930"/>
      <trkpt lat="43.153940" lon="-4.631790"/>
      <trkpt lat="43.153880" lon="-4.631460"/>
      <trkpt lat="43.153860" lon="-4.631310"/>
      <trkpt lat="43.153850" lon="-4.630900"/>
      <trkpt lat="43.153850" lon="-4.630870"/>
      <trkpt lat="43.153850" lon="-4.630810"/>
      <trkpt lat="43.153830" lon="-4.630460"/>
      <trkpt lat="43.153830" lon="-4.630410"/>
      <trkpt lat="43.153830" lon="-4.630340"/>
      <trkpt lat="43.153830" lon="-4.630130"/>
      <trkpt lat="43.153830" lon="-4.629900"/>
      <trkpt lat="43.153830" lon="-4.629720"/>
      <trkpt lat="43.153840" lon="-4.629560"/>
      <trkpt lat="43.153870" lon="-4.629220"/>
      <trkpt lat="43.153880" lon="-4.629090"/>
      <trkpt lat="43.153900" lon="-4.628860"/>
      <trkpt lat="43.153930" lon="-4.628500"/>
      <trkpt lat="43.153960" lon="-4.628100"/>
      <trkpt lat="43.153970" lon="-4.627990"/>
      <trkpt lat="43.154040" lon="-4.627220"/>
      <trkpt lat="43.154070" lon="-4.626960"/>
      <trkpt lat="43.154080" lon="-4.626790"/>
      <trkpt lat="43.154100" lon="-4.626600"/>
      <trkpt lat="43.154120" lon="-4.626430"/>
      <trkpt lat="43.154140" lon="-4.626260"/>
      <trkpt lat="43.154160" lon="-4.625960"/>
      <trkpt lat="43.154190" lon="-4.625630"/>
      <trkpt lat="43.154200" lon="-4.625540"/>
      <trkpt lat="43.154210" lon="-4.625450"/>
      <trkpt lat="43.154210" lon="-4.625420"/>
      <trkpt lat="43.154230" lon="-4.625310"/>
      <trkpt lat="43.154240" lon="-4.624980"/>
      <trkpt lat="43.154240" lon="-4.624760"/>
      <trkpt lat="43.154210" lon="-4.624620"/>
      <trkpt lat="43.154180" lon="-4.624520"/>
      <trkpt lat="43.154150" lon="-4.624420"/>
      <trkpt lat="43.154080" lon="-4.624310"/>
      <trkpt lat="43.153880" lon="-4.624060"/>
      <trkpt lat="43.153860" lon="-4.624020"/>
      <trkpt lat="43.153790" lon="-4.623920"/>
      <trkpt lat="43.153750" lon="-4.623880"/>
      <trkpt lat="43.153630" lon="-4.623710"/>
      <trkpt lat="43.153590" lon="-4.623660"/>
      <trkpt lat="43.153540" lon="-4.623570"/>
      <trkpt lat="43.153500" lon="-4.623470"/>
      <trkpt lat="43.153510" lon="-4.623360"/>
      <trkpt lat="43.153560" lon="-4.623160"/>
      <trkpt lat="43.153610" lon="-4.622990"/>
      <trkpt lat="43.153670" lon="-4.622790"/>
      <trkpt lat="43.153690" lon="-4.622740"/>
      <trkpt lat="43.153780" lon="-4.622470"/>
      <trkpt lat="43.153840" lon="-4.622300"/>
      <trkpt lat="43.153940" lon="-4.622050"/>
      <trkpt lat="43.153960" lon="-4.622000"/>
      <trkpt lat="43.153970" lon="-4.621980"/>
      <trkpt lat="43.154160" lon="-4.622120"/>
      <trkpt lat="43.154160" lon="-4.622120"/>
      <trkpt lat="43.154100" lon="-4.622260"/>
      <trkpt lat="43.153920" lon="-4.622710"/>
      <trkpt lat="43.153860" lon="-4.622810"/>
      <trkpt lat="43.153830" lon="-4.622840"/>
      <trkpt lat="43.153730" lon="-4.622830"/>
      <trkpt lat="43.153670" lon="-4.622790"/>
      <trkpt lat="43.153690" lon="-4.622740"/>
      <trkpt lat="43.153780" lon="-4.622470"/>
      <trkpt lat="43.153840" lon="-4.622300"/>
      <trkpt lat="43.153940" lon="-4.622050"/>
      <trkpt lat="43.153960" lon="-4.622000"/>
      <trkpt lat="43.153970" lon="-4.621980"/>
      <trkpt lat="43.153990" lon="-4.621920"/>
      <trkpt lat="43.154040" lon="-4.621800"/>
      <trkpt lat="43.154120" lon="-4.621650"/>
      <trkpt lat="43.154220" lon="-4.621480"/>
      <trkpt lat="43.154310" lon="-4.621330"/>
      <trkpt lat="43.154420" lon="-4.621150"/>
      <trkpt lat="43.154520" lon="-4.621010"/>
      <trkpt lat="43.154570" lon="-4.620940"/>
      <trkpt lat="43.154630" lon="-4.620850"/>
      <trkpt lat="43.154710" lon="-4.620760"/>
      <trkpt lat="43.154810" lon="-4.620650"/>
      <trkpt lat="43.154830" lon="-4.620630"/>
      <trkpt lat="43.154890" lon="-4.620580"/>
      <trkpt lat="43.154930" lon="-4.620540"/>
      <trkpt lat="43.155020" lon="-4.620440"/>
      <trkpt lat="43.155090" lon="-4.620370"/>
      <trkpt lat="43.155180" lon="-4.620280"/>
      <trkpt lat="43.155360" lon="-4.620110"/>
      <trkpt lat="43.155430" lon="-4.620040"/>
      <trkpt lat="43.155520" lon="-4.619930"/>
      <trkpt lat="43.155630" lon="-4.619790"/>
      <trkpt lat="43.155750" lon="-4.619620"/>
      <trkpt lat="43.155910" lon="-4.619390"/>
      <trkpt lat="43.156030" lon="-4.619220"/>
      <trkpt lat="43.156180" lon="-4.618970"/>
      <trkpt lat="43.156210" lon="-4.618930"/>
      <trkpt lat="43.156260" lon="-4.618830"/>
      <trkpt lat="43.156270" lon="-4.618810"/>
      <trkpt lat="43.156390" lon="-4.618580"/>
      <trkpt lat="43.156420" lon="-4.618510"/>
      <trkpt lat="43.156480" lon="-4.618400"/>
      <trkpt lat="43.156590" lon="-4.618100"/>
      <trkpt lat="43.156630" lon="-4.618000"/>
      <trkpt lat="43.156680" lon="-4.617880"/>
      <trkpt lat="43.156730" lon="-4.617740"/>
      <trkpt lat="43.156760" lon="-4.617670"/>
      <trkpt lat="43.156880" lon="-4.617350"/>
      <trkpt lat="43.156930" lon="-4.617210"/>
      <trkpt lat="43.157090" lon="-4.616800"/>
      <trkpt lat="43.157170" lon="-4.616610"/>
      <trkpt lat="43.157270" lon="-4.616410"/>
      <trkpt lat="43.157350" lon="-4.616260"/>
      <trkpt lat="43.157710" lon="-4.615580"/>
      <trkpt lat="43.157840" lon="-4.615330"/>
      <trkpt lat="43.158060" lon="-4.614810"/>
      <trkpt lat="43.158250" lon="-4.614430"/>
      <trkpt lat="43.158310" lon="-4.614320"/>
      <trkpt lat="43.158410" lon="-4.614170"/>
      <trkpt lat="43.158510" lon="-4.614050"/>
      <trkpt lat="43.158610" lon="-4.613940"/>
      <trkpt lat="43.158740" lon="-4.613810"/>
      <trkpt lat="43.158840" lon="-4.613710"/>
      <trkpt lat="43.158940" lon="-4.613630"/>
      <trkpt lat="43.158990" lon="-4.613590"/>
      <trkpt lat="43.159140" lon="-4.613500"/>
      <trkpt lat="43.159450" lon="-4.613300"/>
      <trkpt lat="43.159830" lon="-4.613060"/>
      <trkpt lat="43.159940" lon="-4.612990"/>
      <trkpt lat="43.160320" lon="-4.612760"/>
      <trkpt lat="43.160430" lon="-4.612670"/>
      <trkpt lat="43.160530" lon="-4.612550"/>
      <trkpt lat="43.160620" lon="-4.612380"/>
      <trkpt lat="43.160720" lon="-4.612110"/>
      <trkpt lat="43.160750" lon="-4.611990"/>
      <trkpt lat="43.160820" lon="-4.611700"/>
      <trkpt lat="43.160840" lon="-4.611590"/>
      <trkpt lat="43.160880" lon="-4.611500"/>
      <trkpt lat="43.160890" lon="-4.611450"/>
      <trkpt lat="43.160920" lon="-4.611280"/>
      <trkpt lat="43.160930" lon="-4.611230"/>
      <trkpt lat="43.160920" lon="-4.611190"/>
      <trkpt lat="43.160910" lon="-4.611160"/>
      <trkpt lat="43.160920" lon="-4.611120"/>
      <trkpt lat="43.160930" lon="-4.611080"/>
      <trkpt lat="43.160950" lon="-4.611050"/>
      <trkpt lat="43.160970" lon="-4.611030"/>
      <trkpt lat="43.161000" lon="-4.611030"/>
      <trkpt lat="43.161020" lon="-4.611030"/>
      <trkpt lat="43.161040" lon="-4.611040"/>
      <trkpt lat="43.161060" lon="-4.611060"/>
      <trkpt lat="43.161220" lon="-4.611050"/>
      <trkpt lat="43.161370" lon="-4.611090"/>
      <trkpt lat="43.161460" lon="-4.611100"/>
      <trkpt lat="43.161620" lon="-4.611130"/>
      <trkpt lat="43.161750" lon="-4.611160"/>
      <trkpt lat="43.161830" lon="-4.611170"/>
      <trkpt lat="43.161910" lon="-4.611160"/>
      <trkpt lat="43.161980" lon="-4.611150"/>
      <trkpt lat="43.162060" lon="-4.611120"/>
      <trkpt lat="43.162140" lon="-4.611080"/>
      <trkpt lat="43.162210" lon="-4.611030"/>
      <trkpt lat="43.162300" lon="-4.610970"/>
      <trkpt lat="43.162410" lon="-4.610870"/>
      <trkpt lat="43.162530" lon="-4.610740"/>
      <trkpt lat="43.162650" lon="-4.610610"/>
      <trkpt lat="43.162840" lon="-4.610400"/>
      <trkpt lat="43.162950" lon="-4.610290"/>
      <trkpt lat="43.163260" lon="-4.609980"/>
      <trkpt lat="43.163870" lon="-4.609330"/>
      <trkpt lat="43.164200" lon="-4.608980"/>
      <trkpt lat="43.165090" lon="-4.608060"/>
      <trkpt lat="43.165810" lon="-4.607290"/>
      <trkpt lat="43.166250" lon="-4.606840"/>
      <trkpt lat="43.166360" lon="-4.606730"/>
      <trkpt lat="43.166730" lon="-4.606320"/>
      <trkpt lat="43.166830" lon="-4.606220"/>
      <trkpt lat="43.167170" lon="-4.605900"/>
      <trkpt lat="43.167940" lon="-4.605150"/>
      <trkpt lat="43.169510" lon="-4.603660"/>
      <trkpt lat="43.169820" lon="-4.603380"/>
      <trkpt lat="43.170110" lon="-4.603140"/>
      <trkpt lat="43.170700" lon="-4.602660"/>
      <trkpt lat="43.171120" lon="-4.602350"/>
      <trkpt lat="43.171390" lon="-4.602170"/>
      <trkpt lat="43.171550" lon="-4.602080"/>
      <trkpt lat="43.171640" lon="-4.602030"/>
      <trkpt lat="43.172050" lon="-4.601790"/>
      <trkpt lat="43.172320" lon="-4.601620"/>
      <trkpt lat="43.172550" lon="-4.601500"/>
      <trkpt lat="43.172710" lon="-4.601400"/>
      <trkpt lat="43.172770" lon="-4.601370"/>
      <trkpt lat="43.174030" lon="-4.600670"/>
      <trkpt lat="43.174220" lon="-4.600580"/>
      <trkpt lat="43.174390" lon="-4.600500"/>
      <trkpt lat="43.174790" lon="-4.600350"/>
      <trkpt lat="43.175310" lon="-4.600250"/>
      <trkpt lat="43.175620" lon="-4.600210"/>
      <trkpt lat="43.176250" lon="-4.600140"/>
      <trkpt lat="43.176400" lon="-4.600140"/>
      <trkpt lat="43.176460" lon="-4.600140"/>
      <trkpt lat="43.176650" lon="-4.600140"/>
      <trkpt lat="43.176770" lon="-4.600150"/>
      <trkpt lat="43.177000" lon="-4.600180"/>
      <trkpt lat="43.177230" lon="-4.600220"/>
      <trkpt lat="43.177470" lon="-4.600280"/>
      <trkpt lat="43.177750" lon="-4.600370"/>
      <trkpt lat="43.178240" lon="-4.600530"/>
      <trkpt lat="43.178740" lon="-4.600750"/>
      <trkpt lat="43.179010" lon="-4.600850"/>
      <trkpt lat="43.179300" lon="-4.600920"/>
      <trkpt lat="43.179520" lon="-4.600940"/>
      <trkpt lat="43.179990" lon="-4.600990"/>
      <trkpt lat="43.180060" lon="-4.600990"/>
      <trkpt lat="43.180640" lon="-4.601050"/>
      <trkpt lat="43.181040" lon="-4.601120"/>
      <trkpt lat="43.181460" lon="-4.601180"/>
      <trkpt lat="43.181740" lon="-4.601220"/>
      <trkpt lat="43.182270" lon="-4.601280"/>
      <trkpt lat="43.182850" lon="-4.601350"/>
      <trkpt lat="43.182970" lon="-4.601370"/>
      <trkpt lat="43.183260" lon="-4.601410"/>
      <trkpt lat="43.183340" lon="-4.601430"/>
      <trkpt lat="43.183490" lon="-4.601460"/>
      <trkpt lat="43.183680" lon="-4.601530"/>
      <trkpt lat="43.183820" lon="-4.601590"/>
      <trkpt lat="43.183980" lon="-4.601680"/>
      <trkpt lat="43.184090" lon="-4.601750"/>
      <trkpt lat="43.184520" lon="-4.601990"/>
      <trkpt lat="43.185130" lon="-4.602470"/>
      <trkpt lat="43.185380" lon="-4.602670"/>
      <trkpt lat="43.185670" lon="-4.603050"/>
      <trkpt lat="43.185840" lon="-4.603310"/>
      <trkpt lat="43.186010" lon="-4.603620"/>
      <trkpt lat="43.186130" lon="-4.603840"/>
      <trkpt lat="43.186390" lon="-4.604200"/>
      <trkpt lat="43.186820" lon="-4.604580"/>
      <trkpt lat="43.187460" lon="-4.605130"/>
      <trkpt lat="43.187680" lon="-4.605290"/>
      <trkpt lat="43.187900" lon="-4.605410"/>
      <trkpt lat="43.188020" lon="-4.605450"/>
      <trkpt lat="43.188130" lon="-4.605440"/>
      <trkpt lat="43.188250" lon="-4.605440"/>
      <trkpt lat="43.188360" lon="-4.605420"/>
      <trkpt lat="43.188630" lon="-4.605330"/>
      <trkpt lat="43.188850" lon="-4.605180"/>
      <trkpt lat="43.189050" lon="-4.605050"/>
      <trkpt lat="43.189470" lon="-4.604740"/>
      <trkpt lat="43.190700" lon="-4.603840"/>
      <trkpt lat="43.191100" lon="-4.603600"/>
      <trkpt lat="43.191520" lon="-4.603410"/>
      <trkpt lat="43.191780" lon="-4.603350"/>
      <trkpt lat="43.192200" lon="-4.603350"/>
      <trkpt lat="43.193090" lon="-4.603500"/>
      <trkpt lat="43.193300" lon="-4.603520"/>
      <trkpt lat="43.193580" lon="-4.603510"/>
      <trkpt lat="43.193840" lon="-4.603460"/>
      <trkpt lat="43.194100" lon="-4.603350"/>
      <trkpt lat="43.194340" lon="-4.603170"/>
      <trkpt lat="43.194550" lon="-4.602970"/>
      <trkpt lat="43.194850" lon="-4.602600"/>
      <trkpt lat="43.195200" lon="-4.602090"/>
      <trkpt lat="43.195570" lon="-4.601540"/>
      <trkpt lat="43.195810" lon="-4.601190"/>
      <trkpt lat="43.195970" lon="-4.600930"/>
      <trkpt lat="43.196090" lon="-4.600700"/>
      <trkpt lat="43.196160" lon="-4.600520"/>
      <trkpt lat="43.196210" lon="-4.600360"/>
      <trkpt lat="43.196230" lon="-4.600200"/>
      <trkpt lat="43.196250" lon="-4.600030"/>
      <trkpt lat="43.196260" lon="-4.599840"/>
      <trkpt lat="43.196250" lon="-4.599680"/>
      <trkpt lat="43.196190" lon="-4.599250"/>
      <trkpt lat="43.196030" lon="-4.598100"/>
      <trkpt lat="43.195960" lon="-4.597550"/>
      <trkpt lat="43.195820" lon="-4.596530"/>
      <trkpt lat="43.195770" lon="-4.596140"/>
      <trkpt lat="43.195750" lon="-4.595930"/>
      <trkpt lat="43.195750" lon="-4.595790"/>
      <trkpt lat="43.195750" lon="-4.595670"/>
      <trkpt lat="43.195760" lon="-4.595550"/>
      <trkpt lat="43.195770" lon="-4.595420"/>
      <trkpt lat="43.195790" lon="-4.595280"/>
      <trkpt lat="43.195830" lon="-4.595130"/>
      <trkpt lat="43.195880" lon="-4.594980"/>
      <trkpt lat="43.195930" lon="-4.594830"/>
      <trkpt lat="43.196010" lon="-4.594670"/>
      <trkpt lat="43.196080" lon="-4.594550"/>
      <trkpt lat="43.196190" lon="-4.594400"/>
      <trkpt lat="43.196270" lon="-4.594300"/>
      <trkpt lat="43.196340" lon="-4.594230"/>
      <trkpt lat="43.196670" lon="-4.593860"/>
      <trkpt lat="43.196980" lon="-4.593530"/>
      <trkpt lat="43.197140" lon="-4.593340"/>
      <trkpt lat="43.197260" lon="-4.593200"/>
      <trkpt lat="43.197380" lon="-4.593040"/>
      <trkpt lat="43.197760" lon="-4.592450"/>
      <trkpt lat="43.198010" lon="-4.592040"/>
      <trkpt lat="43.198470" lon="-4.591120"/>
      <trkpt lat="43.198740" lon="-4.590730"/>
      <trkpt lat="43.198850" lon="-4.590510"/>
      <trkpt lat="43.198980" lon="-4.590230"/>
      <trkpt lat="43.199020" lon="-4.590130"/>
      <trkpt lat="43.199180" lon="-4.589930"/>
      <trkpt lat="43.199400" lon="-4.589680"/>
      <trkpt lat="43.199520" lon="-4.589590"/>
      <trkpt lat="43.199620" lon="-4.589550"/>
      <trkpt lat="43.199800" lon="-4.589540"/>
      <trkpt lat="43.200210" lon="-4.589570"/>
      <trkpt lat="43.200570" lon="-4.589700"/>
      <trkpt lat="43.200670" lon="-4.589750"/>
      <trkpt lat="43.200870" lon="-4.589940"/>
      <trkpt lat="43.201330" lon="-4.590480"/>
      <trkpt lat="43.201550" lon="-4.590680"/>
      <trkpt lat="43.201830" lon="-4.590890"/>
      <trkpt lat="43.202070" lon="-4.591020"/>
      <trkpt lat="43.202210" lon="-4.591140"/>
      <trkpt lat="43.202550" lon="-4.591400"/>
      <trkpt lat="43.203110" lon="-4.591950"/>
      <trkpt lat="43.203190" lon="-4.592070"/>
      <trkpt lat="43.203270" lon="-4.592300"/>
      <trkpt lat="43.203450" lon="-4.593000"/>
      <trkpt lat="43.203560" lon="-4.593250"/>
      <trkpt lat="43.203680" lon="-4.593390"/>
      <trkpt lat="43.203820" lon="-4.593460"/>
      <trkpt lat="43.204030" lon="-4.593530"/>
      <trkpt lat="43.204250" lon="-4.593570"/>
      <trkpt lat="43.204530" lon="-4.593560"/>
      <trkpt lat="43.204690" lon="-4.593580"/>
      <trkpt lat="43.204930" lon="-4.593680"/>
      <trkpt lat="43.205380" lon="-4.593840"/>
      <trkpt lat="43.206270" lon="-4.594020"/>
      <trkpt lat="43.206450" lon="-4.594050"/>
      <trkpt lat="43.206560" lon="-4.594090"/>
      <trkpt lat="43.206680" lon="-4.594160"/>
      <trkpt lat="43.206850" lon="-4.594270"/>
      <trkpt lat="43.206980" lon="-4.594300"/>
      <trkpt lat="43.207120" lon="-4.594300"/>
      <trkpt lat="43.207400" lon="-4.594390"/>
      <trkpt lat="43.207490" lon="-4.594400"/>
      <trkpt lat="43.207700" lon="-4.594420"/>
      <trkpt lat="43.207930" lon="-4.594360"/>
      <trkpt lat="43.208010" lon="-4.594350"/>
      <trkpt lat="43.208090" lon="-4.594360"/>
      <trkpt lat="43.208230" lon="-4.594410"/>
      <trkpt lat="43.208290" lon="-4.594410"/>
      <trkpt lat="43.208550" lon="-4.594370"/>
      <trkpt lat="43.208650" lon="-4.594370"/>
      <trkpt lat="43.208730" lon="-4.594400"/>
      <trkpt lat="43.208970" lon="-4.594470"/>
      <trkpt lat="43.209150" lon="-4.594490"/>
      <trkpt lat="43.209350" lon="-4.594430"/>
      <trkpt lat="43.209410" lon="-4.594430"/>
      <trkpt lat="43.209630" lon="-4.594480"/>
      <trkpt lat="43.209920" lon="-4.594480"/>
      <trkpt lat="43.210040" lon="-4.594490"/>
      <trkpt lat="43.210160" lon="-4.594550"/>
      <trkpt lat="43.210260" lon="-4.594630"/>
      <trkpt lat="43.210510" lon="-4.594870"/>
      <trkpt lat="43.210620" lon="-4.594960"/>
      <trkpt lat="43.210800" lon="-4.595020"/>
      <trkpt lat="43.211030" lon="-4.595010"/>
      <trkpt lat="43.211240" lon="-4.595030"/>
      <trkpt lat="43.211360" lon="-4.595030"/>
      <trkpt lat="43.211510" lon="-4.594980"/>
      <trkpt lat="43.211660" lon="-4.594890"/>
      <trkpt lat="43.211830" lon="-4.594730"/>
      <trkpt lat="43.211920" lon="-4.594560"/>
      <trkpt lat="43.211980" lon="-4.594410"/>
      <trkpt lat="43.212020" lon="-4.594370"/>
      <trkpt lat="43.212040" lon="-4.594350"/>
      <trkpt lat="43.212070" lon="-4.594330"/>
      <trkpt lat="43.212100" lon="-4.594310"/>
      <trkpt lat="43.212130" lon="-4.594310"/>
      <trkpt lat="43.212160" lon="-4.594300"/>
      <trkpt lat="43.212200" lon="-4.594300"/>
      <trkpt lat="43.212230" lon="-4.594310"/>
      <trkpt lat="43.212260" lon="-4.594330"/>
      <trkpt lat="43.212300" lon="-4.594350"/>
      <trkpt lat="43.212320" lon="-4.594380"/>
      <trkpt lat="43.212350" lon="-4.594400"/>
      <trkpt lat="43.212360" lon="-4.594410"/>
      <trkpt lat="43.212390" lon="-4.594430"/>
      <trkpt lat="43.212410" lon="-4.594430"/>
      <trkpt lat="43.212440" lon="-4.594440"/>
      <trkpt lat="43.212460" lon="-4.594440"/>
      <trkpt lat="43.212490" lon="-4.594440"/>
      <trkpt lat="43.212510" lon="-4.594440"/>
      <trkpt lat="43.212530" lon="-4.594430"/>
      <trkpt lat="43.212550" lon="-4.594420"/>
      <trkpt lat="43.212570" lon="-4.594410"/>
      <trkpt lat="43.212590" lon="-4.594400"/>
      <trkpt lat="43.212600" lon="-4.594390"/>
      <trkpt lat="43.212620" lon="-4.594380"/>
      <trkpt lat="43.212630" lon="-4.594360"/>
      <trkpt lat="43.212650" lon="-4.594340"/>
      <trkpt lat="43.212660" lon="-4.594320"/>
      <trkpt lat="43.212680" lon="-4.594300"/>
      <trkpt lat="43.212690" lon="-4.594270"/>
      <trkpt lat="43.212710" lon="-4.594240"/>
      <trkpt lat="43.212720" lon="-4.594220"/>
      <trkpt lat="43.212770" lon="-4.594100"/>
      <trkpt lat="43.212820" lon="-4.593890"/>
      <trkpt lat="43.212870" lon="-4.593600"/>
      <trkpt lat="43.212910" lon="-4.593360"/>
      <trkpt lat="43.212940" lon="-4.593080"/>
      <trkpt lat="43.212960" lon="-4.592950"/>
      <trkpt lat="43.212990" lon="-4.592760"/>
      <trkpt lat="43.213010" lon="-4.592700"/>
      <trkpt lat="43.213060" lon="-4.592580"/>
      <trkpt lat="43.213110" lon="-4.592470"/>
      <trkpt lat="43.213160" lon="-4.592380"/>
      <trkpt lat="43.213240" lon="-4.592270"/>
      <trkpt lat="43.213320" lon="-4.592200"/>
      <trkpt lat="43.213390" lon="-4.592160"/>
      <trkpt lat="43.213460" lon="-4.592120"/>
      <trkpt lat="43.213570" lon="-4.592090"/>
      <trkpt lat="43.213690" lon="-4.592090"/>
      <trkpt lat="43.213850" lon="-4.592090"/>
      <trkpt lat="43.214030" lon="-4.592110"/>
      <trkpt lat="43.214100" lon="-4.592140"/>
      <trkpt lat="43.214170" lon="-4.592180"/>
      <trkpt lat="43.214250" lon="-4.592240"/>
      <trkpt lat="43.214420" lon="-4.592380"/>
      <trkpt lat="43.214520" lon="-4.592450"/>
      <trkpt lat="43.214580" lon="-4.592490"/>
      <trkpt lat="43.214630" lon="-4.592510"/>
      <trkpt lat="43.214700" lon="-4.592520"/>
      <trkpt lat="43.214770" lon="-4.592530"/>
      <trkpt lat="43.215030" lon="-4.592500"/>
      <trkpt lat="43.215170" lon="-4.592490"/>
      <trkpt lat="43.215310" lon="-4.592490"/>
      <trkpt lat="43.215450" lon="-4.592510"/>
      <trkpt lat="43.215600" lon="-4.592540"/>
      <trkpt lat="43.215800" lon="-4.592580"/>
      <trkpt lat="43.215900" lon="-4.592580"/>
      <trkpt lat="43.215980" lon="-4.592580"/>
      <trkpt lat="43.216200" lon="-4.592550"/>
      <trkpt lat="43.216430" lon="-4.592510"/>
      <trkpt lat="43.216550" lon="-4.592460"/>
      <trkpt lat="43.216640" lon="-4.592410"/>
      <trkpt lat="43.216950" lon="-4.592230"/>
      <trkpt lat="43.217120" lon="-4.592120"/>
      <trkpt lat="43.217270" lon="-4.592020"/>
      <trkpt lat="43.217360" lon="-4.591920"/>
      <trkpt lat="43.217440" lon="-4.591800"/>
      <trkpt lat="43.217800" lon="-4.591130"/>
      <trkpt lat="43.217860" lon="-4.591030"/>
      <trkpt lat="43.217920" lon="-4.590920"/>
      <trkpt lat="43.218070" lon="-4.590750"/>
      <trkpt lat="43.218290" lon="-4.590490"/>
      <trkpt lat="43.218540" lon="-4.590240"/>
      <trkpt lat="43.218860" lon="-4.589980"/>
      <trkpt lat="43.219020" lon="-4.589830"/>
      <trkpt lat="43.219100" lon="-4.589760"/>
      <trkpt lat="43.219160" lon="-4.589690"/>
      <trkpt lat="43.219310" lon="-4.589510"/>
      <trkpt lat="43.219450" lon="-4.589310"/>
      <trkpt lat="43.219570" lon="-4.589110"/>
      <trkpt lat="43.219680" lon="-4.588910"/>
      <trkpt lat="43.219760" lon="-4.588700"/>
      <trkpt lat="43.219890" lon="-4.588370"/>
      <trkpt lat="43.220010" lon="-4.588090"/>
      <trkpt lat="43.220080" lon="-4.587960"/>
      <trkpt lat="43.220150" lon="-4.587850"/>
      <trkpt lat="43.220250" lon="-4.587770"/>
      <trkpt lat="43.220330" lon="-4.587720"/>
      <trkpt lat="43.220420" lon="-4.587680"/>
      <trkpt lat="43.220540" lon="-4.587660"/>
      <trkpt lat="43.220630" lon="-4.587660"/>
      <trkpt lat="43.220730" lon="-4.587680"/>
      <trkpt lat="43.220820" lon="-4.587720"/>
      <trkpt lat="43.220920" lon="-4.587770"/>
      <trkpt lat="43.221100" lon="-4.587880"/>
      <trkpt lat="43.221290" lon="-4.587970"/>
      <trkpt lat="43.221390" lon="-4.587990"/>
      <trkpt lat="43.221490" lon="-4.588000"/>
      <trkpt lat="43.221580" lon="-4.587970"/>
      <trkpt lat="43.221720" lon="-4.587840"/>
      <trkpt lat="43.221760" lon="-4.587770"/>
      <trkpt lat="43.221800" lon="-4.587710"/>
      <trkpt lat="43.221860" lon="-4.587440"/>
      <trkpt lat="43.221890" lon="-4.587350"/>
      <trkpt lat="43.221950" lon="-4.587250"/>
      <trkpt lat="43.222230" lon="-4.586900"/>
      <trkpt lat="43.222450" lon="-4.586630"/>
      <trkpt lat="43.222580" lon="-4.586460"/>
      <trkpt lat="43.222710" lon="-4.586280"/>
      <trkpt lat="43.222810" lon="-4.586180"/>
      <trkpt lat="43.222900" lon="-4.586130"/>
      <trkpt lat="43.223120" lon="-4.586100"/>
      <trkpt lat="43.223930" lon="-4.586130"/>
      <trkpt lat="43.224140" lon="-4.586120"/>
      <trkpt lat="43.224330" lon="-4.586020"/>
      <trkpt lat="43.224440" lon="-4.585880"/>
      <trkpt lat="43.224690" lon="-4.585560"/>
      <trkpt lat="43.225050" lon="-4.584970"/>
      <trkpt lat="43.225450" lon="-4.584480"/>
      <trkpt lat="43.225600" lon="-4.584320"/>
      <trkpt lat="43.225730" lon="-4.584220"/>
      <trkpt lat="43.225790" lon="-4.584180"/>
      <trkpt lat="43.225900" lon="-4.584100"/>
      <trkpt lat="43.226000" lon="-4.584050"/>
      <trkpt lat="43.226120" lon="-4.583990"/>
      <trkpt lat="43.226210" lon="-4.583950"/>
      <trkpt lat="43.226290" lon="-4.583890"/>
      <trkpt lat="43.226360" lon="-4.583830"/>
      <trkpt lat="43.226420" lon="-4.583780"/>
      <trkpt lat="43.226470" lon="-4.583750"/>
      <trkpt lat="43.226550" lon="-4.583710"/>
      <trkpt lat="43.226650" lon="-4.583670"/>
      <trkpt lat="43.226780" lon="-4.583620"/>
      <trkpt lat="43.226850" lon="-4.583600"/>
      <trkpt lat="43.226930" lon="-4.583590"/>
      <trkpt lat="43.227050" lon="-4.583580"/>
      <trkpt lat="43.227280" lon="-4.583560"/>
      <trkpt lat="43.227360" lon="-4.583550"/>
      <trkpt lat="43.227420" lon="-4.583540"/>
      <trkpt lat="43.227470" lon="-4.583520"/>
      <trkpt lat="43.227510" lon="-4.583510"/>
      <trkpt lat="43.227540" lon="-4.583490"/>
      <trkpt lat="43.227570" lon="-4.583460"/>
      <trkpt lat="43.227600" lon="-4.583440"/>
      <trkpt lat="43.227620" lon="-4.583410"/>
      <trkpt lat="43.227630" lon="-4.583390"/>
      <trkpt lat="43.227650" lon="-4.583370"/>
      <trkpt lat="43.227670" lon="-4.583330"/>
      <trkpt lat="43.227680" lon="-4.583300"/>
      <trkpt lat="43.227690" lon="-4.583270"/>
      <trkpt lat="43.227690" lon="-4.583240"/>
      <trkpt lat="43.227700" lon="-4.583200"/>
      <trkpt lat="43.227700" lon="-4.583170"/>
      <trkpt lat="43.227700" lon="-4.583140"/>
      <trkpt lat="43.227700" lon="-4.583100"/>
      <trkpt lat="43.227700" lon="-4.583060"/>
      <trkpt lat="43.227700" lon="-4.583020"/>
      <trkpt lat="43.227710" lon="-4.583000"/>
      <trkpt lat="43.227710" lon="-4.582960"/>
      <trkpt lat="43.227720" lon="-4.582940"/>
      <trkpt lat="43.227740" lon="-4.582910"/>
      <trkpt lat="43.227750" lon="-4.582890"/>
      <trkpt lat="43.227760" lon="-4.582870"/>
      <trkpt lat="43.227770" lon="-4.582840"/>
      <trkpt lat="43.227790" lon="-4.582820"/>
      <trkpt lat="43.227810" lon="-4.582800"/>
      <trkpt lat="43.227830" lon="-4.582780"/>
      <trkpt lat="43.227880" lon="-4.582750"/>
      <trkpt lat="43.227910" lon="-4.582720"/>
      <trkpt lat="43.227940" lon="-4.582690"/>
      <trkpt lat="43.227960" lon="-4.582670"/>
      <trkpt lat="43.227990" lon="-4.582640"/>
      <trkpt lat="43.228020" lon="-4.582600"/>
      <trkpt lat="43.228040" lon="-4.582560"/>
      <trkpt lat="43.228070" lon="-4.582510"/>
      <trkpt lat="43.228270" lon="-4.582160"/>
      <trkpt lat="43.228380" lon="-4.582050"/>
      <trkpt lat="43.228440" lon="-4.582000"/>
      <trkpt lat="43.228500" lon="-4.581960"/>
      <trkpt lat="43.228730" lon="-4.581820"/>
      <trkpt lat="43.229030" lon="-4.581700"/>
      <trkpt lat="43.229510" lon="-4.581650"/>
      <trkpt lat="43.229800" lon="-4.581580"/>
      <trkpt lat="43.230000" lon="-4.581580"/>
      <trkpt lat="43.230210" lon="-4.581640"/>
      <trkpt lat="43.230390" lon="-4.581740"/>
      <trkpt lat="43.230530" lon="-4.581760"/>
      <trkpt lat="43.230690" lon="-4.581740"/>
      <trkpt lat="43.230820" lon="-4.581710"/>
      <trkpt lat="43.230930" lon="-4.581650"/>
      <trkpt lat="43.231100" lon="-4.581460"/>
      <trkpt lat="43.231420" lon="-4.581010"/>
      <trkpt lat="43.231670" lon="-4.580710"/>
      <trkpt lat="43.231770" lon="-4.580580"/>
      <trkpt lat="43.231840" lon="-4.580480"/>
      <trkpt lat="43.231870" lon="-4.580370"/>
      <trkpt lat="43.231970" lon="-4.580060"/>
      <trkpt lat="43.232110" lon="-4.579750"/>
      <trkpt lat="43.232260" lon="-4.579460"/>
      <trkpt lat="43.232390" lon="-4.579190"/>
      <trkpt lat="43.232500" lon="-4.579020"/>
      <trkpt lat="43.232640" lon="-4.578870"/>
      <trkpt lat="43.232800" lon="-4.578750"/>
      <trkpt lat="43.233020" lon="-4.578620"/>
      <trkpt lat="43.233260" lon="-4.578550"/>
      <trkpt lat="43.233760" lon="-4.578480"/>
      <trkpt lat="43.233960" lon="-4.578460"/>
      <trkpt lat="43.234090" lon="-4.578420"/>
      <trkpt lat="43.234200" lon="-4.578330"/>
      <trkpt lat="43.234480" lon="-4.578050"/>
      <trkpt lat="43.234570" lon="-4.577990"/>
      <trkpt lat="43.234660" lon="-4.577950"/>
      <trkpt lat="43.234760" lon="-4.577930"/>
      <trkpt lat="43.234870" lon="-4.577950"/>
      <trkpt lat="43.235040" lon="-4.578040"/>
      <trkpt lat="43.235240" lon="-4.578160"/>
      <trkpt lat="43.235340" lon="-4.578270"/>
      <trkpt lat="43.235480" lon="-4.578440"/>
      <trkpt lat="43.235570" lon="-4.578590"/>
      <trkpt lat="43.235710" lon="-4.578900"/>
      <trkpt lat="43.235770" lon="-4.579090"/>
      <trkpt lat="43.235870" lon="-4.579270"/>
      <trkpt lat="43.235960" lon="-4.579320"/>
      <trkpt lat="43.236380" lon="-4.579340"/>
      <trkpt lat="43.236690" lon="-4.579400"/>
      <trkpt lat="43.237080" lon="-4.579550"/>
      <trkpt lat="43.237260" lon="-4.579660"/>
      <trkpt lat="43.237440" lon="-4.579820"/>
      <trkpt lat="43.237620" lon="-4.580050"/>
      <trkpt lat="43.237770" lon="-4.580210"/>
      <trkpt lat="43.237960" lon="-4.580390"/>
      <trkpt lat="43.238170" lon="-4.580460"/>
      <trkpt lat="43.238710" lon="-4.580460"/>
      <trkpt lat="43.239130" lon="-4.580520"/>
      <trkpt lat="43.239470" lon="-4.580640"/>
      <trkpt lat="43.239670" lon="-4.580800"/>
      <trkpt lat="43.239940" lon="-4.581190"/>
      <trkpt lat="43.240070" lon="-4.581420"/>
      <trkpt lat="43.240150" lon="-4.581690"/>
      <trkpt lat="43.240230" lon="-4.582160"/>
      <trkpt lat="43.240270" lon="-4.582390"/>
      <trkpt lat="43.240370" lon="-4.582590"/>
      <trkpt lat="43.240480" lon="-4.582700"/>
      <trkpt lat="43.240670" lon="-4.582750"/>
      <trkpt lat="43.240810" lon="-4.582700"/>
      <trkpt lat="43.241140" lon="-4.582290"/>
      <trkpt lat="43.241230" lon="-4.582220"/>
      <trkpt lat="43.241450" lon="-4.582160"/>
      <trkpt lat="43.241790" lon="-4.582170"/>
      <trkpt lat="43.242050" lon="-4.582280"/>
      <trkpt lat="43.242230" lon="-4.582460"/>
      <trkpt lat="43.242330" lon="-4.582590"/>
      <trkpt lat="43.242360" lon="-4.582650"/>
      <trkpt lat="43.242390" lon="-4.582700"/>
      <trkpt lat="43.242440" lon="-4.582800"/>
      <trkpt lat="43.242480" lon="-4.582910"/>
      <trkpt lat="43.242520" lon="-4.582990"/>
      <trkpt lat="43.242550" lon="-4.583100"/>
      <trkpt lat="43.242570" lon="-4.583170"/>
      <trkpt lat="43.242600" lon="-4.583260"/>
      <trkpt lat="43.242610" lon="-4.583320"/>
      <trkpt lat="43.242620" lon="-4.583370"/>
      <trkpt lat="43.242630" lon="-4.583410"/>
      <trkpt lat="43.242650" lon="-4.583470"/>
      <trkpt lat="43.242680" lon="-4.583520"/>
      <trkpt lat="43.242710" lon="-4.583570"/>
      <trkpt lat="43.242730" lon="-4.583600"/>
      <trkpt lat="43.242760" lon="-4.583640"/>
      <trkpt lat="43.242790" lon="-4.583670"/>
      <trkpt lat="43.242820" lon="-4.583700"/>
      <trkpt lat="43.242840" lon="-4.583720"/>
      <trkpt lat="43.242890" lon="-4.583750"/>
      <trkpt lat="43.242940" lon="-4.583780"/>
      <trkpt lat="43.243010" lon="-4.583810"/>
      <trkpt lat="43.243070" lon="-4.583830"/>
      <trkpt lat="43.243150" lon="-4.583860"/>
      <trkpt lat="43.243200" lon="-4.583870"/>
      <trkpt lat="43.243240" lon="-4.583880"/>
      <trkpt lat="43.243270" lon="-4.583880"/>
      <trkpt lat="43.243300" lon="-4.583880"/>
      <trkpt lat="43.243330" lon="-4.583870"/>
      <trkpt lat="43.243360" lon="-4.583860"/>
      <trkpt lat="43.243410" lon="-4.583840"/>
      <trkpt lat="43.243450" lon="-4.583820"/>
      <trkpt lat="43.243480" lon="-4.583800"/>
      <trkpt lat="43.243520" lon="-4.583780"/>
      <trkpt lat="43.243710" lon="-4.583650"/>
      <trkpt lat="43.243750" lon="-4.583620"/>
      <trkpt lat="43.243800" lon="-4.583600"/>
      <trkpt lat="43.243840" lon="-4.583580"/>
      <trkpt lat="43.243880" lon="-4.583570"/>
      <trkpt lat="43.243920" lon="-4.583560"/>
      <trkpt lat="43.243960" lon="-4.583560"/>
      <trkpt lat="43.244020" lon="-4.583560"/>
      <trkpt lat="43.244060" lon="-4.583570"/>
      <trkpt lat="43.244130" lon="-4.583580"/>
      <trkpt lat="43.244170" lon="-4.583590"/>
      <trkpt lat="43.244240" lon="-4.583620"/>
      <trkpt lat="43.244290" lon="-4.583650"/>
      <trkpt lat="43.244340" lon="-4.583680"/>
      <trkpt lat="43.244390" lon="-4.583720"/>
      <trkpt lat="43.244450" lon="-4.583770"/>
      <trkpt lat="43.244500" lon="-4.583830"/>
      <trkpt lat="43.244540" lon="-4.583900"/>
      <trkpt lat="43.244560" lon="-4.583920"/>
      <trkpt lat="43.244570" lon="-4.583940"/>
      <trkpt lat="43.244620" lon="-4.584020"/>
      <trkpt lat="43.244660" lon="-4.584100"/>
      <trkpt lat="43.244730" lon="-4.584210"/>
      <trkpt lat="43.244780" lon="-4.584300"/>
      <trkpt lat="43.244810" lon="-4.584370"/>
      <trkpt lat="43.244860" lon="-4.584460"/>
      <trkpt lat="43.244920" lon="-4.584570"/>
      <trkpt lat="43.244940" lon="-4.584640"/>
      <trkpt lat="43.244980" lon="-4.584710"/>
      <trkpt lat="43.245000" lon="-4.584770"/>
      <trkpt lat="43.245030" lon="-4.584820"/>
      <trkpt lat="43.245060" lon="-4.584870"/>
      <trkpt lat="43.245090" lon="-4.584930"/>
      <trkpt lat="43.245110" lon="-4.584970"/>
      <trkpt lat="43.245130" lon="-4.585000"/>
      <trkpt lat="43.245150" lon="-4.585040"/>
      <trkpt lat="43.245200" lon="-4.585110"/>
      <trkpt lat="43.245250" lon="-4.585190"/>
      <trkpt lat="43.245310" lon="-4.585300"/>
      <trkpt lat="43.245390" lon="-4.585420"/>
      <trkpt lat="43.245480" lon="-4.585570"/>
      <trkpt lat="43.245530" lon="-4.585650"/>
      <trkpt lat="43.245560" lon="-4.585690"/>
      <trkpt lat="43.245600" lon="-4.585740"/>
      <trkpt lat="43.245630" lon="-4.585780"/>
      <trkpt lat="43.245670" lon="-4.585810"/>
      <trkpt lat="43.245710" lon="-4.585840"/>
      <trkpt lat="43.245760" lon="-4.585880"/>
      <trkpt lat="43.245830" lon="-4.585920"/>
      <trkpt lat="43.245900" lon="-4.585960"/>
      <trkpt lat="43.245950" lon="-4.585990"/>
      <trkpt lat="43.246020" lon="-4.586020"/>
      <trkpt lat="43.246130" lon="-4.586060"/>
      <trkpt lat="43.246230" lon="-4.586100"/>
      <trkpt lat="43.246360" lon="-4.586150"/>
      <trkpt lat="43.246420" lon="-4.586180"/>
      <trkpt lat="43.246470" lon="-4.586200"/>
      <trkpt lat="43.246510" lon="-4.586220"/>
      <trkpt lat="43.246550" lon="-4.586250"/>
      <trkpt lat="43.246600" lon="-4.586290"/>
      <trkpt lat="43.246650" lon="-4.586320"/>
      <trkpt lat="43.246680" lon="-4.586360"/>
      <trkpt lat="43.246730" lon="-4.586410"/>
      <trkpt lat="43.246770" lon="-4.586450"/>
      <trkpt lat="43.246790" lon="-4.586490"/>
      <trkpt lat="43.246830" lon="-4.586550"/>
      <trkpt lat="43.246870" lon="-4.586610"/>
      <trkpt lat="43.246930" lon="-4.586710"/>
      <trkpt lat="43.247000" lon="-4.586810"/>
      <trkpt lat="43.247040" lon="-4.586870"/>
      <trkpt lat="43.247060" lon="-4.586920"/>
      <trkpt lat="43.247090" lon="-4.586970"/>
      <trkpt lat="43.247110" lon="-4.587010"/>
      <trkpt lat="43.247120" lon="-4.587070"/>
      <trkpt lat="43.247140" lon="-4.587140"/>
      <trkpt lat="43.247140" lon="-4.587200"/>
      <trkpt lat="43.247140" lon="-4.587270"/>
      <trkpt lat="43.247140" lon="-4.587320"/>
      <trkpt lat="43.247130" lon="-4.587360"/>
      <trkpt lat="43.247120" lon="-4.587400"/>
      <trkpt lat="43.247110" lon="-4.587430"/>
      <trkpt lat="43.247090" lon="-4.587480"/>
      <trkpt lat="43.247080" lon="-4.587500"/>
      <trkpt lat="43.247070" lon="-4.587550"/>
      <trkpt lat="43.247040" lon="-4.587600"/>
      <trkpt lat="43.247020" lon="-4.587660"/>
      <trkpt lat="43.246990" lon="-4.587740"/>
      <trkpt lat="43.246960" lon="-4.587800"/>
      <trkpt lat="43.246930" lon="-4.587880"/>
      <trkpt lat="43.246900" lon="-4.587960"/>
      <trkpt lat="43.246860" lon="-4.588050"/>
      <trkpt lat="43.246840" lon="-4.588120"/>
      <trkpt lat="43.246820" lon="-4.588170"/>
      <trkpt lat="43.246790" lon="-4.588230"/>
      <trkpt lat="43.246770" lon="-4.588290"/>
      <trkpt lat="43.246750" lon="-4.588340"/>
      <trkpt lat="43.246730" lon="-4.588370"/>
      <trkpt lat="43.246720" lon="-4.588420"/>
      <trkpt lat="43.246710" lon="-4.588440"/>
      <trkpt lat="43.246700" lon="-4.588470"/>
      <trkpt lat="43.246690" lon="-4.588510"/>
      <trkpt lat="43.246680" lon="-4.588530"/>
      <trkpt lat="43.246680" lon="-4.588570"/>
      <trkpt lat="43.246670" lon="-4.588610"/>
      <trkpt lat="43.246670" lon="-4.588630"/>
      <trkpt lat="43.246670" lon="-4.588670"/>
      <trkpt lat="43.246670" lon="-4.588700"/>
      <trkpt lat="43.246670" lon="-4.588710"/>
      <trkpt lat="43.246680" lon="-4.588770"/>
      <trkpt lat="43.246680" lon="-4.588810"/>
      <trkpt lat="43.246700" lon="-4.588850"/>
      <trkpt lat="43.246710" lon="-4.588900"/>
      <trkpt lat="43.246730" lon="-4.588950"/>
      <trkpt lat="43.246750" lon="-4.589000"/>
      <trkpt lat="43.246780" lon="-4.589040"/>
      <trkpt lat="43.246800" lon="-4.589090"/>
      <trkpt lat="43.246840" lon="-4.589140"/>
      <trkpt lat="43.246870" lon="-4.589170"/>
      <trkpt lat="43.246930" lon="-4.589240"/>
      <trkpt lat="43.246980" lon="-4.589300"/>
      <trkpt lat="43.247050" lon="-4.589370"/>
      <trkpt lat="43.247150" lon="-4.589460"/>
      <trkpt lat="43.247230" lon="-4.589540"/>
      <trkpt lat="43.247340" lon="-4.589640"/>
      <trkpt lat="43.247360" lon="-4.589670"/>
      <trkpt lat="43.247380" lon="-4.589700"/>
      <trkpt lat="43.247400" lon="-4.589730"/>
      <trkpt lat="43.247420" lon="-4.589770"/>
      <trkpt lat="43.247430" lon="-4.589800"/>
      <trkpt lat="43.247440" lon="-4.589840"/>
      <trkpt lat="43.247450" lon="-4.589880"/>
      <trkpt lat="43.247450" lon="-4.589910"/>
      <trkpt lat="43.247450" lon="-4.589930"/>
      <trkpt lat="43.247450" lon="-4.589980"/>
      <trkpt lat="43.247450" lon="-4.590010"/>
      <trkpt lat="43.247440" lon="-4.590040"/>
      <trkpt lat="43.247440" lon="-4.590060"/>
      <trkpt lat="43.247430" lon="-4.590080"/>
      <trkpt lat="43.247420" lon="-4.590120"/>
      <trkpt lat="43.247410" lon="-4.590140"/>
      <trkpt lat="43.247400" lon="-4.590170"/>
      <trkpt lat="43.247380" lon="-4.590200"/>
      <trkpt lat="43.247380" lon="-4.590220"/>
      <trkpt lat="43.247370" lon="-4.590240"/>
      <trkpt lat="43.247360" lon="-4.590260"/>
      <trkpt lat="43.247360" lon="-4.590280"/>
      <trkpt lat="43.247350" lon="-4.590320"/>
      <trkpt lat="43.247350" lon="-4.590350"/>
      <trkpt lat="43.247350" lon="-4.590400"/>
      <trkpt lat="43.247360" lon="-4.590460"/>
      <trkpt lat="43.247360" lon="-4.590490"/>
      <trkpt lat="43.247370" lon="-4.590530"/>
      <trkpt lat="43.247380" lon="-4.590560"/>
      <trkpt lat="43.247400" lon="-4.590600"/>
      <trkpt lat="43.247420" lon="-4.590630"/>
      <trkpt lat="43.247450" lon="-4.590660"/>
      <trkpt lat="43.247470" lon="-4.590690"/>
      <trkpt lat="43.247520" lon="-4.590760"/>
      <trkpt lat="43.247570" lon="-4.590820"/>
      <trkpt lat="43.247620" lon="-4.590890"/>
      <trkpt lat="43.247670" lon="-4.590960"/>
      <trkpt lat="43.247730" lon="-4.591060"/>
      <trkpt lat="43.247880" lon="-4.591320"/>
      <trkpt lat="43.248030" lon="-4.591580"/>
      <trkpt lat="43.248130" lon="-4.591740"/>
      <trkpt lat="43.248180" lon="-4.591830"/>
      <trkpt lat="43.248210" lon="-4.591890"/>
      <trkpt lat="43.248240" lon="-4.591960"/>
      <trkpt lat="43.248270" lon="-4.592030"/>
      <trkpt lat="43.248300" lon="-4.592110"/>
      <trkpt lat="43.248310" lon="-4.592150"/>
      <trkpt lat="43.248320" lon="-4.592200"/>
      <trkpt lat="43.248320" lon="-4.592230"/>
      <trkpt lat="43.248320" lon="-4.592270"/>
      <trkpt lat="43.248320" lon="-4.592310"/>
      <trkpt lat="43.248290" lon="-4.592540"/>
      <trkpt lat="43.248230" lon="-4.592910"/>
      <trkpt lat="43.248200" lon="-4.593240"/>
      <trkpt lat="43.248250" lon="-4.594090"/>
      <trkpt lat="43.248260" lon="-4.594490"/>
      <trkpt lat="43.248310" lon="-4.594760"/>
      <trkpt lat="43.248380" lon="-4.595020"/>
      <trkpt lat="43.248570" lon="-4.595530"/>
      <trkpt lat="43.248650" lon="-4.595810"/>
      <trkpt lat="43.248750" lon="-4.596280"/>
      <trkpt lat="43.248840" lon="-4.596560"/>
      <trkpt lat="43.249070" lon="-4.597210"/>
      <trkpt lat="43.249210" lon="-4.597730"/>
      <trkpt lat="43.249240" lon="-4.597980"/>
      <trkpt lat="43.249220" lon="-4.598240"/>
      <trkpt lat="43.249180" lon="-4.598620"/>
      <trkpt lat="43.249210" lon="-4.598880"/>
      <trkpt lat="43.249330" lon="-4.599260"/>
      <trkpt lat="43.249450" lon="-4.599520"/>
      <trkpt lat="43.249730" lon="-4.599900"/>
      <trkpt lat="43.249790" lon="-4.600060"/>
      <trkpt lat="43.249820" lon="-4.600200"/>
      <trkpt lat="43.249810" lon="-4.600420"/>
      <trkpt lat="43.249750" lon="-4.600740"/>
      <trkpt lat="43.249740" lon="-4.601040"/>
      <trkpt lat="43.249790" lon="-4.601330"/>
      <trkpt lat="43.249850" lon="-4.601550"/>
      <trkpt lat="43.249900" lon="-4.601660"/>
      <trkpt lat="43.250070" lon="-4.601890"/>
      <trkpt lat="43.250240" lon="-4.602100"/>
      <trkpt lat="43.250580" lon="-4.602500"/>
      <trkpt lat="43.250690" lon="-4.602630"/>
      <trkpt lat="43.251000" lon="-4.603130"/>
      <trkpt lat="43.251060" lon="-4.603260"/>
      <trkpt lat="43.251100" lon="-4.603380"/>
      <trkpt lat="43.251120" lon="-4.603530"/>
      <trkpt lat="43.251110" lon="-4.603970"/>
      <trkpt lat="43.251120" lon="-4.604290"/>
      <trkpt lat="43.251150" lon="-4.604610"/>
      <trkpt lat="43.251210" lon="-4.604960"/>
      <trkpt lat="43.251340" lon="-4.605740"/>
      <trkpt lat="43.251470" lon="-4.606320"/>
      <trkpt lat="43.251560" lon="-4.606640"/>
      <trkpt lat="43.251810" lon="-4.607270"/>
      <trkpt lat="43.251900" lon="-4.607480"/>
      <trkpt lat="43.252100" lon="-4.607930"/>
      <trkpt lat="43.252260" lon="-4.608290"/>
      <trkpt lat="43.252430" lon="-4.608670"/>
      <trkpt lat="43.252450" lon="-4.608710"/>
      <trkpt lat="43.252640" lon="-4.609100"/>
      <trkpt lat="43.252690" lon="-4.609210"/>
      <trkpt lat="43.252720" lon="-4.609330"/>
      <trkpt lat="43.252750" lon="-4.609500"/>
      <trkpt lat="43.252770" lon="-4.609800"/>
      <trkpt lat="43.252750" lon="-4.610030"/>
      <trkpt lat="43.252720" lon="-4.610170"/>
      <trkpt lat="43.252720" lon="-4.610220"/>
      <trkpt lat="43.252640" lon="-4.610460"/>
      <trkpt lat="43.252510" lon="-4.610840"/>
      <trkpt lat="43.252430" lon="-4.611060"/>
      <trkpt lat="43.252400" lon="-4.611160"/>
      <trkpt lat="43.252380" lon="-4.611230"/>
      <trkpt lat="43.252340" lon="-4.611410"/>
      <trkpt lat="43.252320" lon="-4.611590"/>
      <trkpt lat="43.252300" lon="-4.611870"/>
      <trkpt lat="43.252320" lon="-4.612030"/>
      <trkpt lat="43.252370" lon="-4.612170"/>
      <trkpt lat="43.252610" lon="-4.612600"/>
      <trkpt lat="43.252720" lon="-4.612730"/>
      <trkpt lat="43.252750" lon="-4.612760"/>
      <trkpt lat="43.252850" lon="-4.612840"/>
      <trkpt lat="43.253040" lon="-4.612960"/>
      <trkpt lat="43.253230" lon="-4.613030"/>
      <trkpt lat="43.253410" lon="-4.613090"/>
      <trkpt lat="43.253720" lon="-4.613120"/>
      <trkpt lat="43.253960" lon="-4.613200"/>
      <trkpt lat="43.254040" lon="-4.613220"/>
      <trkpt lat="43.254090" lon="-4.613260"/>
      <trkpt lat="43.254200" lon="-4.613340"/>
      <trkpt lat="43.254270" lon="-4.613420"/>
      <trkpt lat="43.254340" lon="-4.613510"/>
      <trkpt lat="43.254390" lon="-4.613600"/>
      <trkpt lat="43.254420" lon="-4.613690"/>
      <trkpt lat="43.254450" lon="-4.613810"/>
      <trkpt lat="43.254470" lon="-4.613930"/>
      <trkpt lat="43.254490" lon="-4.614060"/>
      <trkpt lat="43.254520" lon="-4.614360"/>
      <trkpt lat="43.254540" lon="-4.614560"/>
      <trkpt lat="43.254580" lon="-4.614700"/>
      <trkpt lat="43.254630" lon="-4.614850"/>
      <trkpt lat="43.254710" lon="-4.615010"/>
      <trkpt lat="43.254900" lon="-4.615280"/>
      <trkpt lat="43.254970" lon="-4.615360"/>
      <trkpt lat="43.255030" lon="-4.615410"/>
      <trkpt lat="43.255060" lon="-4.615430"/>
      <trkpt lat="43.255140" lon="-4.615490"/>
      <trkpt lat="43.255280" lon="-4.615560"/>
      <trkpt lat="43.255460" lon="-4.615630"/>
      <trkpt lat="43.255540" lon="-4.615650"/>
      <trkpt lat="43.255930" lon="-4.615710"/>
      <trkpt lat="43.256120" lon="-4.615730"/>
      <trkpt lat="43.256540" lon="-4.615810"/>
      <trkpt lat="43.256630" lon="-4.615850"/>
      <trkpt lat="43.256760" lon="-4.615940"/>
      <trkpt lat="43.257010" lon="-4.616200"/>
      <trkpt lat="43.257290" lon="-4.616460"/>
      <trkpt lat="43.257720" lon="-4.616940"/>
      <trkpt lat="43.258090" lon="-4.617330"/>
      <trkpt lat="43.258220" lon="-4.617450"/>
      <trkpt lat="43.258360" lon="-4.617530"/>
      <trkpt lat="43.258490" lon="-4.617600"/>
      <trkpt lat="43.258700" lon="-4.617640"/>
      <trkpt lat="43.258790" lon="-4.617690"/>
      <trkpt lat="43.258880" lon="-4.617760"/>
      <trkpt lat="43.258970" lon="-4.617900"/>
      <trkpt lat="43.259110" lon="-4.618140"/>
      <trkpt lat="43.259210" lon="-4.618270"/>
      <trkpt lat="43.259390" lon="-4.618400"/>
      <trkpt lat="43.259520" lon="-4.618520"/>
      <trkpt lat="43.259580" lon="-4.618600"/>
      <trkpt lat="43.259620" lon="-4.618700"/>
      <trkpt lat="43.259680" lon="-4.618890"/>
      <trkpt lat="43.259710" lon="-4.618970"/>
      <trkpt lat="43.259920" lon="-4.619330"/>
      <trkpt lat="43.259960" lon="-4.619390"/>
      <trkpt lat="43.260030" lon="-4.619470"/>
      <trkpt lat="43.260150" lon="-4.619550"/>
      <trkpt lat="43.260290" lon="-4.619620"/>
      <trkpt lat="43.260370" lon="-4.619650"/>
      <trkpt lat="43.260460" lon="-4.619650"/>
      <trkpt lat="43.260510" lon="-4.619620"/>
      <trkpt lat="43.260640" lon="-4.619540"/>
      <trkpt lat="43.260760" lon="-4.619520"/>
      <trkpt lat="43.260850" lon="-4.619540"/>
      <trkpt lat="43.260940" lon="-4.619580"/>
      <trkpt lat="43.261210" lon="-4.619790"/>
      <trkpt lat="43.261340" lon="-4.619900"/>
      <trkpt lat="43.261840" lon="-4.620470"/>
      <trkpt lat="43.262340" lon="-4.620990"/>
      <trkpt lat="43.262570" lon="-4.621270"/>
      <trkpt lat="43.262680" lon="-4.621400"/>
      <trkpt lat="43.262800" lon="-4.621500"/>
      <trkpt lat="43.262900" lon="-4.621570"/>
      <trkpt lat="43.263000" lon="-4.621620"/>
      <trkpt lat="43.263130" lon="-4.621660"/>
      <trkpt lat="43.263180" lon="-4.621680"/>
      <trkpt lat="43.263230" lon="-4.621710"/>
      <trkpt lat="43.263290" lon="-4.621760"/>
      <trkpt lat="43.263350" lon="-4.621830"/>
      <trkpt lat="43.263420" lon="-4.621950"/>
      <trkpt lat="43.263440" lon="-4.621970"/>
      <trkpt lat="43.263500" lon="-4.622130"/>
      <trkpt lat="43.263570" lon="-4.622330"/>
      <trkpt lat="43.263650" lon="-4.622690"/>
      <trkpt lat="43.263700" lon="-4.622830"/>
      <trkpt lat="43.263760" lon="-4.622930"/>
      <trkpt lat="43.263860" lon="-4.623050"/>
      <trkpt lat="43.264070" lon="-4.623230"/>
      <trkpt lat="43.264210" lon="-4.623420"/>
      <trkpt lat="43.264310" lon="-4.623570"/>
      <trkpt lat="43.264490" lon="-4.623920"/>
      <trkpt lat="43.264530" lon="-4.624060"/>
      <trkpt lat="43.264610" lon="-4.624470"/>
      <trkpt lat="43.264670" lon="-4.624780"/>
      <trkpt lat="43.264790" lon="-4.625190"/>
      <trkpt lat="43.264950" lon="-4.625680"/>
      <trkpt lat="43.265020" lon="-4.625970"/>
      <trkpt lat="43.265050" lon="-4.626270"/>
      <trkpt lat="43.265070" lon="-4.626830"/>
      <trkpt lat="43.265090" lon="-4.627070"/>
      <trkpt lat="43.265190" lon="-4.627370"/>
      <trkpt lat="43.265240" lon="-4.627580"/>
      <trkpt lat="43.265270" lon="-4.627770"/>
      <trkpt lat="43.265320" lon="-4.628230"/>
      <trkpt lat="43.265350" lon="-4.628430"/>
      <trkpt lat="43.265390" lon="-4.628600"/>
      <trkpt lat="43.265450" lon="-4.628780"/>
      <trkpt lat="43.265530" lon="-4.628950"/>
      <trkpt lat="43.265720" lon="-4.629280"/>
      <trkpt lat="43.265890" lon="-4.629610"/>
      <trkpt lat="43.266030" lon="-4.629910"/>
      <trkpt lat="43.266100" lon="-4.630160"/>
      <trkpt lat="43.266210" lon="-4.630560"/>
      <trkpt lat="43.266240" lon="-4.630670"/>
      <trkpt lat="43.266330" lon="-4.631030"/>
      <trkpt lat="43.266430" lon="-4.631290"/>
      <trkpt lat="43.266490" lon="-4.631410"/>
      <trkpt lat="43.266560" lon="-4.631500"/>
      <trkpt lat="43.266660" lon="-4.631590"/>
      <trkpt lat="43.266760" lon="-4.631650"/>
      <trkpt lat="43.266840" lon="-4.631680"/>
      <trkpt lat="43.267010" lon="-4.631720"/>
      <trkpt lat="43.267150" lon="-4.631740"/>
      <trkpt lat="43.267210" lon="-4.631740"/>
      <trkpt lat="43.267240" lon="-4.631740"/>
      <trkpt lat="43.267410" lon="-4.631730"/>
      <trkpt lat="43.267480" lon="-4.631740"/>
      <trkpt lat="43.267580" lon="-4.631770"/>
      <trkpt lat="43.267590" lon="-4.631770"/>
      <trkpt lat="43.267660" lon="-4.631830"/>
      <trkpt lat="43.267730" lon="-4.631930"/>
      <trkpt lat="43.267780" lon="-4.632040"/>
      <trkpt lat="43.267840" lon="-4.632250"/>
      <trkpt lat="43.267950" lon="-4.632650"/>
      <trkpt lat="43.268010" lon="-4.633020"/>
      <trkpt lat="43.268030" lon="-4.633220"/>
      <trkpt lat="43.268030" lon="-4.633450"/>
      <trkpt lat="43.268000" lon="-4.633710"/>
      <trkpt lat="43.268000" lon="-4.633930"/>
      <trkpt lat="43.268080" lon="-4.634340"/>
      <trkpt lat="43.268150" lon="-4.634560"/>
      <trkpt lat="43.268240" lon="-4.634740"/>
      <trkpt lat="43.268320" lon="-4.634840"/>
      <trkpt lat="43.268420" lon="-4.634910"/>
      <trkpt lat="43.268490" lon="-4.634950"/>
      <trkpt lat="43.268620" lon="-4.634990"/>
      <trkpt lat="43.268880" lon="-4.635040"/>
      <trkpt lat="43.268970" lon="-4.635070"/>
      <trkpt lat="43.269070" lon="-4.635110"/>
      <trkpt lat="43.269400" lon="-4.635360"/>
      <trkpt lat="43.269590" lon="-4.635520"/>
      <trkpt lat="43.270130" lon="-4.636010"/>
      <trkpt lat="43.270250" lon="-4.636100"/>
      <trkpt lat="43.270540" lon="-4.636290"/>
      <trkpt lat="43.270720" lon="-4.636360"/>
      <trkpt lat="43.270930" lon="-4.636410"/>
      <trkpt lat="43.271150" lon="-4.636440"/>
      <trkpt lat="43.271520" lon="-4.636450"/>
      <trkpt lat="43.271770" lon="-4.636480"/>
      <trkpt lat="43.271960" lon="-4.636470"/>
      <trkpt lat="43.272420" lon="-4.636470"/>
      <trkpt lat="43.272600" lon="-4.636500"/>
      <trkpt lat="43.272760" lon="-4.636550"/>
      <trkpt lat="43.273260" lon="-4.636740"/>
      <trkpt lat="43.273460" lon="-4.636850"/>
      <trkpt lat="43.273800" lon="-4.637100"/>
      <trkpt lat="43.273930" lon="-4.637160"/>
      <trkpt lat="43.274040" lon="-4.637190"/>
      <trkpt lat="43.274190" lon="-4.637200"/>
      <trkpt lat="43.274300" lon="-4.637190"/>
      <trkpt lat="43.274380" lon="-4.637160"/>
      <trkpt lat="43.274500" lon="-4.637080"/>
      <trkpt lat="43.274670" lon="-4.637000"/>
      <trkpt lat="43.274820" lon="-4.636960"/>
      <trkpt lat="43.274880" lon="-4.636950"/>
      <trkpt lat="43.274950" lon="-4.636950"/>
      <trkpt lat="43.275090" lon="-4.636970"/>
      <trkpt lat="43.275210" lon="-4.636960"/>
      <trkpt lat="43.275300" lon="-4.636940"/>
      <trkpt lat="43.275390" lon="-4.636900"/>
      <trkpt lat="43.275520" lon="-4.636820"/>
      <trkpt lat="43.275620" lon="-4.636730"/>
      <trkpt lat="43.275730" lon="-4.636600"/>
      <trkpt lat="43.276310" lon="-4.636090"/>
      <trkpt lat="43.276540" lon="-4.635870"/>
      <trkpt lat="43.276720" lon="-4.635720"/>
      <trkpt lat="43.276880" lon="-4.635540"/>
      <trkpt lat="43.277170" lon="-4.635120"/>
      <trkpt lat="43.277300" lon="-4.634900"/>
      <trkpt lat="43.277430" lon="-4.634640"/>
      <trkpt lat="43.277650" lon="-4.634050"/>
      <trkpt lat="43.277740" lon="-4.633780"/>
      <trkpt lat="43.277790" lon="-4.633600"/>
      <trkpt lat="43.277830" lon="-4.633400"/>
      <trkpt lat="43.277860" lon="-4.633080"/>
      <trkpt lat="43.277880" lon="-4.632800"/>
      <trkpt lat="43.277890" lon="-4.632640"/>
      <trkpt lat="43.277880" lon="-4.632430"/>
      <trkpt lat="43.277860" lon="-4.632250"/>
      <trkpt lat="43.277830" lon="-4.632080"/>
      <trkpt lat="43.277820" lon="-4.631980"/>
      <trkpt lat="43.277830" lon="-4.631880"/>
      <trkpt lat="43.277880" lon="-4.631700"/>
      <trkpt lat="43.278010" lon="-4.631360"/>
      <trkpt lat="43.278060" lon="-4.631250"/>
      <trkpt lat="43.278130" lon="-4.631160"/>
      <trkpt lat="43.278220" lon="-4.631090"/>
      <trkpt lat="43.278340" lon="-4.631040"/>
      <trkpt lat="43.278590" lon="-4.630990"/>
      <trkpt lat="43.278700" lon="-4.630970"/>
      <trkpt lat="43.278880" lon="-4.630920"/>
      <trkpt lat="43.279310" lon="-4.630810"/>
      <trkpt lat="43.279680" lon="-4.630710"/>
      <trkpt lat="43.279820" lon="-4.630640"/>
      <trkpt lat="43.279930" lon="-4.630560"/>
      <trkpt lat="43.280020" lon="-4.630440"/>
      <trkpt lat="43.280090" lon="-4.630300"/>
      <trkpt lat="43.280230" lon="-4.629890"/>
      <trkpt lat="43.280530" lon="-4.629070"/>
      <trkpt lat="43.280850" lon="-4.628330"/>
      <trkpt lat="43.281250" lon="-4.627610"/>
      <trkpt lat="43.281420" lon="-4.627340"/>
      <trkpt lat="43.281490" lon="-4.627250"/>
      <trkpt lat="43.281570" lon="-4.627170"/>
      <trkpt lat="43.281650" lon="-4.627120"/>
      <trkpt lat="43.281740" lon="-4.627090"/>
      <trkpt lat="43.281880" lon="-4.627050"/>
      <trkpt lat="43.281970" lon="-4.627010"/>
      <trkpt lat="43.282070" lon="-4.626950"/>
      <trkpt lat="43.282240" lon="-4.626830"/>
      <trkpt lat="43.282400" lon="-4.626750"/>
      <trkpt lat="43.282530" lon="-4.626700"/>
      <trkpt lat="43.282790" lon="-4.626640"/>
      <trkpt lat="43.283060" lon="-4.626590"/>
      <trkpt lat="43.283570" lon="-4.626530"/>
      <trkpt lat="43.283800" lon="-4.626500"/>
      <trkpt lat="43.284000" lon="-4.626490"/>
      <trkpt lat="43.284250" lon="-4.626500"/>
      <trkpt lat="43.284470" lon="-4.626480"/>
      <trkpt lat="43.284660" lon="-4.626460"/>
      <trkpt lat="43.284890" lon="-4.626370"/>
      <trkpt lat="43.285100" lon="-4.626280"/>
      <trkpt lat="43.285490" lon="-4.626150"/>
      <trkpt lat="43.285660" lon="-4.626040"/>
      <trkpt lat="43.286010" lon="-4.625800"/>
      <trkpt lat="43.286170" lon="-4.625660"/>
      <trkpt lat="43.286350" lon="-4.625490"/>
      <trkpt lat="43.286520" lon="-4.625350"/>
      <trkpt lat="43.286650" lon="-4.625270"/>
      <trkpt lat="43.287160" lon="-4.624970"/>
      <trkpt lat="43.287590" lon="-4.624690"/>
      <trkpt lat="43.288060" lon="-4.624300"/>
      <trkpt lat="43.288360" lon="-4.624050"/>
      <trkpt lat="43.288540" lon="-4.623770"/>
      <trkpt lat="43.288670" lon="-4.623540"/>
      <trkpt lat="43.288750" lon="-4.623290"/>
      <trkpt lat="43.288770" lon="-4.622900"/>
      <trkpt lat="43.288770" lon="-4.622520"/>
      <trkpt lat="43.288720" lon="-4.622220"/>
      <trkpt lat="43.288310" lon="-4.620600"/>
      <trkpt lat="43.288300" lon="-4.620420"/>
      <trkpt lat="43.288320" lon="-4.620290"/>
      <trkpt lat="43.288430" lon="-4.620050"/>
      <trkpt lat="43.288890" lon="-4.619460"/>
      <trkpt lat="43.289100" lon="-4.619260"/>
      <trkpt lat="43.289200" lon="-4.619200"/>
      <trkpt lat="43.289960" lon="-4.619190"/>
      <trkpt lat="43.290210" lon="-4.619150"/>
      <trkpt lat="43.290310" lon="-4.619120"/>
      <trkpt lat="43.290520" lon="-4.618990"/>
      <trkpt lat="43.290730" lon="-4.618820"/>
      <trkpt lat="43.290840" lon="-4.618680"/>
      <trkpt lat="43.290880" lon="-4.618580"/>
      <trkpt lat="43.290910" lon="-4.618420"/>
      <trkpt lat="43.290920" lon="-4.617990"/>
      <trkpt lat="43.291050" lon="-4.617330"/>
      <trkpt lat="43.291130" lon="-4.616730"/>
      <trkpt lat="43.291270" lon="-4.616090"/>
      <trkpt lat="43.291430" lon="-4.615660"/>
      <trkpt lat="43.291560" lon="-4.615380"/>
      <trkpt lat="43.291670" lon="-4.615250"/>
      <trkpt lat="43.291830" lon="-4.615150"/>
      <trkpt lat="43.292020" lon="-4.615090"/>
      <trkpt lat="43.292250" lon="-4.614980"/>
      <trkpt lat="43.292510" lon="-4.614770"/>
      <trkpt lat="43.292690" lon="-4.614490"/>
      <trkpt lat="43.292840" lon="-4.614140"/>
      <trkpt lat="43.293080" lon="-4.613170"/>
      <trkpt lat="43.293170" lon="-4.612910"/>
      <trkpt lat="43.293360" lon="-4.612720"/>
      <trkpt lat="43.293480" lon="-4.612610"/>
      <trkpt lat="43.293670" lon="-4.612490"/>
      <trkpt lat="43.293740" lon="-4.612430"/>
      <trkpt lat="43.293810" lon="-4.612320"/>
      <trkpt lat="43.294030" lon="-4.611990"/>
      <trkpt lat="43.294130" lon="-4.611790"/>
      <trkpt lat="43.294230" lon="-4.611540"/>
      <trkpt lat="43.294280" lon="-4.611340"/>
      <trkpt lat="43.294320" lon="-4.611160"/>
      <trkpt lat="43.294450" lon="-4.610540"/>
      <trkpt lat="43.294520" lon="-4.610130"/>
      <trkpt lat="43.294710" lon="-4.609440"/>
      <trkpt lat="43.294790" lon="-4.609150"/>
      <trkpt lat="43.295040" lon="-4.608730"/>
      <trkpt lat="43.295360" lon="-4.608230"/>
      <trkpt lat="43.295710" lon="-4.607650"/>
      <trkpt lat="43.296000" lon="-4.607430"/>
      <trkpt lat="43.296190" lon="-4.607350"/>
      <trkpt lat="43.296290" lon="-4.607300"/>
      <trkpt lat="43.296350" lon="-4.607280"/>
      <trkpt lat="43.296440" lon="-4.607250"/>
      <trkpt lat="43.296540" lon="-4.607230"/>
      <trkpt lat="43.296900" lon="-4.607180"/>
      <trkpt lat="43.296980" lon="-4.607180"/>
      <trkpt lat="43.297110" lon="-4.607180"/>
      <trkpt lat="43.297190" lon="-4.607190"/>
      <trkpt lat="43.297250" lon="-4.607200"/>
      <trkpt lat="43.297300" lon="-4.607220"/>
      <trkpt lat="43.297390" lon="-4.607260"/>
      <trkpt lat="43.297470" lon="-4.607310"/>
      <trkpt lat="43.297710" lon="-4.607460"/>
      <trkpt lat="43.297740" lon="-4.607480"/>
      <trkpt lat="43.297770" lon="-4.607490"/>
      <trkpt lat="43.297800" lon="-4.607500"/>
      <trkpt lat="43.297820" lon="-4.607500"/>
      <trkpt lat="43.297850" lon="-4.607500"/>
      <trkpt lat="43.297880" lon="-4.607500"/>
      <trkpt lat="43.297910" lon="-4.607490"/>
      <trkpt lat="43.297930" lon="-4.607480"/>
      <trkpt lat="43.297940" lon="-4.607470"/>
      <trkpt lat="43.297970" lon="-4.607460"/>
      <trkpt lat="43.297990" lon="-4.607440"/>
      <trkpt lat="43.298010" lon="-4.607420"/>
      <trkpt lat="43.298060" lon="-4.607360"/>
      <trkpt lat="43.298080" lon="-4.607340"/>
      <trkpt lat="43.298100" lon="-4.607320"/>
      <trkpt lat="43.298130" lon="-4.607300"/>
      <trkpt lat="43.298150" lon="-4.607290"/>
      <trkpt lat="43.298180" lon="-4.607280"/>
      <trkpt lat="43.298230" lon="-4.607270"/>
      <trkpt lat="43.298290" lon="-4.607270"/>
      <trkpt lat="43.298340" lon="-4.607270"/>
      <trkpt lat="43.298410" lon="-4.607270"/>
      <trkpt lat="43.298450" lon="-4.607250"/>
      <trkpt lat="43.298510" lon="-4.607230"/>
      <trkpt lat="43.298570" lon="-4.607210"/>
      <trkpt lat="43.298610" lon="-4.607190"/>
      <trkpt lat="43.298710" lon="-4.607150"/>
      <trkpt lat="43.298800" lon="-4.607100"/>
      <trkpt lat="43.298910" lon="-4.607050"/>
      <trkpt lat="43.299010" lon="-4.606990"/>
      <trkpt lat="43.299110" lon="-4.606940"/>
      <trkpt lat="43.299400" lon="-4.606740"/>
      <trkpt lat="43.299660" lon="-4.606580"/>
      <trkpt lat="43.299950" lon="-4.606440"/>
      <trkpt lat="43.300280" lon="-4.606280"/>
      <trkpt lat="43.300400" lon="-4.606240"/>
      <trkpt lat="43.300480" lon="-4.606240"/>
      <trkpt lat="43.300690" lon="-4.606270"/>
      <trkpt lat="43.300880" lon="-4.606300"/>
      <trkpt lat="43.301200" lon="-4.606350"/>
      <trkpt lat="43.301400" lon="-4.606380"/>
      <trkpt lat="43.301670" lon="-4.606380"/>
      <trkpt lat="43.301820" lon="-4.606370"/>
      <trkpt lat="43.301920" lon="-4.606330"/>
      <trkpt lat="43.302170" lon="-4.606210"/>
      <trkpt lat="43.302460" lon="-4.606070"/>
      <trkpt lat="43.302570" lon="-4.606010"/>
      <trkpt lat="43.302670" lon="-4.605920"/>
      <trkpt lat="43.302980" lon="-4.605650"/>
      <trkpt lat="43.303220" lon="-4.605440"/>
      <trkpt lat="43.303460" lon="-4.605240"/>
      <trkpt lat="43.303630" lon="-4.605130"/>
      <trkpt lat="43.303780" lon="-4.605060"/>
      <trkpt lat="43.303950" lon="-4.605000"/>
      <trkpt lat="43.304160" lon="-4.604940"/>
      <trkpt lat="43.304320" lon="-4.604940"/>
      <trkpt lat="43.304510" lon="-4.604990"/>
      <trkpt lat="43.304780" lon="-4.605030"/>
      <trkpt lat="43.305130" lon="-4.605140"/>
      <trkpt lat="43.305270" lon="-4.605230"/>
      <trkpt lat="43.305360" lon="-4.605310"/>
      <trkpt lat="43.305460" lon="-4.605470"/>
      <trkpt lat="43.305550" lon="-4.605580"/>
      <trkpt lat="43.305750" lon="-4.605830"/>
      <trkpt lat="43.306150" lon="-4.606380"/>
      <trkpt lat="43.306310" lon="-4.606540"/>
      <trkpt lat="43.306450" lon="-4.606660"/>
      <trkpt lat="43.306690" lon="-4.606800"/>
      <trkpt lat="43.306910" lon="-4.606950"/>
      <trkpt lat="43.307240" lon="-4.607320"/>
      <trkpt lat="43.307480" lon="-4.607530"/>
      <trkpt lat="43.307860" lon="-4.607650"/>
      <trkpt lat="43.308040" lon="-4.607700"/>
      <trkpt lat="43.308560" lon="-4.607700"/>
      <trkpt lat="43.308860" lon="-4.607690"/>
      <trkpt lat="43.309060" lon="-4.607710"/>
      <trkpt lat="43.309230" lon="-4.607770"/>
      <trkpt lat="43.309390" lon="-4.607880"/>
      <trkpt lat="43.309570" lon="-4.608090"/>
      <trkpt lat="43.309710" lon="-4.608270"/>
      <trkpt lat="43.310140" lon="-4.609040"/>
      <trkpt lat="43.310210" lon="-4.609140"/>
      <trkpt lat="43.310280" lon="-4.609200"/>
      <trkpt lat="43.310340" lon="-4.609200"/>
      <trkpt lat="43.310450" lon="-4.609130"/>
      <trkpt lat="43.310700" lon="-4.608900"/>
      <trkpt lat="43.310860" lon="-4.608800"/>
      <trkpt lat="43.311020" lon="-4.608710"/>
      <trkpt lat="43.311300" lon="-4.608600"/>
      <trkpt lat="43.311500" lon="-4.608610"/>
      <trkpt lat="43.311650" lon="-4.608620"/>
      <trkpt lat="43.312270" lon="-4.608790"/>
      <trkpt lat="43.312600" lon="-4.608870"/>
      <trkpt lat="43.312780" lon="-4.608900"/>
      <trkpt lat="43.312990" lon="-4.608880"/>
      <trkpt lat="43.313190" lon="-4.608830"/>
      <trkpt lat="43.313300" lon="-4.608810"/>
      <trkpt lat="43.313440" lon="-4.608800"/>
      <trkpt lat="43.313680" lon="-4.608790"/>
      <trkpt lat="43.313920" lon="-4.608730"/>
      <trkpt lat="43.314140" lon="-4.608670"/>
      <trkpt lat="43.314300" lon="-4.608600"/>
      <trkpt lat="43.314420" lon="-4.608500"/>
      <trkpt lat="43.314530" lon="-4.608390"/>
      <trkpt lat="43.314600" lon="-4.608250"/>
      <trkpt lat="43.314670" lon="-4.608010"/>
      <trkpt lat="43.314770" lon="-4.607620"/>
      <trkpt lat="43.314830" lon="-4.607450"/>
      <trkpt lat="43.314890" lon="-4.607330"/>
      <trkpt lat="43.315030" lon="-4.607170"/>
      <trkpt lat="43.315430" lon="-4.606850"/>
      <trkpt lat="43.315600" lon="-4.606740"/>
      <trkpt lat="43.315760" lon="-4.606680"/>
      <trkpt lat="43.315880" lon="-4.606690"/>
      <trkpt lat="43.316780" lon="-4.607010"/>
      <trkpt lat="43.316920" lon="-4.607040"/>
      <trkpt lat="43.317120" lon="-4.607060"/>
      <trkpt lat="43.317420" lon="-4.607150"/>
      <trkpt lat="43.317820" lon="-4.607140"/>
      <trkpt lat="43.317870" lon="-4.607140"/>
      <trkpt lat="43.318300" lon="-4.607120"/>
      <trkpt lat="43.318480" lon="-4.607110"/>
      <trkpt lat="43.318610" lon="-4.607080"/>
      <trkpt lat="43.318960" lon="-4.606860"/>
      <trkpt lat="43.319080" lon="-4.606760"/>
      <trkpt lat="43.319170" lon="-4.606620"/>
      <trkpt lat="43.319420" lon="-4.606090"/>
      <trkpt lat="43.319500" lon="-4.605970"/>
      <trkpt lat="43.319580" lon="-4.605880"/>
      <trkpt lat="43.319820" lon="-4.605760"/>
      <trkpt lat="43.319990" lon="-4.605640"/>
      <trkpt lat="43.320230" lon="-4.605380"/>
      <trkpt lat="43.320480" lon="-4.605020"/>
      <trkpt lat="43.320550" lon="-4.604900"/>
      <trkpt lat="43.320600" lon="-4.604780"/>
      <trkpt lat="43.320630" lon="-4.604600"/>
      <trkpt lat="43.320640" lon="-4.604310"/>
      <trkpt lat="43.320580" lon="-4.602780"/>
      <trkpt lat="43.320400" lon="-4.600830"/>
      <trkpt lat="43.320200" lon="-4.599230"/>
      <trkpt lat="43.320160" lon="-4.597220"/>
      <trkpt lat="43.320100" lon="-4.596310"/>
      <trkpt lat="43.320060" lon="-4.595230"/>
      <trkpt lat="43.320000" lon="-4.594000"/>
      <trkpt lat="43.319990" lon="-4.593490"/>
      <trkpt lat="43.319990" lon="-4.593360"/>
      <trkpt lat="43.320000" lon="-4.593160"/>
      <trkpt lat="43.320040" lon="-4.592810"/>
      <trkpt lat="43.320110" lon="-4.592430"/>
      <trkpt lat="43.320240" lon="-4.592000"/>
      <trkpt lat="43.320390" lon="-4.591540"/>
      <trkpt lat="43.320610" lon="-4.590860"/>
      <trkpt lat="43.321000" lon="-4.589680"/>
      <trkpt lat="43.321120" lon="-4.589310"/>
      <trkpt lat="43.321250" lon="-4.588910"/>
      <trkpt lat="43.321880" lon="-4.587020"/>
      <trkpt lat="43.321940" lon="-4.586840"/>
      <trkpt lat="43.322120" lon="-4.586400"/>
      <trkpt lat="43.322570" lon="-4.585420"/>
      <trkpt lat="43.322780" lon="-4.585070"/>
      <trkpt lat="43.323090" lon="-4.584690"/>
      <trkpt lat="43.323200" lon="-4.584570"/>
      <trkpt lat="43.323260" lon="-4.584510"/>
      <trkpt lat="43.323600" lon="-4.584190"/>
      <trkpt lat="43.323780" lon="-4.584020"/>
      <trkpt lat="43.323990" lon="-4.583850"/>
      <trkpt lat="43.324120" lon="-4.583760"/>
      <trkpt lat="43.324320" lon="-4.583680"/>
      <trkpt lat="43.324470" lon="-4.583630"/>
      <trkpt lat="43.324810" lon="-4.583670"/>
      <trkpt lat="43.325120" lon="-4.583750"/>
      <trkpt lat="43.325500" lon="-4.583890"/>
      <trkpt lat="43.325670" lon="-4.583970"/>
      <trkpt lat="43.325800" lon="-4.584070"/>
      <trkpt lat="43.325880" lon="-4.584130"/>
      <trkpt lat="43.325940" lon="-4.584190"/>
      <trkpt lat="43.325990" lon="-4.584240"/>
      <trkpt lat="43.326040" lon="-4.584310"/>
      <trkpt lat="43.326080" lon="-4.584350"/>
      <trkpt lat="43.326130" lon="-4.584390"/>
      <trkpt lat="43.326180" lon="-4.584400"/>
      <trkpt lat="43.326250" lon="-4.584410"/>
      <trkpt lat="43.326260" lon="-4.584450"/>
      <trkpt lat="43.326290" lon="-4.584520"/>
      <trkpt lat="43.326300" lon="-4.584580"/>
      <trkpt lat="43.326300" lon="-4.584650"/>
      <trkpt lat="43.326290" lon="-4.584770"/>
      <trkpt lat="43.326300" lon="-4.584810"/>
      <trkpt lat="43.326330" lon="-4.584930"/>
      <trkpt lat="43.326600" lon="-4.586180"/>
      <trkpt lat="43.326630" lon="-4.586290"/>
      <trkpt lat="43.326680" lon="-4.586550"/>
      <trkpt lat="43.326740" lon="-4.586840"/>
      <trkpt lat="43.326950" lon="-4.587630"/>
      <trkpt lat="43.327110" lon="-4.588240"/>
      <trkpt lat="43.327360" lon="-4.589420"/>
      <trkpt lat="43.327400" lon="-4.589600"/>
      <trkpt lat="43.327420" lon="-4.589790"/>
      <trkpt lat="43.327430" lon="-4.590010"/>
      <trkpt lat="43.327420" lon="-4.590250"/>
      <trkpt lat="43.327390" lon="-4.590450"/>
      <trkpt lat="43.327350" lon="-4.590630"/>
      <trkpt lat="43.327260" lon="-4.590860"/>
      <trkpt lat="43.327150" lon="-4.591090"/>
      <trkpt lat="43.327020" lon="-4.591320"/>
      <trkpt lat="43.324950" lon="-4.594890"/>
      <trkpt lat="43.324800" lon="-4.595140"/>
      <trkpt lat="43.324650" lon="-4.595410"/>
      <trkpt lat="43.324530" lon="-4.595570"/>
      <trkpt lat="43.324460" lon="-4.595660"/>
      <trkpt lat="43.324380" lon="-4.595740"/>
      <trkpt lat="43.324250" lon="-4.595840"/>
      <trkpt lat="43.324090" lon="-4.595910"/>
      <trkpt lat="43.323950" lon="-4.595950"/>
      <trkpt lat="43.323550" lon="-4.596030"/>
      <trkpt lat="43.323400" lon="-4.596070"/>
      <trkpt lat="43.323230" lon="-4.596130"/>
      <trkpt lat="43.323070" lon="-4.596230"/>
      <trkpt lat="43.322950" lon="-4.596320"/>
      <trkpt lat="43.322840" lon="-4.596440"/>
      <trkpt lat="43.322710" lon="-4.596600"/>
      <trkpt lat="43.322590" lon="-4.596790"/>
      <trkpt lat="43.322540" lon="-4.596910"/>
      <trkpt lat="43.322470" lon="-4.597070"/>
      <trkpt lat="43.322410" lon="-4.597260"/>
      <trkpt lat="43.322370" lon="-4.597460"/>
      <trkpt lat="43.322330" lon="-4.597760"/>
      <trkpt lat="43.322320" lon="-4.598110"/>
      <trkpt lat="43.322270" lon="-4.599210"/>
      <trkpt lat="43.322280" lon="-4.599580"/>
      <trkpt lat="43.322320" lon="-4.599800"/>
      <trkpt lat="43.322360" lon="-4.600000"/>
      <trkpt lat="43.322420" lon="-4.600190"/>
      <trkpt lat="43.322500" lon="-4.600360"/>
      <trkpt lat="43.322690" lon="-4.600720"/>
      <trkpt lat="43.322750" lon="-4.600830"/>
      <trkpt lat="43.322830" lon="-4.601020"/>
      <trkpt lat="43.322900" lon="-4.601210"/>
      <trkpt lat="43.322960" lon="-4.601450"/>
      <trkpt lat="43.322990" lon="-4.601700"/>
      <trkpt lat="43.323000" lon="-4.601940"/>
      <trkpt lat="43.322990" lon="-4.602150"/>
      <trkpt lat="43.322970" lon="-4.602360"/>
      <trkpt lat="43.322870" lon="-4.603060"/>
      <trkpt lat="43.322850" lon="-4.603180"/>
      <trkpt lat="43.322660" lon="-4.604240"/>
      <trkpt lat="43.322530" lon="-4.604940"/>
      <trkpt lat="43.322490" lon="-4.605120"/>
      <trkpt lat="43.322470" lon="-4.605310"/>
      <trkpt lat="43.322460" lon="-4.605500"/>
      <trkpt lat="43.322480" lon="-4.605730"/>
      <trkpt lat="43.322520" lon="-4.606010"/>
      <trkpt lat="43.322550" lon="-4.606220"/>
      <trkpt lat="43.322570" lon="-4.606430"/>
      <trkpt lat="43.322580" lon="-4.606710"/>
      <trkpt lat="43.322540" lon="-4.607360"/>
      <trkpt lat="43.322480" lon="-4.608260"/>
      <trkpt lat="43.322450" lon="-4.608440"/>
      <trkpt lat="43.322410" lon="-4.608590"/>
      <trkpt lat="43.322300" lon="-4.608940"/>
      <trkpt lat="43.322270" lon="-4.609070"/>
      <trkpt lat="43.322240" lon="-4.609210"/>
      <trkpt lat="43.322210" lon="-4.609470"/>
      <trkpt lat="43.322180" lon="-4.609920"/>
      <trkpt lat="43.322150" lon="-4.610160"/>
      <trkpt lat="43.322090" lon="-4.610400"/>
      <trkpt lat="43.322020" lon="-4.610590"/>
      <trkpt lat="43.321930" lon="-4.610780"/>
      <trkpt lat="43.321810" lon="-4.610960"/>
      <trkpt lat="43.321660" lon="-4.611120"/>
      <trkpt lat="43.321530" lon="-4.611220"/>
      <trkpt lat="43.321400" lon="-4.611310"/>
      <trkpt lat="43.321260" lon="-4.611360"/>
      <trkpt lat="43.321090" lon="-4.611380"/>
      <trkpt lat="43.320690" lon="-4.611420"/>
      <trkpt lat="43.320550" lon="-4.611440"/>
      <trkpt lat="43.320420" lon="-4.611490"/>
      <trkpt lat="43.320300" lon="-4.611570"/>
      <trkpt lat="43.320210" lon="-4.611660"/>
      <trkpt lat="43.320110" lon="-4.611760"/>
      <trkpt lat="43.319860" lon="-4.612140"/>
      <trkpt lat="43.319630" lon="-4.612460"/>
      <trkpt lat="43.319420" lon="-4.612740"/>
      <trkpt lat="43.319030" lon="-4.613180"/>
      <trkpt lat="43.318430" lon="-4.613870"/>
      <trkpt lat="43.318160" lon="-4.614210"/>
      <trkpt lat="43.318100" lon="-4.614290"/>
      <trkpt lat="43.318030" lon="-4.614420"/>
      <trkpt lat="43.317910" lon="-4.614710"/>
      <trkpt lat="43.317520" lon="-4.615890"/>
      <trkpt lat="43.317490" lon="-4.616050"/>
      <trkpt lat="43.317480" lon="-4.616280"/>
      <trkpt lat="43.317490" lon="-4.616430"/>
      <trkpt lat="43.317520" lon="-4.616590"/>
      <trkpt lat="43.317590" lon="-4.616930"/>
      <trkpt lat="43.317610" lon="-4.617080"/>
      <trkpt lat="43.317610" lon="-4.617250"/>
      <trkpt lat="43.317590" lon="-4.617570"/>
      <trkpt lat="43.317590" lon="-4.617820"/>
      <trkpt lat="43.317600" lon="-4.618030"/>
      <trkpt lat="43.317620" lon="-4.618250"/>
      <trkpt lat="43.317650" lon="-4.618460"/>
      <trkpt lat="43.317700" lon="-4.618680"/>
      <trkpt lat="43.317750" lon="-4.618840"/>
      <trkpt lat="43.317800" lon="-4.619000"/>
      <trkpt lat="43.318020" lon="-4.619580"/>
      <trkpt lat="43.318100" lon="-4.619830"/>
      <trkpt lat="43.318460" lon="-4.621370"/>
      <trkpt lat="43.318530" lon="-4.621630"/>
      <trkpt lat="43.318650" lon="-4.621860"/>
      <trkpt lat="43.319130" lon="-4.622650"/>
      <trkpt lat="43.319220" lon="-4.622820"/>
      <trkpt lat="43.319300" lon="-4.622980"/>
      <trkpt lat="43.319410" lon="-4.623240"/>
      <trkpt lat="43.319710" lon="-4.624090"/>
      <trkpt lat="43.319730" lon="-4.624220"/>
      <trkpt lat="43.319750" lon="-4.624330"/>
      <trkpt lat="43.319760" lon="-4.624450"/>
      <trkpt lat="43.319760" lon="-4.624590"/>
      <trkpt lat="43.319740" lon="-4.624770"/>
      <trkpt lat="43.319700" lon="-4.625510"/>
      <trkpt lat="43.319670" lon="-4.625980"/>
      <trkpt lat="43.319660" lon="-4.626240"/>
      <trkpt lat="43.319640" lon="-4.626470"/>
      <trkpt lat="43.319600" lon="-4.626700"/>
      <trkpt lat="43.319580" lon="-4.626780"/>
      <trkpt lat="43.319570" lon="-4.626870"/>
      <trkpt lat="43.319570" lon="-4.627060"/>
      <trkpt lat="43.319570" lon="-4.627230"/>
      <trkpt lat="43.319550" lon="-4.627370"/>
      <trkpt lat="43.319500" lon="-4.627580"/>
      <trkpt lat="43.319480" lon="-4.627730"/>
      <trkpt lat="43.319490" lon="-4.627820"/>
      <trkpt lat="43.319530" lon="-4.628020"/>
      <trkpt lat="43.319540" lon="-4.628150"/>
      <trkpt lat="43.319560" lon="-4.628620"/>
      <trkpt lat="43.319570" lon="-4.628800"/>
      <trkpt lat="43.319590" lon="-4.628970"/>
      <trkpt lat="43.319650" lon="-4.629160"/>
      <trkpt lat="43.319730" lon="-4.629370"/>
      <trkpt lat="43.319770" lon="-4.629470"/>
      <trkpt lat="43.319810" lon="-4.629690"/>
      <trkpt lat="43.319860" lon="-4.629870"/>
      <trkpt lat="43.319950" lon="-4.630140"/>
      <trkpt lat="43.320100" lon="-4.630480"/>
      <trkpt lat="43.320140" lon="-4.630600"/>
      <trkpt lat="43.320170" lon="-4.630710"/>
      <trkpt lat="43.320180" lon="-4.630830"/>
      <trkpt lat="43.320250" lon="-4.632240"/>
      <trkpt lat="43.320280" lon="-4.632550"/>
      <trkpt lat="43.320330" lon="-4.632840"/>
      <trkpt lat="43.320420" lon="-4.633100"/>
      <trkpt lat="43.320470" lon="-4.633270"/>
      <trkpt lat="43.320500" lon="-4.633480"/>
      <trkpt lat="43.320550" lon="-4.633650"/>
      <trkpt lat="43.320660" lon="-4.633890"/>
      <trkpt lat="43.320730" lon="-4.634100"/>
      <trkpt lat="43.320830" lon="-4.634420"/>
      <trkpt lat="43.320880" lon="-4.634530"/>
      <trkpt lat="43.321000" lon="-4.634680"/>
      <trkpt lat="43.321680" lon="-4.635550"/>
      <trkpt lat="43.321810" lon="-4.635730"/>
      <trkpt lat="43.322030" lon="-4.636170"/>
      <trkpt lat="43.322230" lon="-4.636550"/>
      <trkpt lat="43.322410" lon="-4.636950"/>
      <trkpt lat="43.322680" lon="-4.637660"/>
      <trkpt lat="43.322790" lon="-4.637880"/>
      <trkpt lat="43.322890" lon="-4.638040"/>
      <trkpt lat="43.323030" lon="-4.638210"/>
      <trkpt lat="43.323170" lon="-4.638330"/>
      <trkpt lat="43.323360" lon="-4.638470"/>
      <trkpt lat="43.323950" lon="-4.638860"/>
      <trkpt lat="43.324100" lon="-4.638980"/>
      <trkpt lat="43.324230" lon="-4.639110"/>
      <trkpt lat="43.324340" lon="-4.639250"/>
      <trkpt lat="43.324470" lon="-4.639440"/>
      <trkpt lat="43.324590" lon="-4.639660"/>
      <trkpt lat="43.324740" lon="-4.639990"/>
      <trkpt lat="43.325030" lon="-4.640640"/>
      <trkpt lat="43.325630" lon="-4.642070"/>
      <trkpt lat="43.325780" lon="-4.642390"/>
      <trkpt lat="43.325970" lon="-4.642730"/>
      <trkpt lat="43.326240" lon="-4.643140"/>
      <trkpt lat="43.326320" lon="-4.643280"/>
      <trkpt lat="43.326380" lon="-4.643440"/>
      <trkpt lat="43.326450" lon="-4.643620"/>
      <trkpt lat="43.326540" lon="-4.643820"/>
      <trkpt lat="43.326650" lon="-4.644010"/>
      <trkpt lat="43.326740" lon="-4.644160"/>
      <trkpt lat="43.326820" lon="-4.644360"/>
      <trkpt lat="43.327050" lon="-4.645050"/>
      <trkpt lat="43.327200" lon="-4.645640"/>
      <trkpt lat="43.327310" lon="-4.646240"/>
      <trkpt lat="43.327370" lon="-4.646620"/>
      <trkpt lat="43.327420" lon="-4.647030"/>
      <trkpt lat="43.327570" lon="-4.648400"/>
      <trkpt lat="43.327610" lon="-4.648980"/>
      <trkpt lat="43.327630" lon="-4.649350"/>
      <trkpt lat="43.327620" lon="-4.649790"/>
      <trkpt lat="43.327610" lon="-4.650010"/>
      <trkpt lat="43.327590" lon="-4.650220"/>
      <trkpt lat="43.327550" lon="-4.650880"/>
      <trkpt lat="43.327540" lon="-4.651190"/>
      <trkpt lat="43.327550" lon="-4.651460"/>
      <trkpt lat="43.327570" lon="-4.651650"/>
      <trkpt lat="43.327600" lon="-4.651860"/>
      <trkpt lat="43.327660" lon="-4.652120"/>
      <trkpt lat="43.327720" lon="-4.652320"/>
      <trkpt lat="43.327870" lon="-4.652690"/>
      <trkpt lat="43.327930" lon="-4.652870"/>
      <trkpt lat="43.327980" lon="-4.653040"/>
      <trkpt lat="43.328000" lon="-4.653180"/>
      <trkpt lat="43.328020" lon="-4.653300"/>
      <trkpt lat="43.328030" lon="-4.653450"/>
      <trkpt lat="43.328020" lon="-4.653650"/>
      <trkpt lat="43.328000" lon="-4.653900"/>
      <trkpt lat="43.327930" lon="-4.654300"/>
      <trkpt lat="43.327920" lon="-4.654530"/>
      <trkpt lat="43.327920" lon="-4.654760"/>
      <trkpt lat="43.327940" lon="-4.654990"/>
      <trkpt lat="43.327980" lon="-4.655240"/>
      <trkpt lat="43.328060" lon="-4.655600"/>
      <trkpt lat="43.328240" lon="-4.656240"/>
      <trkpt lat="43.328550" lon="-4.657130"/>
      <trkpt lat="43.328610" lon="-4.657310"/>
      <trkpt lat="43.328700" lon="-4.657460"/>
      <trkpt lat="43.328790" lon="-4.657560"/>
      <trkpt lat="43.329050" lon="-4.657790"/>
      <trkpt lat="43.329160" lon="-4.657900"/>
      <trkpt lat="43.329300" lon="-4.658090"/>
      <trkpt lat="43.329570" lon="-4.658510"/>
      <trkpt lat="43.329640" lon="-4.658660"/>
      <trkpt lat="43.329700" lon="-4.658820"/>
      <trkpt lat="43.329750" lon="-4.658990"/>
      <trkpt lat="43.329770" lon="-4.659160"/>
      <trkpt lat="43.329780" lon="-4.659310"/>
      <trkpt lat="43.329770" lon="-4.659460"/>
      <trkpt lat="43.329740" lon="-4.659660"/>
      <trkpt lat="43.329620" lon="-4.660330"/>
      <trkpt lat="43.329570" lon="-4.660530"/>
      <trkpt lat="43.329490" lon="-4.660750"/>
      <trkpt lat="43.329190" lon="-4.661320"/>
      <trkpt lat="43.329060" lon="-4.661620"/>
      <trkpt lat="43.329010" lon="-4.661790"/>
      <trkpt lat="43.328980" lon="-4.661950"/>
      <trkpt lat="43.328960" lon="-4.662080"/>
      <trkpt lat="43.328960" lon="-4.662250"/>
      <trkpt lat="43.328970" lon="-4.662410"/>
      <trkpt lat="43.329020" lon="-4.662960"/>
      <trkpt lat="43.329050" lon="-4.663290"/>
      <trkpt lat="43.329080" lon="-4.663510"/>
      <trkpt lat="43.329140" lon="-4.663750"/>
      <trkpt lat="43.329220" lon="-4.664070"/>
      <trkpt lat="43.329280" lon="-4.664380"/>
      <trkpt lat="43.329320" lon="-4.664600"/>
      <trkpt lat="43.329410" lon="-4.665310"/>
      <trkpt lat="43.329430" lon="-4.665640"/>
      <trkpt lat="43.329430" lon="-4.665800"/>
      <trkpt lat="43.329410" lon="-4.665930"/>
      <trkpt lat="43.329380" lon="-4.666060"/>
      <trkpt lat="43.329340" lon="-4.666180"/>
      <trkpt lat="43.329290" lon="-4.666310"/>
      <trkpt lat="43.329220" lon="-4.666430"/>
      <trkpt lat="43.328960" lon="-4.666830"/>
      <trkpt lat="43.328700" lon="-4.667260"/>
      <trkpt lat="43.328630" lon="-4.667410"/>
      <trkpt lat="43.328560" lon="-4.667570"/>
      <trkpt lat="43.328490" lon="-4.667790"/>
      <trkpt lat="43.328360" lon="-4.668460"/>
      <trkpt lat="43.328000" lon="-4.669930"/>
      <trkpt lat="43.327920" lon="-4.670170"/>
      <trkpt lat="43.327720" lon="-4.670740"/>
      <trkpt lat="43.327690" lon="-4.670920"/>
      <trkpt lat="43.327670" lon="-4.671150"/>
      <trkpt lat="43.327660" lon="-4.671260"/>
      <trkpt lat="43.327590" lon="-4.671700"/>
      <trkpt lat="43.327560" lon="-4.671890"/>
      <trkpt lat="43.327520" lon="-4.672020"/>
      <trkpt lat="43.327470" lon="-4.672170"/>
      <trkpt lat="43.327390" lon="-4.672350"/>
      <trkpt lat="43.327350" lon="-4.672490"/>
      <trkpt lat="43.327320" lon="-4.672660"/>
      <trkpt lat="43.327280" lon="-4.672800"/>
      <trkpt lat="43.327230" lon="-4.672940"/>
      <trkpt lat="43.327170" lon="-4.673080"/>
      <trkpt lat="43.327110" lon="-4.673200"/>
      <trkpt lat="43.326900" lon="-4.673490"/>
      <trkpt lat="43.326810" lon="-4.673650"/>
      <trkpt lat="43.326590" lon="-4.674080"/>
      <trkpt lat="43.326430" lon="-4.674380"/>
      <trkpt lat="43.326320" lon="-4.674520"/>
      <trkpt lat="43.326210" lon="-4.674650"/>
      <trkpt lat="43.325670" lon="-4.675150"/>
      <trkpt lat="43.325530" lon="-4.675320"/>
      <trkpt lat="43.325230" lon="-4.675690"/>
      <trkpt lat="43.325110" lon="-4.675800"/>
      <trkpt lat="43.325000" lon="-4.675870"/>
      <trkpt lat="43.324860" lon="-4.675970"/>
      <trkpt lat="43.324780" lon="-4.676060"/>
      <trkpt lat="43.324720" lon="-4.676170"/>
      <trkpt lat="43.324680" lon="-4.676300"/>
      <trkpt lat="43.324650" lon="-4.676440"/>
      <trkpt lat="43.324660" lon="-4.676640"/>
      <trkpt lat="43.324710" lon="-4.676990"/>
      <trkpt lat="43.324720" lon="-4.677270"/>
      <trkpt lat="43.324720" lon="-4.677450"/>
      <trkpt lat="43.324700" lon="-4.677640"/>
      <trkpt lat="43.324680" lon="-4.677830"/>
      <trkpt lat="43.324610" lon="-4.678110"/>
      <trkpt lat="43.324420" lon="-4.678630"/>
      <trkpt lat="43.324360" lon="-4.678740"/>
      <trkpt lat="43.324300" lon="-4.678820"/>
      <trkpt lat="43.324230" lon="-4.678880"/>
      <trkpt lat="43.324120" lon="-4.678940"/>
      <trkpt lat="43.324040" lon="-4.678960"/>
      <trkpt lat="43.323890" lon="-4.678960"/>
      <trkpt lat="43.323640" lon="-4.678930"/>
      <trkpt lat="43.323520" lon="-4.678850"/>
      <trkpt lat="43.323390" lon="-4.678760"/>
      <trkpt lat="43.323240" lon="-4.678630"/>
      <trkpt lat="43.323010" lon="-4.678510"/>
      <trkpt lat="43.322190" lon="-4.678200"/>
      <trkpt lat="43.321960" lon="-4.678140"/>
      <trkpt lat="43.321840" lon="-4.678140"/>
      <trkpt lat="43.321710" lon="-4.678160"/>
      <trkpt lat="43.321550" lon="-4.678190"/>
      <trkpt lat="43.321410" lon="-4.678160"/>
      <trkpt lat="43.321270" lon="-4.678100"/>
      <trkpt lat="43.321050" lon="-4.678010"/>
      <trkpt lat="43.320850" lon="-4.678010"/>
      <trkpt lat="43.320470" lon="-4.677950"/>
      <trkpt lat="43.320270" lon="-4.677960"/>
      <trkpt lat="43.320100" lon="-4.677930"/>
      <trkpt lat="43.319940" lon="-4.677890"/>
      <trkpt lat="43.319460" lon="-4.677620"/>
      <trkpt lat="43.319270" lon="-4.677510"/>
      <trkpt lat="43.319080" lon="-4.677440"/>
      <trkpt lat="43.318930" lon="-4.677440"/>
      <trkpt lat="43.318780" lon="-4.677470"/>
      <trkpt lat="43.318270" lon="-4.677720"/>
      <trkpt lat="43.317930" lon="-4.677840"/>
      <trkpt lat="43.317770" lon="-4.677900"/>
      <trkpt lat="43.317030" lon="-4.678170"/>
      <trkpt lat="43.316870" lon="-4.678250"/>
      <trkpt lat="43.316750" lon="-4.678350"/>
      <trkpt lat="43.316660" lon="-4.678460"/>
      <trkpt lat="43.316540" lon="-4.678670"/>
      <trkpt lat="43.316260" lon="-4.679390"/>
      <trkpt lat="43.316240" lon="-4.679440"/>
      <trkpt lat="43.315590" lon="-4.681160"/>
      <trkpt lat="43.315530" lon="-4.681360"/>
      <trkpt lat="43.315490" lon="-4.681520"/>
      <trkpt lat="43.315460" lon="-4.681730"/>
      <trkpt lat="43.315460" lon="-4.681920"/>
      <trkpt lat="43.315480" lon="-4.682130"/>
      <trkpt lat="43.315570" lon="-4.682700"/>
      <trkpt lat="43.315600" lon="-4.682940"/>
      <trkpt lat="43.315580" lon="-4.683200"/>
      <trkpt lat="43.315540" lon="-4.683450"/>
      <trkpt lat="43.315210" lon="-4.684660"/>
      <trkpt lat="43.315160" lon="-4.684930"/>
      <trkpt lat="43.315120" lon="-4.685200"/>
      <trkpt lat="43.315100" lon="-4.685530"/>
      <trkpt lat="43.315110" lon="-4.685830"/>
      <trkpt lat="43.315150" lon="-4.686160"/>
      <trkpt lat="43.315190" lon="-4.686440"/>
      <trkpt lat="43.315220" lon="-4.686870"/>
      <trkpt lat="43.315230" lon="-4.687750"/>
      <trkpt lat="43.315210" lon="-4.688430"/>
      <trkpt lat="43.315170" lon="-4.689020"/>
      <trkpt lat="43.315160" lon="-4.689370"/>
      <trkpt lat="43.315150" lon="-4.690870"/>
      <trkpt lat="43.315170" lon="-4.691050"/>
      <trkpt lat="43.315200" lon="-4.691220"/>
      <trkpt lat="43.315320" lon="-4.691770"/>
      <trkpt lat="43.315360" lon="-4.692010"/>
      <trkpt lat="43.315450" lon="-4.692780"/>
      <trkpt lat="43.315540" lon="-4.693620"/>
      <trkpt lat="43.315570" lon="-4.694130"/>
      <trkpt lat="43.315570" lon="-4.694660"/>
      <trkpt lat="43.315580" lon="-4.694990"/>
      <trkpt lat="43.315670" lon="-4.695910"/>
      <trkpt lat="43.315730" lon="-4.696810"/>
      <trkpt lat="43.315780" lon="-4.697590"/>
      <trkpt lat="43.315820" lon="-4.697960"/>
      <trkpt lat="43.315840" lon="-4.698260"/>
      <trkpt lat="43.315840" lon="-4.698560"/>
      <trkpt lat="43.315810" lon="-4.698850"/>
      <trkpt lat="43.315630" lon="-4.700480"/>
      <trkpt lat="43.315620" lon="-4.700680"/>
      <trkpt lat="43.315650" lon="-4.700900"/>
      <trkpt lat="43.315690" lon="-4.701110"/>
      <trkpt lat="43.315750" lon="-4.701270"/>
      <trkpt lat="43.315820" lon="-4.701420"/>
      <trkpt lat="43.315870" lon="-4.701500"/>
      <trkpt lat="43.316020" lon="-4.701790"/>
      <trkpt lat="43.316140" lon="-4.702040"/>
      <trkpt lat="43.316260" lon="-4.702350"/>
      <trkpt lat="43.316760" lon="-4.704000"/>
      <trkpt lat="43.316830" lon="-4.704300"/>
      <trkpt lat="43.316880" lon="-4.704500"/>
      <trkpt lat="43.316910" lon="-4.704680"/>
      <trkpt lat="43.316960" lon="-4.705070"/>
      <trkpt lat="43.316980" lon="-4.705240"/>
      <trkpt lat="43.317010" lon="-4.705410"/>
      <trkpt lat="43.317060" lon="-4.705580"/>
      <trkpt lat="43.317130" lon="-4.705760"/>
      <trkpt lat="43.317290" lon="-4.706160"/>
      <trkpt lat="43.317350" lon="-4.706330"/>
      <trkpt lat="43.317410" lon="-4.706520"/>
      <trkpt lat="43.317430" lon="-4.706620"/>
      <trkpt lat="43.317440" lon="-4.706750"/>
      <trkpt lat="43.317530" lon="-4.707700"/>
      <trkpt lat="43.317560" lon="-4.708390"/>
      <trkpt lat="43.317570" lon="-4.708560"/>
      <trkpt lat="43.317580" lon="-4.708650"/>
      <trkpt lat="43.317610" lon="-4.708820"/>
      <trkpt lat="43.317640" lon="-4.708880"/>
      <trkpt lat="43.317650" lon="-4.708910"/>
      <trkpt lat="43.317990" lon="-4.709460"/>
      <trkpt lat="43.318050" lon="-4.709600"/>
      <trkpt lat="43.318090" lon="-4.709780"/>
      <trkpt lat="43.318110" lon="-4.709940"/>
      <trkpt lat="43.318100" lon="-4.710140"/>
      <trkpt lat="43.317990" lon="-4.711340"/>
      <trkpt lat="43.317840" lon="-4.712790"/>
      <trkpt lat="43.317830" lon="-4.712920"/>
      <trkpt lat="43.317840" lon="-4.713020"/>
      <trkpt lat="43.317860" lon="-4.713120"/>
      <trkpt lat="43.317950" lon="-4.713370"/>
      <trkpt lat="43.317970" lon="-4.713470"/>
      <trkpt lat="43.317970" lon="-4.713560"/>
      <trkpt lat="43.317960" lon="-4.713650"/>
      <trkpt lat="43.317940" lon="-4.713740"/>
      <trkpt lat="43.317900" lon="-4.713820"/>
      <trkpt lat="43.317770" lon="-4.714020"/>
      <trkpt lat="43.317100" lon="-4.714960"/>
      <trkpt lat="43.317030" lon="-4.715080"/>
      <trkpt lat="43.316790" lon="-4.715680"/>
      <trkpt lat="43.316730" lon="-4.715850"/>
      <trkpt lat="43.316570" lon="-4.716320"/>
      <trkpt lat="43.316490" lon="-4.716500"/>
      <trkpt lat="43.316410" lon="-4.716620"/>
      <trkpt lat="43.316320" lon="-4.716720"/>
      <trkpt lat="43.316220" lon="-4.716800"/>
      <trkpt lat="43.316020" lon="-4.716900"/>
      <trkpt lat="43.315760" lon="-4.717010"/>
      <trkpt lat="43.315550" lon="-4.717080"/>
      <trkpt lat="43.315530" lon="-4.717090"/>
      <trkpt lat="43.315280" lon="-4.717200"/>
      <trkpt lat="43.315130" lon="-4.717320"/>
      <trkpt lat="43.315000" lon="-4.717470"/>
      <trkpt lat="43.314900" lon="-4.717640"/>
      <trkpt lat="43.314840" lon="-4.717780"/>
      <trkpt lat="43.314790" lon="-4.717960"/>
      <trkpt lat="43.314760" lon="-4.718190"/>
      <trkpt lat="43.314750" lon="-4.718540"/>
      <trkpt lat="43.314740" lon="-4.719140"/>
      <trkpt lat="43.314730" lon="-4.719300"/>
      <trkpt lat="43.314710" lon="-4.719460"/>
      <trkpt lat="43.314660" lon="-4.719660"/>
      <trkpt lat="43.314520" lon="-4.720150"/>
      <trkpt lat="43.314400" lon="-4.720490"/>
      <trkpt lat="43.314110" lon="-4.721190"/>
      <trkpt lat="43.314030" lon="-4.721460"/>
      <trkpt lat="43.313990" lon="-4.721700"/>
      <trkpt lat="43.313850" lon="-4.722740"/>
      <trkpt lat="43.313790" lon="-4.723170"/>
      <trkpt lat="43.313730" lon="-4.723420"/>
      <trkpt lat="43.313530" lon="-4.724100"/>
      <trkpt lat="43.313380" lon="-4.724700"/>
      <trkpt lat="43.313270" lon="-4.725120"/>
      <trkpt lat="43.313020" lon="-4.725780"/>
      <trkpt lat="43.312820" lon="-4.726270"/>
      <trkpt lat="43.312510" lon="-4.727320"/>
      <trkpt lat="43.312390" lon="-4.727700"/>
      <trkpt lat="43.312270" lon="-4.728000"/>
      <trkpt lat="43.311860" lon="-4.728720"/>
      <trkpt lat="43.311770" lon="-4.728940"/>
      <trkpt lat="43.311680" lon="-4.729150"/>
      <trkpt lat="43.311490" lon="-4.729420"/>
      <trkpt lat="43.311370" lon="-4.729670"/>
      <trkpt lat="43.311270" lon="-4.729930"/>
      <trkpt lat="43.311190" lon="-4.730290"/>
      <trkpt lat="43.311130" lon="-4.730450"/>
      <trkpt lat="43.310770" lon="-4.731060"/>
      <trkpt lat="43.310390" lon="-4.731800"/>
      <trkpt lat="43.310220" lon="-4.732190"/>
      <trkpt lat="43.310180" lon="-4.732280"/>
      <trkpt lat="43.310110" lon="-4.732380"/>
      <trkpt lat="43.309980" lon="-4.732460"/>
      <trkpt lat="43.309770" lon="-4.732560"/>
      <trkpt lat="43.309650" lon="-4.732630"/>
      <trkpt lat="43.309440" lon="-4.732810"/>
      <trkpt lat="43.309210" lon="-4.733030"/>
      <trkpt lat="43.308920" lon="-4.733350"/>
      <trkpt lat="43.308650" lon="-4.733670"/>
      <trkpt lat="43.308410" lon="-4.733960"/>
      <trkpt lat="43.308230" lon="-4.734210"/>
      <trkpt lat="43.308070" lon="-4.734490"/>
      <trkpt lat="43.307920" lon="-4.734800"/>
      <trkpt lat="43.307770" lon="-4.735150"/>
      <trkpt lat="43.307590" lon="-4.735610"/>
      <trkpt lat="43.307390" lon="-4.736060"/>
      <trkpt lat="43.307290" lon="-4.736360"/>
      <trkpt lat="43.307220" lon="-4.736650"/>
      <trkpt lat="43.307180" lon="-4.736890"/>
      <trkpt lat="43.307130" lon="-4.737030"/>
      <trkpt lat="43.306940" lon="-4.737430"/>
      <trkpt lat="43.306850" lon="-4.737690"/>
      <trkpt lat="43.306760" lon="-4.737930"/>
      <trkpt lat="43.306680" lon="-4.738090"/>
      <trkpt lat="43.306540" lon="-4.738250"/>
      <trkpt lat="43.306090" lon="-4.738710"/>
      <trkpt lat="43.305920" lon="-4.738860"/>
      <trkpt lat="43.305790" lon="-4.739060"/>
      <trkpt lat="43.305660" lon="-4.739390"/>
      <trkpt lat="43.305520" lon="-4.739660"/>
      <trkpt lat="43.305360" lon="-4.740030"/>
      <trkpt lat="43.305230" lon="-4.740640"/>
      <trkpt lat="43.305150" lon="-4.741110"/>
      <trkpt lat="43.304990" lon="-4.741610"/>
      <trkpt lat="43.304810" lon="-4.742660"/>
      <trkpt lat="43.304510" lon="-4.743470"/>
      <trkpt lat="43.304400" lon="-4.743740"/>
      <trkpt lat="43.304340" lon="-4.743860"/>
      <trkpt lat="43.303940" lon="-4.744550"/>
      <trkpt lat="43.303700" lon="-4.745010"/>
      <trkpt lat="43.303620" lon="-4.745120"/>
      <trkpt lat="43.303410" lon="-4.745290"/>
      <trkpt lat="43.303210" lon="-4.745460"/>
      <trkpt lat="43.303060" lon="-4.745540"/>
      <trkpt lat="43.302860" lon="-4.745660"/>
      <trkpt lat="43.302680" lon="-4.745730"/>
      <trkpt lat="43.302330" lon="-4.745810"/>
      <trkpt lat="43.302160" lon="-4.745850"/>
      <trkpt lat="43.302070" lon="-4.745890"/>
      <trkpt lat="43.301910" lon="-4.746090"/>
      <trkpt lat="43.301770" lon="-4.746170"/>
      <trkpt lat="43.301630" lon="-4.746230"/>
      <trkpt lat="43.301530" lon="-4.746290"/>
      <trkpt lat="43.301440" lon="-4.746420"/>
      <trkpt lat="43.301370" lon="-4.746550"/>
      <trkpt lat="43.301290" lon="-4.746770"/>
      <trkpt lat="43.301210" lon="-4.746880"/>
      <trkpt lat="43.301120" lon="-4.747010"/>
      <trkpt lat="43.301010" lon="-4.747140"/>
      <trkpt lat="43.300880" lon="-4.747270"/>
      <trkpt lat="43.300670" lon="-4.747410"/>
      <trkpt lat="43.300500" lon="-4.747590"/>
      <trkpt lat="43.300110" lon="-4.748180"/>
      <trkpt lat="43.299950" lon="-4.748390"/>
      <trkpt lat="43.299790" lon="-4.748600"/>
      <trkpt lat="43.299610" lon="-4.748840"/>
      <trkpt lat="43.299340" lon="-4.749220"/>
      <trkpt lat="43.299130" lon="-4.749560"/>
      <trkpt lat="43.299000" lon="-4.749890"/>
      <trkpt lat="43.298870" lon="-4.750190"/>
      <trkpt lat="43.298700" lon="-4.750580"/>
      <trkpt lat="43.298640" lon="-4.750730"/>
      <trkpt lat="43.298460" lon="-4.751180"/>
      <trkpt lat="43.298310" lon="-4.751520"/>
      <trkpt lat="43.298160" lon="-4.751830"/>
      <trkpt lat="43.297940" lon="-4.752270"/>
      <trkpt lat="43.297830" lon="-4.752460"/>
      <trkpt lat="43.297740" lon="-4.752580"/>
      <trkpt lat="43.297600" lon="-4.752680"/>
      <trkpt lat="43.297410" lon="-4.752840"/>
      <trkpt lat="43.297200" lon="-4.753100"/>
      <trkpt lat="43.296990" lon="-4.753380"/>
      <trkpt lat="43.296870" lon="-4.753570"/>
      <trkpt lat="43.296810" lon="-4.753700"/>
      <trkpt lat="43.296750" lon="-4.753830"/>
      <trkpt lat="43.296690" lon="-4.754110"/>
      <trkpt lat="43.296640" lon="-4.754420"/>
      <trkpt lat="43.296630" lon="-4.754530"/>
      <trkpt lat="43.296610" lon="-4.754820"/>
      <trkpt lat="43.296600" lon="-4.755690"/>
      <trkpt lat="43.296610" lon="-4.755960"/>
      <trkpt lat="43.296680" lon="-4.756430"/>
      <trkpt lat="43.296860" lon="-4.757310"/>
      <trkpt lat="43.296880" lon="-4.757480"/>
      <trkpt lat="43.296880" lon="-4.757930"/>
      <trkpt lat="43.296920" lon="-4.758260"/>
      <trkpt lat="43.296920" lon="-4.758430"/>
      <trkpt lat="43.296910" lon="-4.758630"/>
      <trkpt lat="43.296860" lon="-4.758880"/>
      <trkpt lat="43.296520" lon="-4.759850"/>
      <trkpt lat="43.296430" lon="-4.760150"/>
      <trkpt lat="43.296350" lon="-4.760520"/>
      <trkpt lat="43.296290" lon="-4.760950"/>
      <trkpt lat="43.296230" lon="-4.762160"/>
      <trkpt lat="43.296220" lon="-4.762340"/>
      <trkpt lat="43.296010" lon="-4.763370"/>
      <trkpt lat="43.295930" lon="-4.763670"/>
      <trkpt lat="43.295790" lon="-4.764350"/>
      <trkpt lat="43.295790" lon="-4.764410"/>
      <trkpt lat="43.295780" lon="-4.764580"/>
      <trkpt lat="43.295790" lon="-4.764760"/>
      <trkpt lat="43.295830" lon="-4.764930"/>
      <trkpt lat="43.295920" lon="-4.765180"/>
      <trkpt lat="43.295970" lon="-4.765340"/>
      <trkpt lat="43.295990" lon="-4.765500"/>
      <trkpt lat="43.296010" lon="-4.765710"/>
      <trkpt lat="43.296040" lon="-4.766520"/>
      <trkpt lat="43.296080" lon="-4.767030"/>
      <trkpt lat="43.296220" lon="-4.768460"/>
      <trkpt lat="43.296250" lon="-4.768730"/>
      <trkpt lat="43.296250" lon="-4.768980"/>
      <trkpt lat="43.296220" lon="-4.769300"/>
      <trkpt lat="43.296130" lon="-4.769800"/>
      <trkpt lat="43.296060" lon="-4.770090"/>
      <trkpt lat="43.296040" lon="-4.770370"/>
      <trkpt lat="43.296040" lon="-4.770830"/>
      <trkpt lat="43.296000" lon="-4.771340"/>
      <trkpt lat="43.295950" lon="-4.771700"/>
      <trkpt lat="43.295940" lon="-4.772090"/>
      <trkpt lat="43.295980" lon="-4.772950"/>
      <trkpt lat="43.295990" lon="-4.774640"/>
      <trkpt lat="43.295990" lon="-4.774910"/>
      <trkpt lat="43.295920" lon="-4.775520"/>
      <trkpt lat="43.295920" lon="-4.775720"/>
      <trkpt lat="43.295940" lon="-4.775890"/>
      <trkpt lat="43.295990" lon="-4.776020"/>
      <trkpt lat="43.296110" lon="-4.776260"/>
      <trkpt lat="43.296170" lon="-4.776410"/>
      <trkpt lat="43.296210" lon="-4.776550"/>
      <trkpt lat="43.296260" lon="-4.776740"/>
      <trkpt lat="43.296300" lon="-4.776970"/>
      <trkpt lat="43.296360" lon="-4.777340"/>
      <trkpt lat="43.296490" lon="-4.778610"/>
      <trkpt lat="43.296530" lon="-4.779040"/>
      <trkpt lat="43.296560" lon="-4.779400"/>
      <trkpt lat="43.296570" lon="-4.779730"/>
      <trkpt lat="43.296600" lon="-4.779970"/>
      <trkpt lat="43.296650" lon="-4.780250"/>
      <trkpt lat="43.296770" lon="-4.780700"/>
      <trkpt lat="43.296890" lon="-4.781120"/>
      <trkpt lat="43.296970" lon="-4.781320"/>
      <trkpt lat="43.297030" lon="-4.781490"/>
      <trkpt lat="43.297300" lon="-4.782510"/>
      <trkpt lat="43.297370" lon="-4.782730"/>
      <trkpt lat="43.297460" lon="-4.782940"/>
      <trkpt lat="43.297610" lon="-4.783200"/>
      <trkpt lat="43.297620" lon="-4.783220"/>
      <trkpt lat="43.298080" lon="-4.784010"/>
      <trkpt lat="43.298240" lon="-4.784250"/>
      <trkpt lat="43.298500" lon="-4.784540"/>
      <trkpt lat="43.298640" lon="-4.784720"/>
      <trkpt lat="43.298740" lon="-4.784870"/>
      <trkpt lat="43.298830" lon="-4.785070"/>
      <trkpt lat="43.298900" lon="-4.785270"/>
      <trkpt lat="43.298970" lon="-4.785600"/>
      <trkpt lat="43.299030" lon="-4.785770"/>
      <trkpt lat="43.299140" lon="-4.785990"/>
      <trkpt lat="43.299330" lon="-4.786310"/>
      <trkpt lat="43.299720" lon="-4.787160"/>
      <trkpt lat="43.299770" lon="-4.787290"/>
      <trkpt lat="43.299790" lon="-4.787430"/>
      <trkpt lat="43.299790" lon="-4.787620"/>
      <trkpt lat="43.299690" lon="-4.788630"/>
      <trkpt lat="43.299650" lon="-4.788820"/>
      <trkpt lat="43.299590" lon="-4.788990"/>
      <trkpt lat="43.299510" lon="-4.789120"/>
      <trkpt lat="43.299310" lon="-4.789430"/>
      <trkpt lat="43.299230" lon="-4.789620"/>
      <trkpt lat="43.299170" lon="-4.789770"/>
      <trkpt lat="43.299120" lon="-4.789970"/>
      <trkpt lat="43.298950" lon="-4.790930"/>
      <trkpt lat="43.298880" lon="-4.791230"/>
      <trkpt lat="43.298690" lon="-4.791820"/>
      <trkpt lat="43.298580" lon="-4.792250"/>
      <trkpt lat="43.298460" lon="-4.792730"/>
      <trkpt lat="43.298290" lon="-4.793770"/>
      <trkpt lat="43.298280" lon="-4.793860"/>
      <trkpt lat="43.298170" lon="-4.794570"/>
      <trkpt lat="43.298130" lon="-4.794930"/>
      <trkpt lat="43.298120" lon="-4.795030"/>
      <trkpt lat="43.298110" lon="-4.795240"/>
      <trkpt lat="43.298100" lon="-4.795340"/>
      <trkpt lat="43.298090" lon="-4.795550"/>
      <trkpt lat="43.298090" lon="-4.795770"/>
      <trkpt lat="43.298090" lon="-4.796010"/>
      <trkpt lat="43.298100" lon="-4.796510"/>
      <trkpt lat="43.298110" lon="-4.796740"/>
      <trkpt lat="43.298250" lon="-4.799100"/>
      <trkpt lat="43.298300" lon="-4.799490"/>
      <trkpt lat="43.298380" lon="-4.799850"/>
      <trkpt lat="43.298560" lon="-4.800440"/>
      <trkpt lat="43.298660" lon="-4.800730"/>
      <trkpt lat="43.298770" lon="-4.800970"/>
      <trkpt lat="43.298830" lon="-4.801060"/>
      <trkpt lat="43.299020" lon="-4.801440"/>
      <trkpt lat="43.299340" lon="-4.802020"/>
      <trkpt lat="43.299900" lon="-4.803090"/>
      <trkpt lat="43.299950" lon="-4.803170"/>
      <trkpt lat="43.300090" lon="-4.803440"/>
      <trkpt lat="43.300260" lon="-4.803780"/>
      <trkpt lat="43.300440" lon="-4.804190"/>
      <trkpt lat="43.300570" lon="-4.804550"/>
      <trkpt lat="43.300610" lon="-4.804650"/>
      <trkpt lat="43.300620" lon="-4.804730"/>
      <trkpt lat="43.300730" lon="-4.805160"/>
      <trkpt lat="43.300800" lon="-4.805600"/>
      <trkpt lat="43.300840" lon="-4.806060"/>
      <trkpt lat="43.300860" lon="-4.806560"/>
      <trkpt lat="43.300860" lon="-4.806880"/>
      <trkpt lat="43.300850" lon="-4.807020"/>
      <trkpt lat="43.300800" lon="-4.807590"/>
      <trkpt lat="43.300660" lon="-4.808520"/>
      <trkpt lat="43.300650" lon="-4.808650"/>
      <trkpt lat="43.300640" lon="-4.808780"/>
      <trkpt lat="43.300640" lon="-4.808860"/>
      <trkpt lat="43.300650" lon="-4.808920"/>
      <trkpt lat="43.300670" lon="-4.808980"/>
      <trkpt lat="43.300700" lon="-4.809020"/>
      <trkpt lat="43.300740" lon="-4.809060"/>
      <trkpt lat="43.300770" lon="-4.809070"/>
      <trkpt lat="43.300800" lon="-4.809080"/>
      <trkpt lat="43.300870" lon="-4.809090"/>
      <trkpt lat="43.301240" lon="-4.809120"/>
      <trkpt lat="43.301300" lon="-4.809120"/>
      <trkpt lat="43.301350" lon="-4.809140"/>
      <trkpt lat="43.301380" lon="-4.809160"/>
      <trkpt lat="43.301400" lon="-4.809180"/>
      <trkpt lat="43.301420" lon="-4.809200"/>
      <trkpt lat="43.301440" lon="-4.809220"/>
      <trkpt lat="43.301460" lon="-4.809260"/>
      <trkpt lat="43.301480" lon="-4.809300"/>
      <trkpt lat="43.301490" lon="-4.809340"/>
      <trkpt lat="43.301500" lon="-4.809390"/>
      <trkpt lat="43.301510" lon="-4.809440"/>
      <trkpt lat="43.301510" lon="-4.809480"/>
      <trkpt lat="43.301610" lon="-4.811220"/>
      <trkpt lat="43.301650" lon="-4.811900"/>
      <trkpt lat="43.301670" lon="-4.812310"/>
      <trkpt lat="43.301680" lon="-4.812450"/>
      <trkpt lat="43.301680" lon="-4.812490"/>
      <trkpt lat="43.301700" lon="-4.812920"/>
      <trkpt lat="43.301710" lon="-4.813050"/>
      <trkpt lat="43.301720" lon="-4.813130"/>
      <trkpt lat="43.301730" lon="-4.813400"/>
      <trkpt lat="43.301740" lon="-4.813520"/>
      <trkpt lat="43.301760" lon="-4.813870"/>
      <trkpt lat="43.301770" lon="-4.814220"/>
      <trkpt lat="43.301800" lon="-4.814650"/>
      <trkpt lat="43.301830" lon="-4.815210"/>
      <trkpt lat="43.301830" lon="-4.815310"/>
      <trkpt lat="43.301840" lon="-4.815370"/>
      <trkpt lat="43.301850" lon="-4.815410"/>
      <trkpt lat="43.301850" lon="-4.815450"/>
      <trkpt lat="43.301870" lon="-4.815500"/>
      <trkpt lat="43.301880" lon="-4.815540"/>
      <trkpt lat="43.301910" lon="-4.815580"/>
      <trkpt lat="43.301930" lon="-4.815610"/>
      <trkpt lat="43.301970" lon="-4.815640"/>
      <trkpt lat="43.302000" lon="-4.815660"/>
      <trkpt lat="43.302040" lon="-4.815680"/>
      <trkpt lat="43.302100" lon="-4.815710"/>
      <trkpt lat="43.302410" lon="-4.815860"/>
      <trkpt lat="43.302450" lon="-4.815890"/>
      <trkpt lat="43.302480" lon="-4.815900"/>
      <trkpt lat="43.302500" lon="-4.815920"/>
      <trkpt lat="43.302520" lon="-4.815940"/>
      <trkpt lat="43.302540" lon="-4.815960"/>
      <trkpt lat="43.302540" lon="-4.815980"/>
      <trkpt lat="43.302550" lon="-4.816000"/>
      <trkpt lat="43.302560" lon="-4.816030"/>
      <trkpt lat="43.302610" lon="-4.816340"/>
      <trkpt lat="43.302670" lon="-4.816590"/>
      <trkpt lat="43.302680" lon="-4.816620"/>
      <trkpt lat="43.302720" lon="-4.816790"/>
      <trkpt lat="43.302850" lon="-4.817410"/>
      <trkpt lat="43.302890" lon="-4.817560"/>
      <trkpt lat="43.302930" lon="-4.817790"/>
      <trkpt lat="43.302950" lon="-4.817870"/>
      <trkpt lat="43.302980" lon="-4.818010"/>
      <trkpt lat="43.303010" lon="-4.818130"/>
      <trkpt lat="43.303070" lon="-4.818360"/>
      <trkpt lat="43.303140" lon="-4.818560"/>
      <trkpt lat="43.303260" lon="-4.818890"/>
      <trkpt lat="43.303280" lon="-4.818940"/>
      <trkpt lat="43.303310" lon="-4.819030"/>
      <trkpt lat="43.303370" lon="-4.819160"/>
      <trkpt lat="43.303440" lon="-4.819350"/>
      <trkpt lat="43.303510" lon="-4.819520"/>
      <trkpt lat="43.303740" lon="-4.820110"/>
      <trkpt lat="43.303890" lon="-4.820490"/>
      <trkpt lat="43.304200" lon="-4.821270"/>
      <trkpt lat="43.304400" lon="-4.821780"/>
      <trkpt lat="43.304490" lon="-4.822010"/>
      <trkpt lat="43.304780" lon="-4.822750"/>
      <trkpt lat="43.304810" lon="-4.822820"/>
      <trkpt lat="43.304820" lon="-4.822840"/>
      <trkpt lat="43.304840" lon="-4.822900"/>
      <trkpt lat="43.304870" lon="-4.822970"/>
      <trkpt lat="43.305430" lon="-4.824380"/>
      <trkpt lat="43.305630" lon="-4.824830"/>
      <trkpt lat="43.305830" lon="-4.825300"/>
      <trkpt lat="43.306110" lon="-4.825920"/>
      <trkpt lat="43.306310" lon="-4.826350"/>
      <trkpt lat="43.306370" lon="-4.826440"/>
      <trkpt lat="43.306430" lon="-4.826530"/>
      <trkpt lat="43.306530" lon="-4.826650"/>
      <trkpt lat="43.306640" lon="-4.826750"/>
      <trkpt lat="43.307030" lon="-4.827070"/>
      <trkpt lat="43.307080" lon="-4.827120"/>
      <trkpt lat="43.307140" lon="-4.827190"/>
      <trkpt lat="43.307210" lon="-4.827280"/>
      <trkpt lat="43.307250" lon="-4.827360"/>
      <trkpt lat="43.307290" lon="-4.827440"/>
      <trkpt lat="43.307330" lon="-4.827540"/>
      <trkpt lat="43.307570" lon="-4.828330"/>
      <trkpt lat="43.307640" lon="-4.828550"/>
      <trkpt lat="43.307710" lon="-4.828830"/>
      <trkpt lat="43.307860" lon="-4.829690"/>
      <trkpt lat="43.307880" lon="-4.829900"/>
      <trkpt lat="43.307880" lon="-4.830130"/>
      <trkpt lat="43.307860" lon="-4.830620"/>
      <trkpt lat="43.307860" lon="-4.830760"/>
      <trkpt lat="43.307860" lon="-4.830860"/>
      <trkpt lat="43.307860" lon="-4.830980"/>
      <trkpt lat="43.307870" lon="-4.831180"/>
      <trkpt lat="43.307910" lon="-4.831570"/>
      <trkpt lat="43.307930" lon="-4.831780"/>
      <trkpt lat="43.307930" lon="-4.831820"/>
      <trkpt lat="43.307990" lon="-4.832500"/>
      <trkpt lat="43.308020" lon="-4.832720"/>
      <trkpt lat="43.308060" lon="-4.832890"/>
      <trkpt lat="43.308120" lon="-4.833090"/>
      <trkpt lat="43.308270" lon="-4.833380"/>
      <trkpt lat="43.308710" lon="-4.834200"/>
      <trkpt lat="43.309310" lon="-4.835310"/>
      <trkpt lat="43.309390" lon="-4.835460"/>
      <trkpt lat="43.309440" lon="-4.835570"/>
      <trkpt lat="43.309650" lon="-4.835950"/>
      <trkpt lat="43.309710" lon="-4.836050"/>
      <trkpt lat="43.309940" lon="-4.836470"/>
      <trkpt lat="43.310380" lon="-4.837280"/>
      <trkpt lat="43.310500" lon="-4.837470"/>
      <trkpt lat="43.310620" lon="-4.837650"/>
      <trkpt lat="43.310740" lon="-4.837770"/>
      <trkpt lat="43.310860" lon="-4.837900"/>
      <trkpt lat="43.311080" lon="-4.838060"/>
      <trkpt lat="43.311690" lon="-4.838460"/>
      <trkpt lat="43.311730" lon="-4.838490"/>
      <trkpt lat="43.312300" lon="-4.838860"/>
      <trkpt lat="43.312450" lon="-4.838960"/>
      <trkpt lat="43.312540" lon="-4.839020"/>
      <trkpt lat="43.312630" lon="-4.839100"/>
      <trkpt lat="43.312770" lon="-4.839250"/>
      <trkpt lat="43.312820" lon="-4.839330"/>
      <trkpt lat="43.312880" lon="-4.839420"/>
      <trkpt lat="43.312940" lon="-4.839550"/>
      <trkpt lat="43.313180" lon="-4.840160"/>
      <trkpt lat="43.313300" lon="-4.840420"/>
      <trkpt lat="43.313420" lon="-4.840670"/>
      <trkpt lat="43.313470" lon="-4.840770"/>
      <trkpt lat="43.313510" lon="-4.840870"/>
      <trkpt lat="43.313670" lon="-4.841350"/>
      <trkpt lat="43.313720" lon="-4.841460"/>
      <trkpt lat="43.313780" lon="-4.841570"/>
      <trkpt lat="43.313850" lon="-4.841670"/>
      <trkpt lat="43.313920" lon="-4.841730"/>
      <trkpt lat="43.314030" lon="-4.841800"/>
      <trkpt lat="43.314150" lon="-4.841850"/>
      <trkpt lat="43.314420" lon="-4.841960"/>
      <trkpt lat="43.314530" lon="-4.842020"/>
      <trkpt lat="43.314580" lon="-4.842050"/>
      <trkpt lat="43.314650" lon="-4.842110"/>
      <trkpt lat="43.314710" lon="-4.842180"/>
      <trkpt lat="43.314770" lon="-4.842270"/>
      <trkpt lat="43.314800" lon="-4.842340"/>
      <trkpt lat="43.314830" lon="-4.842410"/>
      <trkpt lat="43.314870" lon="-4.842510"/>
      <trkpt lat="43.314910" lon="-4.842680"/>
      <trkpt lat="43.314920" lon="-4.842820"/>
      <trkpt lat="43.314910" lon="-4.842990"/>
      <trkpt lat="43.314840" lon="-4.843400"/>
      <trkpt lat="43.314800" lon="-4.843730"/>
      <trkpt lat="43.314770" lon="-4.844030"/>
      <trkpt lat="43.314780" lon="-4.844290"/>
      <trkpt lat="43.314790" lon="-4.844470"/>
      <trkpt lat="43.314830" lon="-4.844660"/>
      <trkpt lat="43.314860" lon="-4.844790"/>
      <trkpt lat="43.314890" lon="-4.844870"/>
      <trkpt lat="43.314940" lon="-4.845000"/>
      <trkpt lat="43.315030" lon="-4.845170"/>
      <trkpt lat="43.315100" lon="-4.845280"/>
      <trkpt lat="43.315190" lon="-4.845380"/>
      <trkpt lat="43.315270" lon="-4.845460"/>
      <trkpt lat="43.315370" lon="-4.845550"/>
      <trkpt lat="43.315470" lon="-4.845630"/>
      <trkpt lat="43.315540" lon="-4.845710"/>
      <trkpt lat="43.315580" lon="-4.845770"/>
      <trkpt lat="43.315650" lon="-4.845910"/>
      <trkpt lat="43.315670" lon="-4.845980"/>
      <trkpt lat="43.315710" lon="-4.846130"/>
      <trkpt lat="43.315720" lon="-4.846220"/>
      <trkpt lat="43.315720" lon="-4.846320"/>
      <trkpt lat="43.315720" lon="-4.846360"/>
      <trkpt lat="43.315710" lon="-4.846520"/>
      <trkpt lat="43.315700" lon="-4.846660"/>
      <trkpt lat="43.315690" lon="-4.846820"/>
      <trkpt lat="43.315680" lon="-4.846990"/>
      <trkpt lat="43.315670" lon="-4.847090"/>
      <trkpt lat="43.315610" lon="-4.847790"/>
      <trkpt lat="43.315600" lon="-4.848150"/>
      <trkpt lat="43.315590" lon="-4.848460"/>
      <trkpt lat="43.315600" lon="-4.848720"/>
      <trkpt lat="43.315640" lon="-4.849160"/>
      <trkpt lat="43.315670" lon="-4.849560"/>
      <trkpt lat="43.315720" lon="-4.850080"/>
      <trkpt lat="43.315800" lon="-4.851100"/>
      <trkpt lat="43.315810" lon="-4.851270"/>
      <trkpt lat="43.315830" lon="-4.851570"/>
      <trkpt lat="43.315930" lon="-4.852970"/>
      <trkpt lat="43.315970" lon="-4.853430"/>
      <trkpt lat="43.316010" lon="-4.853760"/>
      <trkpt lat="43.316070" lon="-4.854050"/>
      <trkpt lat="43.316220" lon="-4.854550"/>
      <trkpt lat="43.316730" lon="-4.856400"/>
      <trkpt lat="43.316870" lon="-4.856880"/>
      <trkpt lat="43.316930" lon="-4.857090"/>
      <trkpt lat="43.316970" lon="-4.857270"/>
      <trkpt lat="43.317000" lon="-4.857510"/>
      <trkpt lat="43.317000" lon="-4.857740"/>
      <trkpt lat="43.317000" lon="-4.857910"/>
      <trkpt lat="43.316990" lon="-4.858000"/>
      <trkpt lat="43.316960" lon="-4.858570"/>
      <trkpt lat="43.316850" lon="-4.860120"/>
      <trkpt lat="43.316830" lon="-4.860330"/>
      <trkpt lat="43.316810" lon="-4.860490"/>
      <trkpt lat="43.316780" lon="-4.860580"/>
      <trkpt lat="43.316760" lon="-4.860670"/>
      <trkpt lat="43.316700" lon="-4.860840"/>
      <trkpt lat="43.316510" lon="-4.861290"/>
      <trkpt lat="43.316440" lon="-4.861470"/>
      <trkpt lat="43.316400" lon="-4.861620"/>
      <trkpt lat="43.316370" lon="-4.861820"/>
      <trkpt lat="43.316340" lon="-4.862030"/>
      <trkpt lat="43.316300" lon="-4.862200"/>
      <trkpt lat="43.316250" lon="-4.862340"/>
      <trkpt lat="43.316190" lon="-4.862470"/>
      <trkpt lat="43.316120" lon="-4.862570"/>
      <trkpt lat="43.316040" lon="-4.862660"/>
      <trkpt lat="43.315930" lon="-4.862740"/>
      <trkpt lat="43.315870" lon="-4.862770"/>
      <trkpt lat="43.315790" lon="-4.862800"/>
      <trkpt lat="43.315560" lon="-4.862870"/>
      <trkpt lat="43.315450" lon="-4.862910"/>
      <trkpt lat="43.315350" lon="-4.862980"/>
      <trkpt lat="43.315230" lon="-4.863090"/>
      <trkpt lat="43.315160" lon="-4.863210"/>
      <trkpt lat="43.315090" lon="-4.863360"/>
      <trkpt lat="43.315050" lon="-4.863470"/>
      <trkpt lat="43.315030" lon="-4.863570"/>
      <trkpt lat="43.315010" lon="-4.863680"/>
      <trkpt lat="43.315000" lon="-4.863830"/>
      <trkpt lat="43.314960" lon="-4.865610"/>
      <trkpt lat="43.314960" lon="-4.865770"/>
      <trkpt lat="43.314980" lon="-4.865890"/>
      <trkpt lat="43.315000" lon="-4.865990"/>
      <trkpt lat="43.315030" lon="-4.866070"/>
      <trkpt lat="43.315060" lon="-4.866150"/>
      <trkpt lat="43.315100" lon="-4.866250"/>
      <trkpt lat="43.315250" lon="-4.866550"/>
      <trkpt lat="43.315430" lon="-4.866980"/>
      <trkpt lat="43.315470" lon="-4.867120"/>
      <trkpt lat="43.315500" lon="-4.867230"/>
      <trkpt lat="43.315510" lon="-4.867380"/>
      <trkpt lat="43.315560" lon="-4.867840"/>
      <trkpt lat="43.315580" lon="-4.868010"/>
      <trkpt lat="43.315600" lon="-4.868100"/>
      <trkpt lat="43.315630" lon="-4.868180"/>
      <trkpt lat="43.315670" lon="-4.868300"/>
      <trkpt lat="43.315800" lon="-4.868540"/>
      <trkpt lat="43.316100" lon="-4.869040"/>
      <trkpt lat="43.316200" lon="-4.869220"/>
      <trkpt lat="43.316260" lon="-4.869360"/>
      <trkpt lat="43.316310" lon="-4.869490"/>
      <trkpt lat="43.316520" lon="-4.870190"/>
      <trkpt lat="43.316720" lon="-4.870790"/>
      <trkpt lat="43.316750" lon="-4.870890"/>
      <trkpt lat="43.316770" lon="-4.870980"/>
      <trkpt lat="43.316790" lon="-4.871100"/>
      <trkpt lat="43.316800" lon="-4.871230"/>
      <trkpt lat="43.316820" lon="-4.871500"/>
      <trkpt lat="43.316850" lon="-4.871650"/>
      <trkpt lat="43.316890" lon="-4.871800"/>
      <trkpt lat="43.316930" lon="-4.871910"/>
      <trkpt lat="43.316990" lon="-4.872020"/>
      <trkpt lat="43.317050" lon="-4.872100"/>
      <trkpt lat="43.317100" lon="-4.872150"/>
      <trkpt lat="43.317160" lon="-4.872210"/>
      <trkpt lat="43.317220" lon="-4.872270"/>
      <trkpt lat="43.317410" lon="-4.872420"/>
      <trkpt lat="43.317530" lon="-4.872510"/>
      <trkpt lat="43.317670" lon="-4.872650"/>
      <trkpt lat="43.317850" lon="-4.872860"/>
      <trkpt lat="43.317920" lon="-4.872920"/>
      <trkpt lat="43.317990" lon="-4.872970"/>
      <trkpt lat="43.318160" lon="-4.873100"/>
      <trkpt lat="43.318480" lon="-4.873300"/>
      <trkpt lat="43.318580" lon="-4.873350"/>
      <trkpt lat="43.318670" lon="-4.873380"/>
      <trkpt lat="43.318750" lon="-4.873390"/>
      <trkpt lat="43.318890" lon="-4.873400"/>
      <trkpt lat="43.319490" lon="-4.873410"/>
      <trkpt lat="43.319610" lon="-4.873410"/>
      <trkpt lat="43.319760" lon="-4.873400"/>
      <trkpt lat="43.319840" lon="-4.873400"/>
      <trkpt lat="43.319960" lon="-4.873380"/>
      <trkpt lat="43.320170" lon="-4.873330"/>
      <trkpt lat="43.320290" lon="-4.873300"/>
      <trkpt lat="43.320390" lon="-4.873260"/>
      <trkpt lat="43.320460" lon="-4.873230"/>
      <trkpt lat="43.320510" lon="-4.873200"/>
      <trkpt lat="43.320630" lon="-4.873100"/>
      <trkpt lat="43.320730" lon="-4.873020"/>
      <trkpt lat="43.320800" lon="-4.873000"/>
      <trkpt lat="43.320870" lon="-4.872990"/>
      <trkpt lat="43.320940" lon="-4.873010"/>
      <trkpt lat="43.321010" lon="-4.873060"/>
      <trkpt lat="43.321060" lon="-4.873140"/>
      <trkpt lat="43.321110" lon="-4.873240"/>
      <trkpt lat="43.321130" lon="-4.873320"/>
      <trkpt lat="43.321130" lon="-4.873390"/>
      <trkpt lat="43.321110" lon="-4.873480"/>
      <trkpt lat="43.321080" lon="-4.873550"/>
      <trkpt lat="43.321010" lon="-4.873640"/>
      <trkpt lat="43.320810" lon="-4.873850"/>
      <trkpt lat="43.320660" lon="-4.873990"/>
      <trkpt lat="43.320520" lon="-4.874120"/>
      <trkpt lat="43.320370" lon="-4.874230"/>
      <trkpt lat="43.320190" lon="-4.874350"/>
      <trkpt lat="43.319800" lon="-4.874550"/>
      <trkpt lat="43.319170" lon="-4.874850"/>
      <trkpt lat="43.318930" lon="-4.874940"/>
      <trkpt lat="43.318810" lon="-4.874970"/>
      <trkpt lat="43.318740" lon="-4.874980"/>
      <trkpt lat="43.318680" lon="-4.874980"/>
      <trkpt lat="43.318630" lon="-4.874970"/>
      <trkpt lat="43.318580" lon="-4.874960"/>
      <trkpt lat="43.318490" lon="-4.874930"/>
      <trkpt lat="43.318430" lon="-4.874910"/>
      <trkpt lat="43.318380" lon="-4.874890"/>
      <trkpt lat="43.318320" lon="-4.874860"/>
      <trkpt lat="43.318280" lon="-4.874850"/>
      <trkpt lat="43.318230" lon="-4.874830"/>
      <trkpt lat="43.318160" lon="-4.874830"/>
      <trkpt lat="43.318090" lon="-4.874830"/>
      <trkpt lat="43.318030" lon="-4.874860"/>
      <trkpt lat="43.317960" lon="-4.874910"/>
      <trkpt lat="43.317920" lon="-4.874960"/>
      <trkpt lat="43.317880" lon="-4.875030"/>
      <trkpt lat="43.317790" lon="-4.875200"/>
      <trkpt lat="43.317710" lon="-4.875330"/>
      <trkpt lat="43.317660" lon="-4.875410"/>
      <trkpt lat="43.317600" lon="-4.875480"/>
      <trkpt lat="43.317490" lon="-4.875590"/>
      <trkpt lat="43.317200" lon="-4.875800"/>
      <trkpt lat="43.316840" lon="-4.876050"/>
      <trkpt lat="43.316770" lon="-4.876120"/>
      <trkpt lat="43.316670" lon="-4.876220"/>
      <trkpt lat="43.316580" lon="-4.876350"/>
      <trkpt lat="43.316490" lon="-4.876540"/>
      <trkpt lat="43.316440" lon="-4.876660"/>
      <trkpt lat="43.316400" lon="-4.876800"/>
      <trkpt lat="43.316290" lon="-4.877190"/>
      <trkpt lat="43.316200" lon="-4.877530"/>
      <trkpt lat="43.316140" lon="-4.877780"/>
      <trkpt lat="43.315980" lon="-4.878490"/>
      <trkpt lat="43.315910" lon="-4.878830"/>
      <trkpt lat="43.315850" lon="-4.879040"/>
      <trkpt lat="43.315690" lon="-4.879570"/>
      <trkpt lat="43.315620" lon="-4.879820"/>
      <trkpt lat="43.315600" lon="-4.879930"/>
      <trkpt lat="43.315580" lon="-4.880070"/>
      <trkpt lat="43.315560" lon="-4.880220"/>
      <trkpt lat="43.315560" lon="-4.880380"/>
      <trkpt lat="43.315560" lon="-4.880590"/>
      <trkpt lat="43.315580" lon="-4.880780"/>
      <trkpt lat="43.315610" lon="-4.881070"/>
      <trkpt lat="43.315640" lon="-4.881290"/>
      <trkpt lat="43.315670" lon="-4.881460"/>
      <trkpt lat="43.315680" lon="-4.881610"/>
      <trkpt lat="43.315680" lon="-4.881780"/>
      <trkpt lat="43.315680" lon="-4.881920"/>
      <trkpt lat="43.315660" lon="-4.882270"/>
      <trkpt lat="43.315660" lon="-4.882380"/>
      <trkpt lat="43.315670" lon="-4.882480"/>
      <trkpt lat="43.315720" lon="-4.883170"/>
      <trkpt lat="43.315730" lon="-4.883330"/>
      <trkpt lat="43.315750" lon="-4.883430"/>
      <trkpt lat="43.315770" lon="-4.883550"/>
      <trkpt lat="43.315820" lon="-4.883710"/>
      <trkpt lat="43.315890" lon="-4.883930"/>
      <trkpt lat="43.316120" lon="-4.884590"/>
      <trkpt lat="43.316220" lon="-4.884910"/>
      <trkpt lat="43.316260" lon="-4.885070"/>
      <trkpt lat="43.316290" lon="-4.885250"/>
      <trkpt lat="43.316350" lon="-4.885540"/>
      <trkpt lat="43.316370" lon="-4.885650"/>
      <trkpt lat="43.316510" lon="-4.886190"/>
      <trkpt lat="43.316580" lon="-4.886430"/>
      <trkpt lat="43.316600" lon="-4.886540"/>
      <trkpt lat="43.316630" lon="-4.886670"/>
      <trkpt lat="43.316650" lon="-4.886870"/>
      <trkpt lat="43.316670" lon="-4.887050"/>
      <trkpt lat="43.316770" lon="-4.888160"/>
      <trkpt lat="43.316800" lon="-4.888350"/>
      <trkpt lat="43.316820" lon="-4.888480"/>
      <trkpt lat="43.316850" lon="-4.888560"/>
      <trkpt lat="43.316870" lon="-4.888620"/>
      <trkpt lat="43.316900" lon="-4.888700"/>
      <trkpt lat="43.316930" lon="-4.888760"/>
      <trkpt lat="43.316980" lon="-4.888850"/>
      <trkpt lat="43.317050" lon="-4.888930"/>
      <trkpt lat="43.317190" lon="-4.889120"/>
      <trkpt lat="43.317370" lon="-4.889320"/>
      <trkpt lat="43.317540" lon="-4.889540"/>
      <trkpt lat="43.317650" lon="-4.889720"/>
      <trkpt lat="43.317750" lon="-4.889930"/>
      <trkpt lat="43.317800" lon="-4.890120"/>
      <trkpt lat="43.317900" lon="-4.890440"/>
      <trkpt lat="43.318050" lon="-4.890930"/>
      <trkpt lat="43.318540" lon="-4.892450"/>
      <trkpt lat="43.318730" lon="-4.893050"/>
      <trkpt lat="43.318800" lon="-4.893310"/>
      <trkpt lat="43.318840" lon="-4.893510"/>
      <trkpt lat="43.318880" lon="-4.893740"/>
      <trkpt lat="43.318930" lon="-4.894240"/>
      <trkpt lat="43.318960" lon="-4.894430"/>
      <trkpt lat="43.319010" lon="-4.894630"/>
      <trkpt lat="43.319060" lon="-4.894790"/>
      <trkpt lat="43.319110" lon="-4.894920"/>
      <trkpt lat="43.319180" lon="-4.895080"/>
      <trkpt lat="43.319390" lon="-4.895510"/>
      <trkpt lat="43.319520" lon="-4.895810"/>
      <trkpt lat="43.319570" lon="-4.895930"/>
      <trkpt lat="43.319610" lon="-4.896050"/>
      <trkpt lat="43.319640" lon="-4.896150"/>
      <trkpt lat="43.319670" lon="-4.896270"/>
      <trkpt lat="43.319700" lon="-4.896470"/>
      <trkpt lat="43.319710" lon="-4.896650"/>
      <trkpt lat="43.319710" lon="-4.896760"/>
      <trkpt lat="43.319710" lon="-4.896860"/>
      <trkpt lat="43.319700" lon="-4.896990"/>
      <trkpt lat="43.319690" lon="-4.897100"/>
      <trkpt lat="43.319670" lon="-4.897250"/>
      <trkpt lat="43.319560" lon="-4.897770"/>
      <trkpt lat="43.319520" lon="-4.897960"/>
      <trkpt lat="43.319510" lon="-4.898090"/>
      <trkpt lat="43.319500" lon="-4.898200"/>
      <trkpt lat="43.319490" lon="-4.899060"/>
      <trkpt lat="43.319480" lon="-4.899270"/>
      <trkpt lat="43.319460" lon="-4.899450"/>
      <trkpt lat="43.319390" lon="-4.899900"/>
      <trkpt lat="43.319380" lon="-4.899970"/>
      <trkpt lat="43.319370" lon="-4.900060"/>
      <trkpt lat="43.319380" lon="-4.900200"/>
      <trkpt lat="43.319390" lon="-4.900310"/>
      <trkpt lat="43.319410" lon="-4.900400"/>
      <trkpt lat="43.319460" lon="-4.900530"/>
      <trkpt lat="43.319540" lon="-4.900690"/>
      <trkpt lat="43.319620" lon="-4.900790"/>
      <trkpt lat="43.319730" lon="-4.900890"/>
      <trkpt lat="43.319860" lon="-4.900970"/>
      <trkpt lat="43.319960" lon="-4.901000"/>
      <trkpt lat="43.320080" lon="-4.901010"/>
      <trkpt lat="43.320280" lon="-4.900990"/>
      <trkpt lat="43.320410" lon="-4.900960"/>
      <trkpt lat="43.320570" lon="-4.900900"/>
      <trkpt lat="43.320690" lon="-4.900840"/>
      <trkpt lat="43.320850" lon="-4.900760"/>
      <trkpt lat="43.321020" lon="-4.900680"/>
      <trkpt lat="43.321170" lon="-4.900640"/>
      <trkpt lat="43.321300" lon="-4.900620"/>
      <trkpt lat="43.321420" lon="-4.900640"/>
      <trkpt lat="43.321560" lon="-4.900660"/>
      <trkpt lat="43.322490" lon="-4.900840"/>
      <trkpt lat="43.322970" lon="-4.900930"/>
      <trkpt lat="43.323310" lon="-4.901010"/>
      <trkpt lat="43.323650" lon="-4.901120"/>
      <trkpt lat="43.323850" lon="-4.901190"/>
      <trkpt lat="43.324140" lon="-4.901300"/>
      <trkpt lat="43.324410" lon="-4.901440"/>
      <trkpt lat="43.324590" lon="-4.901560"/>
      <trkpt lat="43.324840" lon="-4.901730"/>
      <trkpt lat="43.324960" lon="-4.901820"/>
      <trkpt lat="43.325380" lon="-4.902140"/>
      <trkpt lat="43.325860" lon="-4.902560"/>
      <trkpt lat="43.326000" lon="-4.902670"/>
      <trkpt lat="43.326030" lon="-4.902680"/>
      <trkpt lat="43.326090" lon="-4.902720"/>
      <trkpt lat="43.326140" lon="-4.902750"/>
      <trkpt lat="43.326290" lon="-4.902810"/>
      <trkpt lat="43.326880" lon="-4.902980"/>
      <trkpt lat="43.327400" lon="-4.903120"/>
      <trkpt lat="43.327730" lon="-4.903210"/>
      <trkpt lat="43.327830" lon="-4.903230"/>
      <trkpt lat="43.327930" lon="-4.903240"/>
      <trkpt lat="43.328010" lon="-4.903240"/>
      <trkpt lat="43.328090" lon="-4.903220"/>
      <trkpt lat="43.328200" lon="-4.903200"/>
      <trkpt lat="43.328260" lon="-4.903180"/>
      <trkpt lat="43.328640" lon="-4.903050"/>
      <trkpt lat="43.328730" lon="-4.903030"/>
      <trkpt lat="43.328830" lon="-4.903020"/>
      <trkpt lat="43.328930" lon="-4.903020"/>
      <trkpt lat="43.329040" lon="-4.903040"/>
      <trkpt lat="43.329920" lon="-4.903270"/>
      <trkpt lat="43.330550" lon="-4.903450"/>
      <trkpt lat="43.330840" lon="-4.903500"/>
      <trkpt lat="43.330970" lon="-4.903520"/>
      <trkpt lat="43.331050" lon="-4.903520"/>
      <trkpt lat="43.331080" lon="-4.903530"/>
      <trkpt lat="43.331400" lon="-4.903570"/>
      <trkpt lat="43.332190" lon="-4.903700"/>
      <trkpt lat="43.332370" lon="-4.903720"/>
      <trkpt lat="43.332530" lon="-4.903730"/>
      <trkpt lat="43.332630" lon="-4.903740"/>
      <trkpt lat="43.332710" lon="-4.903770"/>
      <trkpt lat="43.332840" lon="-4.903830"/>
      <trkpt lat="43.332960" lon="-4.903930"/>
      <trkpt lat="43.333070" lon="-4.904060"/>
      <trkpt lat="43.333440" lon="-4.904580"/>
      <trkpt lat="43.333830" lon="-4.905130"/>
      <trkpt lat="43.333940" lon="-4.905310"/>
      <trkpt lat="43.334060" lon="-4.905530"/>
      <trkpt lat="43.334210" lon="-4.905830"/>
      <trkpt lat="43.334280" lon="-4.905960"/>
      <trkpt lat="43.334360" lon="-4.906070"/>
      <trkpt lat="43.334420" lon="-4.906140"/>
      <trkpt lat="43.334480" lon="-4.906200"/>
      <trkpt lat="43.334560" lon="-4.906260"/>
      <trkpt lat="43.334940" lon="-4.906500"/>
      <trkpt lat="43.335080" lon="-4.906610"/>
      <trkpt lat="43.335200" lon="-4.906730"/>
      <trkpt lat="43.335310" lon="-4.906880"/>
      <trkpt lat="43.335410" lon="-4.907060"/>
      <trkpt lat="43.335490" lon="-4.907260"/>
      <trkpt lat="43.335530" lon="-4.907400"/>
      <trkpt lat="43.335600" lon="-4.907610"/>
      <trkpt lat="43.335700" lon="-4.907950"/>
      <trkpt lat="43.335780" lon="-4.908250"/>
      <trkpt lat="43.336010" lon="-4.909070"/>
      <trkpt lat="43.336100" lon="-4.909390"/>
      <trkpt lat="43.336170" lon="-4.909700"/>
      <trkpt lat="43.336200" lon="-4.909900"/>
      <trkpt lat="43.336230" lon="-4.910150"/>
      <trkpt lat="43.336240" lon="-4.910430"/>
      <trkpt lat="43.336250" lon="-4.911130"/>
      <trkpt lat="43.336260" lon="-4.911340"/>
      <trkpt lat="43.336280" lon="-4.911610"/>
      <trkpt lat="43.336330" lon="-4.911840"/>
      <trkpt lat="43.336410" lon="-4.912080"/>
      <trkpt lat="43.336500" lon="-4.912320"/>
      <trkpt lat="43.336580" lon="-4.912480"/>
      <trkpt lat="43.336670" lon="-4.912630"/>
      <trkpt lat="43.336770" lon="-4.912760"/>
      <trkpt lat="43.336880" lon="-4.912880"/>
      <trkpt lat="43.337000" lon="-4.913000"/>
      <trkpt lat="43.337460" lon="-4.913330"/>
      <trkpt lat="43.337650" lon="-4.913490"/>
      <trkpt lat="43.337720" lon="-4.913550"/>
      <trkpt lat="43.337780" lon="-4.913610"/>
      <trkpt lat="43.337880" lon="-4.913750"/>
      <trkpt lat="43.337980" lon="-4.913920"/>
      <trkpt lat="43.338010" lon="-4.914010"/>
      <trkpt lat="43.338050" lon="-4.914150"/>
      <trkpt lat="43.338160" lon="-4.914400"/>
      <trkpt lat="43.338180" lon="-4.914450"/>
      <trkpt lat="43.338220" lon="-4.914460"/>
      <trkpt lat="43.338260" lon="-4.914490"/>
      <trkpt lat="43.338290" lon="-4.914530"/>
      <trkpt lat="43.338320" lon="-4.914590"/>
      <trkpt lat="43.338330" lon="-4.914660"/>
      <trkpt lat="43.338330" lon="-4.914730"/>
      <trkpt lat="43.338320" lon="-4.914800"/>
      <trkpt lat="43.338280" lon="-4.914870"/>
      <trkpt lat="43.338250" lon="-4.914910"/>
      <trkpt lat="43.338210" lon="-4.914940"/>
      <trkpt lat="43.338160" lon="-4.914950"/>
      <trkpt lat="43.338100" lon="-4.914940"/>
      <trkpt lat="43.338060" lon="-4.914980"/>
      <trkpt lat="43.338020" lon="-4.915020"/>
      <trkpt lat="43.337980" lon="-4.915060"/>
      <trkpt lat="43.337930" lon="-4.915110"/>
      <trkpt lat="43.337870" lon="-4.915250"/>
      <trkpt lat="43.337820" lon="-4.915380"/>
      <trkpt lat="43.337770" lon="-4.915540"/>
      <trkpt lat="43.337710" lon="-4.915700"/>
      <trkpt lat="43.337670" lon="-4.915890"/>
      <trkpt lat="43.337610" lon="-4.916120"/>
      <trkpt lat="43.337580" lon="-4.916290"/>
      <trkpt lat="43.337560" lon="-4.916400"/>
      <trkpt lat="43.337550" lon="-4.916560"/>
      <trkpt lat="43.337540" lon="-4.916660"/>
      <trkpt lat="43.337550" lon="-4.916880"/>
      <trkpt lat="43.337590" lon="-4.917450"/>
      <trkpt lat="43.337590" lon="-4.917620"/>
      <trkpt lat="43.337590" lon="-4.917780"/>
      <trkpt lat="43.337580" lon="-4.917890"/>
      <trkpt lat="43.337560" lon="-4.918010"/>
      <trkpt lat="43.337550" lon="-4.918080"/>
      <trkpt lat="43.337520" lon="-4.918250"/>
      <trkpt lat="43.337490" lon="-4.918450"/>
      <trkpt lat="43.337450" lon="-4.918700"/>
      <trkpt lat="43.337440" lon="-4.918830"/>
      <trkpt lat="43.337430" lon="-4.918960"/>
      <trkpt lat="43.337440" lon="-4.919190"/>
      <trkpt lat="43.337530" lon="-4.919910"/>
      <trkpt lat="43.337560" lon="-4.920290"/>
      <trkpt lat="43.337560" lon="-4.921440"/>
      <trkpt lat="43.337560" lon="-4.921760"/>
      <trkpt lat="43.337570" lon="-4.921960"/>
      <trkpt lat="43.337600" lon="-4.922180"/>
      <trkpt lat="43.337620" lon="-4.922350"/>
      <trkpt lat="43.337660" lon="-4.922520"/>
      <trkpt lat="43.337690" lon="-4.922620"/>
      <trkpt lat="43.337740" lon="-4.922800"/>
      <trkpt lat="43.338020" lon="-4.923560"/>
      <trkpt lat="43.338090" lon="-4.923730"/>
      <trkpt lat="43.338130" lon="-4.923820"/>
      <trkpt lat="43.338190" lon="-4.923910"/>
      <trkpt lat="43.338530" lon="-4.924440"/>
      <trkpt lat="43.338610" lon="-4.924590"/>
      <trkpt lat="43.338680" lon="-4.924740"/>
      <trkpt lat="43.338730" lon="-4.924920"/>
      <trkpt lat="43.338820" lon="-4.925480"/>
      <trkpt lat="43.338840" lon="-4.925660"/>
      <trkpt lat="43.338840" lon="-4.925850"/>
      <trkpt lat="43.338820" lon="-4.926060"/>
      <trkpt lat="43.338800" lon="-4.926240"/>
      <trkpt lat="43.338790" lon="-4.926390"/>
      <trkpt lat="43.338800" lon="-4.926520"/>
      <trkpt lat="43.338820" lon="-4.926660"/>
      <trkpt lat="43.338860" lon="-4.926790"/>
      <trkpt lat="43.338880" lon="-4.926840"/>
      <trkpt lat="43.338910" lon="-4.926900"/>
      <trkpt lat="43.338940" lon="-4.926990"/>
      <trkpt lat="43.338980" lon="-4.927050"/>
      <trkpt lat="43.339090" lon="-4.927190"/>
      <trkpt lat="43.339340" lon="-4.927490"/>
      <trkpt lat="43.339410" lon="-4.927600"/>
      <trkpt lat="43.339460" lon="-4.927700"/>
      <trkpt lat="43.339510" lon="-4.927800"/>
      <trkpt lat="43.339540" lon="-4.927890"/>
      <trkpt lat="43.339560" lon="-4.928000"/>
      <trkpt lat="43.339580" lon="-4.928140"/>
      <trkpt lat="43.339600" lon="-4.928330"/>
      <trkpt lat="43.339590" lon="-4.930020"/>
      <trkpt lat="43.339590" lon="-4.930170"/>
      <trkpt lat="43.339570" lon="-4.930310"/>
      <trkpt lat="43.339540" lon="-4.930430"/>
      <trkpt lat="43.339500" lon="-4.930560"/>
      <trkpt lat="43.339430" lon="-4.930700"/>
      <trkpt lat="43.339360" lon="-4.930810"/>
      <trkpt lat="43.339080" lon="-4.931180"/>
      <trkpt lat="43.339010" lon="-4.931260"/>
      <trkpt lat="43.338940" lon="-4.931310"/>
      <trkpt lat="43.338780" lon="-4.931420"/>
      <trkpt lat="43.338590" lon="-4.931510"/>
      <trkpt lat="43.338510" lon="-4.931550"/>
      <trkpt lat="43.338420" lon="-4.931600"/>
      <trkpt lat="43.338340" lon="-4.931650"/>
      <trkpt lat="43.338270" lon="-4.931720"/>
      <trkpt lat="43.338190" lon="-4.931800"/>
      <trkpt lat="43.338120" lon="-4.931900"/>
      <trkpt lat="43.338050" lon="-4.932030"/>
      <trkpt lat="43.338000" lon="-4.932130"/>
      <trkpt lat="43.337960" lon="-4.932250"/>
      <trkpt lat="43.337930" lon="-4.932370"/>
      <trkpt lat="43.337920" lon="-4.932440"/>
      <trkpt lat="43.337910" lon="-4.932500"/>
      <trkpt lat="43.337900" lon="-4.932630"/>
      <trkpt lat="43.337890" lon="-4.932740"/>
      <trkpt lat="43.337900" lon="-4.932860"/>
      <trkpt lat="43.337910" lon="-4.932980"/>
      <trkpt lat="43.338030" lon="-4.933590"/>
      <trkpt lat="43.338050" lon="-4.933710"/>
      <trkpt lat="43.338060" lon="-4.933820"/>
      <trkpt lat="43.338060" lon="-4.933940"/>
      <trkpt lat="43.338060" lon="-4.934060"/>
      <trkpt lat="43.338040" lon="-4.934190"/>
      <trkpt lat="43.338020" lon="-4.934300"/>
      <trkpt lat="43.337990" lon="-4.934400"/>
      <trkpt lat="43.337960" lon="-4.934500"/>
      <trkpt lat="43.337830" lon="-4.934860"/>
      <trkpt lat="43.337780" lon="-4.934980"/>
      <trkpt lat="43.337730" lon="-4.935080"/>
      <trkpt lat="43.337610" lon="-4.935280"/>
      <trkpt lat="43.337400" lon="-4.935600"/>
      <trkpt lat="43.337330" lon="-4.935740"/>
      <trkpt lat="43.337280" lon="-4.935870"/>
      <trkpt lat="43.337210" lon="-4.936080"/>
      <trkpt lat="43.337130" lon="-4.936350"/>
      <trkpt lat="43.337040" lon="-4.936690"/>
      <trkpt lat="43.336950" lon="-4.937010"/>
      <trkpt lat="43.336720" lon="-4.937980"/>
      <trkpt lat="43.336650" lon="-4.938370"/>
      <trkpt lat="43.336620" lon="-4.938650"/>
      <trkpt lat="43.336590" lon="-4.939060"/>
      <trkpt lat="43.336540" lon="-4.939740"/>
      <trkpt lat="43.336520" lon="-4.939980"/>
      <trkpt lat="43.336520" lon="-4.940040"/>
      <trkpt lat="43.336500" lon="-4.940140"/>
      <trkpt lat="43.336440" lon="-4.940420"/>
      <trkpt lat="43.336370" lon="-4.940700"/>
      <trkpt lat="43.336310" lon="-4.940870"/>
      <trkpt lat="43.336140" lon="-4.941300"/>
      <trkpt lat="43.336080" lon="-4.941460"/>
      <trkpt lat="43.336040" lon="-4.941580"/>
      <trkpt lat="43.336020" lon="-4.941670"/>
      <trkpt lat="43.335940" lon="-4.942040"/>
      <trkpt lat="43.335830" lon="-4.942570"/>
      <trkpt lat="43.335790" lon="-4.942710"/>
      <trkpt lat="43.335720" lon="-4.942940"/>
      <trkpt lat="43.335680" lon="-4.943070"/>
      <trkpt lat="43.335570" lon="-4.943360"/>
      <trkpt lat="43.335450" lon="-4.943630"/>
      <trkpt lat="43.335320" lon="-4.943910"/>
      <trkpt lat="43.335200" lon="-4.944160"/>
      <trkpt lat="43.335130" lon="-4.944320"/>
      <trkpt lat="43.335100" lon="-4.944450"/>
      <trkpt lat="43.335080" lon="-4.944540"/>
      <trkpt lat="43.335060" lon="-4.944640"/>
      <trkpt lat="43.335050" lon="-4.944740"/>
      <trkpt lat="43.335050" lon="-4.944850"/>
      <trkpt lat="43.335060" lon="-4.944970"/>
      <trkpt lat="43.335100" lon="-4.945390"/>
      <trkpt lat="43.335120" lon="-4.945670"/>
      <trkpt lat="43.335130" lon="-4.945820"/>
      <trkpt lat="43.335120" lon="-4.945920"/>
      <trkpt lat="43.335100" lon="-4.946090"/>
      <trkpt lat="43.335070" lon="-4.946220"/>
      <trkpt lat="43.335050" lon="-4.946310"/>
      <trkpt lat="43.335010" lon="-4.946420"/>
      <trkpt lat="43.334980" lon="-4.946490"/>
      <trkpt lat="43.334680" lon="-4.947100"/>
      <trkpt lat="43.334550" lon="-4.947370"/>
      <trkpt lat="43.334490" lon="-4.947530"/>
      <trkpt lat="43.334460" lon="-4.947620"/>
      <trkpt lat="43.334380" lon="-4.947860"/>
      <trkpt lat="43.334330" lon="-4.948030"/>
      <trkpt lat="43.334270" lon="-4.948230"/>
      <trkpt lat="43.334230" lon="-4.948410"/>
      <trkpt lat="43.334190" lon="-4.948620"/>
      <trkpt lat="43.334160" lon="-4.948810"/>
      <trkpt lat="43.334130" lon="-4.949030"/>
      <trkpt lat="43.334100" lon="-4.949290"/>
      <trkpt lat="43.334090" lon="-4.949440"/>
      <trkpt lat="43.334060" lon="-4.950290"/>
      <trkpt lat="43.334040" lon="-4.950740"/>
      <trkpt lat="43.334040" lon="-4.950760"/>
      <trkpt lat="43.334040" lon="-4.950830"/>
      <trkpt lat="43.334030" lon="-4.950990"/>
      <trkpt lat="43.334020" lon="-4.951230"/>
      <trkpt lat="43.334010" lon="-4.951360"/>
      <trkpt lat="43.334010" lon="-4.951530"/>
      <trkpt lat="43.334020" lon="-4.951640"/>
      <trkpt lat="43.334030" lon="-4.951760"/>
      <trkpt lat="43.334030" lon="-4.951840"/>
      <trkpt lat="43.334050" lon="-4.951950"/>
      <trkpt lat="43.334070" lon="-4.952020"/>
      <trkpt lat="43.334100" lon="-4.952180"/>
      <trkpt lat="43.334140" lon="-4.952320"/>
      <trkpt lat="43.334170" lon="-4.952370"/>
      <trkpt lat="43.334210" lon="-4.952490"/>
      <trkpt lat="43.334230" lon="-4.952540"/>
      <trkpt lat="43.334310" lon="-4.952740"/>
      <trkpt lat="43.334600" lon="-4.953490"/>
      <trkpt lat="43.334670" lon="-4.953650"/>
      <trkpt lat="43.334770" lon="-4.953840"/>
      <trkpt lat="43.334910" lon="-4.954120"/>
      <trkpt lat="43.334940" lon="-4.954180"/>
      <trkpt lat="43.334970" lon="-4.954260"/>
      <trkpt lat="43.335000" lon="-4.954340"/>
      <trkpt lat="43.335030" lon="-4.954430"/>
      <trkpt lat="43.335060" lon="-4.954530"/>
      <trkpt lat="43.335080" lon="-4.954580"/>
      <trkpt lat="43.335110" lon="-4.954690"/>
      <trkpt lat="43.335120" lon="-4.954840"/>
      <trkpt lat="43.335130" lon="-4.954940"/>
      <trkpt lat="43.335130" lon="-4.955050"/>
      <trkpt lat="43.335130" lon="-4.955230"/>
      <trkpt lat="43.335120" lon="-4.956080"/>
      <trkpt lat="43.335120" lon="-4.956180"/>
      <trkpt lat="43.335100" lon="-4.957100"/>
      <trkpt lat="43.335080" lon="-4.958240"/>
      <trkpt lat="43.335070" lon="-4.958800"/>
      <trkpt lat="43.335070" lon="-4.958890"/>
      <trkpt lat="43.335060" lon="-4.959880"/>
      <trkpt lat="43.335040" lon="-4.960720"/>
      <trkpt lat="43.335030" lon="-4.961240"/>
      <trkpt lat="43.335030" lon="-4.961370"/>
      <trkpt lat="43.335030" lon="-4.961740"/>
      <trkpt lat="43.335030" lon="-4.961920"/>
      <trkpt lat="43.335050" lon="-4.962110"/>
      <trkpt lat="43.335070" lon="-4.962330"/>
      <trkpt lat="43.335110" lon="-4.962630"/>
      <trkpt lat="43.335160" lon="-4.963050"/>
      <trkpt lat="43.335180" lon="-4.963230"/>
      <trkpt lat="43.335190" lon="-4.963420"/>
      <trkpt lat="43.335190" lon="-4.963530"/>
      <trkpt lat="43.335180" lon="-4.963650"/>
      <trkpt lat="43.335170" lon="-4.963860"/>
      <trkpt lat="43.335090" lon="-4.964640"/>
      <trkpt lat="43.334970" lon="-4.965780"/>
      <trkpt lat="43.334950" lon="-4.965980"/>
      <trkpt lat="43.334940" lon="-4.966150"/>
      <trkpt lat="43.334930" lon="-4.966290"/>
      <trkpt lat="43.334930" lon="-4.966460"/>
      <trkpt lat="43.334940" lon="-4.966640"/>
      <trkpt lat="43.334960" lon="-4.966720"/>
      <trkpt lat="43.335010" lon="-4.967040"/>
      <trkpt lat="43.335020" lon="-4.967100"/>
      <trkpt lat="43.335040" lon="-4.967220"/>
      <trkpt lat="43.335060" lon="-4.967370"/>
      <trkpt lat="43.335060" lon="-4.967440"/>
      <trkpt lat="43.335040" lon="-4.967530"/>
      <trkpt lat="43.335010" lon="-4.967670"/>
      <trkpt lat="43.334960" lon="-4.967880"/>
      <trkpt lat="43.334940" lon="-4.967990"/>
      <trkpt lat="43.334940" lon="-4.968060"/>
      <trkpt lat="43.334920" lon="-4.968180"/>
      <trkpt lat="43.334920" lon="-4.968230"/>
      <trkpt lat="43.334890" lon="-4.968490"/>
      <trkpt lat="43.334860" lon="-4.968720"/>
      <trkpt lat="43.334800" lon="-4.969020"/>
      <trkpt lat="43.334770" lon="-4.969160"/>
      <trkpt lat="43.334760" lon="-4.969220"/>
      <trkpt lat="43.334740" lon="-4.969330"/>
      <trkpt lat="43.334730" lon="-4.969400"/>
      <trkpt lat="43.334730" lon="-4.969510"/>
      <trkpt lat="43.334730" lon="-4.969720"/>
      <trkpt lat="43.334740" lon="-4.969950"/>
      <trkpt lat="43.334750" lon="-4.970030"/>
      <trkpt lat="43.334820" lon="-4.970550"/>
      <trkpt lat="43.334880" lon="-4.971010"/>
      <trkpt lat="43.335020" lon="-4.972010"/>
      <trkpt lat="43.335030" lon="-4.972060"/>
      <trkpt lat="43.335060" lon="-4.972250"/>
      <trkpt lat="43.335100" lon="-4.972450"/>
      <trkpt lat="43.335130" lon="-4.972560"/>
      <trkpt lat="43.335160" lon="-4.972660"/>
      <trkpt lat="43.335260" lon="-4.972870"/>
      <trkpt lat="43.335330" lon="-4.973030"/>
      <trkpt lat="43.335470" lon="-4.973290"/>
      <trkpt lat="43.335740" lon="-4.973800"/>
      <trkpt lat="43.335860" lon="-4.974020"/>
      <trkpt lat="43.335900" lon="-4.974110"/>
      <trkpt lat="43.335980" lon="-4.974250"/>
      <trkpt lat="43.336040" lon="-4.974400"/>
      <trkpt lat="43.336070" lon="-4.974470"/>
      <trkpt lat="43.336130" lon="-4.974630"/>
      <trkpt lat="43.336170" lon="-4.974770"/>
      <trkpt lat="43.336200" lon="-4.974920"/>
      <trkpt lat="43.336250" lon="-4.975300"/>
      <trkpt lat="43.336350" lon="-4.976260"/>
      <trkpt lat="43.336430" lon="-4.977320"/>
      <trkpt lat="43.336540" lon="-4.978310"/>
      <trkpt lat="43.336640" lon="-4.979050"/>
      <trkpt lat="43.336730" lon="-4.979710"/>
      <trkpt lat="43.336780" lon="-4.980130"/>
      <trkpt lat="43.336850" lon="-4.980570"/>
      <trkpt lat="43.336860" lon="-4.980650"/>
      <trkpt lat="43.336870" lon="-4.980740"/>
      <trkpt lat="43.336940" lon="-4.981240"/>
      <trkpt lat="43.336980" lon="-4.981510"/>
      <trkpt lat="43.337000" lon="-4.981760"/>
      <trkpt lat="43.336990" lon="-4.981900"/>
      <trkpt lat="43.336990" lon="-4.982080"/>
      <trkpt lat="43.336950" lon="-4.982530"/>
      <trkpt lat="43.336940" lon="-4.982680"/>
      <trkpt lat="43.336920" lon="-4.982930"/>
      <trkpt lat="43.336920" lon="-4.983070"/>
      <trkpt lat="43.336930" lon="-4.983230"/>
      <trkpt lat="43.336960" lon="-4.983610"/>
      <trkpt lat="43.337010" lon="-4.984120"/>
      <trkpt lat="43.337570" lon="-4.989180"/>
      <trkpt lat="43.337790" lon="-4.991190"/>
      <trkpt lat="43.337870" lon="-4.992020"/>
      <trkpt lat="43.337900" lon="-4.992390"/>
      <trkpt lat="43.337910" lon="-4.992770"/>
      <trkpt lat="43.337910" lon="-4.993060"/>
      <trkpt lat="43.337900" lon="-4.993360"/>
      <trkpt lat="43.337870" lon="-4.993840"/>
      <trkpt lat="43.337820" lon="-4.994230"/>
      <trkpt lat="43.337720" lon="-4.994830"/>
      <trkpt lat="43.337560" lon="-4.995590"/>
      <trkpt lat="43.337270" lon="-4.996910"/>
      <trkpt lat="43.337210" lon="-4.997250"/>
      <trkpt lat="43.337190" lon="-4.997430"/>
      <trkpt lat="43.337180" lon="-4.997600"/>
      <trkpt lat="43.337160" lon="-4.997840"/>
      <trkpt lat="43.337160" lon="-4.998080"/>
      <trkpt lat="43.337180" lon="-4.998450"/>
      <trkpt lat="43.337210" lon="-4.998840"/>
      <trkpt lat="43.337260" lon="-4.999610"/>
      <trkpt lat="43.337270" lon="-4.999790"/>
      <trkpt lat="43.337290" lon="-4.999960"/>
      <trkpt lat="43.337300" lon="-5.000040"/>
      <trkpt lat="43.337330" lon="-5.000210"/>
      <trkpt lat="43.337360" lon="-5.000310"/>
      <trkpt lat="43.337380" lon="-5.000400"/>
      <trkpt lat="43.337420" lon="-5.000520"/>
      <trkpt lat="43.337470" lon="-5.000700"/>
      <trkpt lat="43.337510" lon="-5.000830"/>
      <trkpt lat="43.337580" lon="-5.001010"/>
      <trkpt lat="43.337650" lon="-5.001270"/>
      <trkpt lat="43.337690" lon="-5.001560"/>
      <trkpt lat="43.337690" lon="-5.001640"/>
      <trkpt lat="43.337690" lon="-5.001800"/>
      <trkpt lat="43.337660" lon="-5.002070"/>
      <trkpt lat="43.337600" lon="-5.002370"/>
      <trkpt lat="43.337410" lon="-5.003350"/>
      <trkpt lat="43.337390" lon="-5.003610"/>
      <trkpt lat="43.337370" lon="-5.003930"/>
      <trkpt lat="43.337390" lon="-5.004230"/>
      <trkpt lat="43.337420" lon="-5.004640"/>
      <trkpt lat="43.337470" lon="-5.005140"/>
      <trkpt lat="43.337520" lon="-5.005430"/>
      <trkpt lat="43.337570" lon="-5.005600"/>
      <trkpt lat="43.337640" lon="-5.005790"/>
      <trkpt lat="43.337720" lon="-5.005940"/>
      <trkpt lat="43.337890" lon="-5.006160"/>
      <trkpt lat="43.337980" lon="-5.006270"/>
      <trkpt lat="43.338030" lon="-5.006340"/>
      <trkpt lat="43.338270" lon="-5.006640"/>
      <trkpt lat="43.338350" lon="-5.006760"/>
      <trkpt lat="43.338420" lon="-5.006880"/>
      <trkpt lat="43.338510" lon="-5.007050"/>
      <trkpt lat="43.338590" lon="-5.007220"/>
      <trkpt lat="43.338710" lon="-5.007580"/>
      <trkpt lat="43.338850" lon="-5.007980"/>
      <trkpt lat="43.338890" lon="-5.008140"/>
      <trkpt lat="43.338920" lon="-5.008290"/>
      <trkpt lat="43.338950" lon="-5.008460"/>
      <trkpt lat="43.338950" lon="-5.008720"/>
      <trkpt lat="43.338950" lon="-5.009020"/>
      <trkpt lat="43.338940" lon="-5.009420"/>
      <trkpt lat="43.338950" lon="-5.009620"/>
      <trkpt lat="43.338970" lon="-5.009750"/>
      <trkpt lat="43.339000" lon="-5.009900"/>
      <trkpt lat="43.339030" lon="-5.010010"/>
      <trkpt lat="43.339080" lon="-5.010140"/>
      <trkpt lat="43.339130" lon="-5.010270"/>
      <trkpt lat="43.339200" lon="-5.010390"/>
      <trkpt lat="43.339270" lon="-5.010500"/>
      <trkpt lat="43.339430" lon="-5.010680"/>
      <trkpt lat="43.339590" lon="-5.010840"/>
      <trkpt lat="43.339870" lon="-5.011100"/>
      <trkpt lat="43.340020" lon="-5.011270"/>
      <trkpt lat="43.340080" lon="-5.011350"/>
      <trkpt lat="43.340130" lon="-5.011440"/>
      <trkpt lat="43.340190" lon="-5.011550"/>
      <trkpt lat="43.340250" lon="-5.011660"/>
      <trkpt lat="43.340310" lon="-5.011820"/>
      <trkpt lat="43.340360" lon="-5.011980"/>
      <trkpt lat="43.340560" lon="-5.012650"/>
      <trkpt lat="43.340680" lon="-5.013050"/>
      <trkpt lat="43.340790" lon="-5.013330"/>
      <trkpt lat="43.340900" lon="-5.013550"/>
      <trkpt lat="43.341070" lon="-5.013770"/>
      <trkpt lat="43.341350" lon="-5.014030"/>
      <trkpt lat="43.341410" lon="-5.014090"/>
      <trkpt lat="43.341920" lon="-5.014590"/>
      <trkpt lat="43.342060" lon="-5.014730"/>
      <trkpt lat="43.342190" lon="-5.014890"/>
      <trkpt lat="43.342230" lon="-5.014950"/>
      <trkpt lat="43.342350" lon="-5.015150"/>
      <trkpt lat="43.342480" lon="-5.015290"/>
      <trkpt lat="43.342540" lon="-5.015350"/>
      <trkpt lat="43.342810" lon="-5.015530"/>
      <trkpt lat="43.343810" lon="-5.015970"/>
      <trkpt lat="43.344050" lon="-5.016070"/>
      <trkpt lat="43.344770" lon="-5.016400"/>
      <trkpt lat="43.344980" lon="-5.016520"/>
      <trkpt lat="43.345170" lon="-5.016620"/>
      <trkpt lat="43.345330" lon="-5.016770"/>
      <trkpt lat="43.345510" lon="-5.017010"/>
      <trkpt lat="43.346190" lon="-5.018080"/>
      <trkpt lat="43.347070" lon="-5.019540"/>
      <trkpt lat="43.348100" lon="-5.021240"/>
      <trkpt lat="43.348370" lon="-5.021710"/>
      <trkpt lat="43.348520" lon="-5.021950"/>
      <trkpt lat="43.348600" lon="-5.022160"/>
      <trkpt lat="43.348680" lon="-5.022440"/>
      <trkpt lat="43.348720" lon="-5.022680"/>
      <trkpt lat="43.348730" lon="-5.022900"/>
      <trkpt lat="43.348700" lon="-5.023450"/>
      <trkpt lat="43.348640" lon="-5.023920"/>
      <trkpt lat="43.348590" lon="-5.024360"/>
      <trkpt lat="43.348450" lon="-5.024970"/>
      <trkpt lat="43.348270" lon="-5.025490"/>
      <trkpt lat="43.348040" lon="-5.026130"/>
      <trkpt lat="43.347770" lon="-5.026870"/>
      <trkpt lat="43.347460" lon="-5.027800"/>
      <trkpt lat="43.347350" lon="-5.028190"/>
      <trkpt lat="43.347280" lon="-5.028580"/>
      <trkpt lat="43.347230" lon="-5.028970"/>
      <trkpt lat="43.347210" lon="-5.029140"/>
      <trkpt lat="43.347140" lon="-5.029810"/>
      <trkpt lat="43.347090" lon="-5.030210"/>
      <trkpt lat="43.346630" lon="-5.035230"/>
      <trkpt lat="43.346530" lon="-5.036800"/>
      <trkpt lat="43.346400" lon="-5.039380"/>
      <trkpt lat="43.346390" lon="-5.039500"/>
      <trkpt lat="43.346260" lon="-5.042210"/>
      <trkpt lat="43.346190" lon="-5.043400"/>
      <trkpt lat="43.346160" lon="-5.043680"/>
      <trkpt lat="43.346130" lon="-5.043870"/>
      <trkpt lat="43.346100" lon="-5.044010"/>
      <trkpt lat="43.346030" lon="-5.044210"/>
      <trkpt lat="43.345930" lon="-5.044410"/>
      <trkpt lat="43.345800" lon="-5.044660"/>
      <trkpt lat="43.345650" lon="-5.044940"/>
      <trkpt lat="43.345250" lon="-5.045640"/>
      <trkpt lat="43.345040" lon="-5.046060"/>
      <trkpt lat="43.344980" lon="-5.046170"/>
      <trkpt lat="43.344940" lon="-5.046300"/>
      <trkpt lat="43.344890" lon="-5.046490"/>
      <trkpt lat="43.344870" lon="-5.046560"/>
      <trkpt lat="43.344860" lon="-5.046630"/>
      <trkpt lat="43.344840" lon="-5.046770"/>
      <trkpt lat="43.344790" lon="-5.047190"/>
      <trkpt lat="43.344750" lon="-5.047650"/>
      <trkpt lat="43.344710" lon="-5.047910"/>
      <trkpt lat="43.344670" lon="-5.048100"/>
      <trkpt lat="43.344590" lon="-5.048330"/>
      <trkpt lat="43.344430" lon="-5.048640"/>
      <trkpt lat="43.344300" lon="-5.048870"/>
      <trkpt lat="43.344130" lon="-5.049230"/>
      <trkpt lat="43.344060" lon="-5.049510"/>
      <trkpt lat="43.344030" lon="-5.049710"/>
      <trkpt lat="43.344030" lon="-5.049970"/>
      <trkpt lat="43.344070" lon="-5.050320"/>
      <trkpt lat="43.344130" lon="-5.050510"/>
      <trkpt lat="43.344210" lon="-5.050700"/>
      <trkpt lat="43.344350" lon="-5.050950"/>
      <trkpt lat="43.344530" lon="-5.051130"/>
      <trkpt lat="43.344700" lon="-5.051250"/>
      <trkpt lat="43.344990" lon="-5.051420"/>
      <trkpt lat="43.345270" lon="-5.051570"/>
      <trkpt lat="43.345570" lon="-5.051750"/>
      <trkpt lat="43.345880" lon="-5.051910"/>
      <trkpt lat="43.346100" lon="-5.052000"/>
      <trkpt lat="43.346510" lon="-5.052080"/>
      <trkpt lat="43.346770" lon="-5.052170"/>
      <trkpt lat="43.346970" lon="-5.052270"/>
      <trkpt lat="43.347070" lon="-5.052360"/>
      <trkpt lat="43.347190" lon="-5.052470"/>
      <trkpt lat="43.347370" lon="-5.052730"/>
      <trkpt lat="43.347520" lon="-5.053020"/>
      <trkpt lat="43.347690" lon="-5.053370"/>
      <trkpt lat="43.347850" lon="-5.053780"/>
      <trkpt lat="43.347960" lon="-5.054210"/>
      <trkpt lat="43.348060" lon="-5.054650"/>
      <trkpt lat="43.348130" lon="-5.055030"/>
      <trkpt lat="43.348170" lon="-5.055240"/>
      <trkpt lat="43.348190" lon="-5.055430"/>
      <trkpt lat="43.348180" lon="-5.055920"/>
      <trkpt lat="43.348130" lon="-5.056300"/>
      <trkpt lat="43.347920" lon="-5.057740"/>
      <trkpt lat="43.347760" lon="-5.058690"/>
      <trkpt lat="43.347650" lon="-5.059030"/>
      <trkpt lat="43.347500" lon="-5.059280"/>
      <trkpt lat="43.347230" lon="-5.059830"/>
      <trkpt lat="43.347120" lon="-5.060070"/>
      <trkpt lat="43.347040" lon="-5.060310"/>
      <trkpt lat="43.347010" lon="-5.060510"/>
      <trkpt lat="43.346990" lon="-5.060630"/>
      <trkpt lat="43.346970" lon="-5.060870"/>
      <trkpt lat="43.346980" lon="-5.060960"/>
      <trkpt lat="43.346990" lon="-5.061180"/>
      <trkpt lat="43.347260" lon="-5.062950"/>
      <trkpt lat="43.347350" lon="-5.063540"/>
      <trkpt lat="43.347470" lon="-5.064070"/>
      <trkpt lat="43.347600" lon="-5.064520"/>
      <trkpt lat="43.347880" lon="-5.065310"/>
      <trkpt lat="43.347920" lon="-5.065410"/>
      <trkpt lat="43.348080" lon="-5.065850"/>
      <trkpt lat="43.348260" lon="-5.066370"/>
      <trkpt lat="43.348320" lon="-5.066590"/>
      <trkpt lat="43.348370" lon="-5.066770"/>
      <trkpt lat="43.348400" lon="-5.066980"/>
      <trkpt lat="43.348400" lon="-5.067150"/>
      <trkpt lat="43.348390" lon="-5.067330"/>
      <trkpt lat="43.348370" lon="-5.067510"/>
      <trkpt lat="43.348340" lon="-5.067660"/>
      <trkpt lat="43.348280" lon="-5.067830"/>
      <trkpt lat="43.348220" lon="-5.068000"/>
      <trkpt lat="43.348160" lon="-5.068110"/>
      <trkpt lat="43.348070" lon="-5.068240"/>
      <trkpt lat="43.347970" lon="-5.068360"/>
      <trkpt lat="43.347810" lon="-5.068510"/>
      <trkpt lat="43.347660" lon="-5.068590"/>
      <trkpt lat="43.347480" lon="-5.068640"/>
      <trkpt lat="43.347420" lon="-5.068660"/>
      <trkpt lat="43.347350" lon="-5.068670"/>
      <trkpt lat="43.347260" lon="-5.068680"/>
      <trkpt lat="43.347230" lon="-5.068680"/>
      <trkpt lat="43.347030" lon="-5.068680"/>
      <trkpt lat="43.346720" lon="-5.068690"/>
      <trkpt lat="43.346660" lon="-5.068690"/>
      <trkpt lat="43.346570" lon="-5.068710"/>
      <trkpt lat="43.346520" lon="-5.068720"/>
      <trkpt lat="43.346430" lon="-5.068750"/>
      <trkpt lat="43.346350" lon="-5.068800"/>
      <trkpt lat="43.346320" lon="-5.068820"/>
      <trkpt lat="43.346280" lon="-5.068840"/>
      <trkpt lat="43.346170" lon="-5.068930"/>
      <trkpt lat="43.346100" lon="-5.068990"/>
      <trkpt lat="43.346000" lon="-5.069110"/>
      <trkpt lat="43.345910" lon="-5.069240"/>
      <trkpt lat="43.345820" lon="-5.069390"/>
      <trkpt lat="43.345730" lon="-5.069560"/>
      <trkpt lat="43.345510" lon="-5.069940"/>
      <trkpt lat="43.345430" lon="-5.070100"/>
      <trkpt lat="43.345390" lon="-5.070160"/>
      <trkpt lat="43.345340" lon="-5.070260"/>
      <trkpt lat="43.345280" lon="-5.070410"/>
      <trkpt lat="43.345210" lon="-5.070610"/>
      <trkpt lat="43.345150" lon="-5.070860"/>
      <trkpt lat="43.345130" lon="-5.071150"/>
      <trkpt lat="43.345130" lon="-5.071370"/>
      <trkpt lat="43.345180" lon="-5.071790"/>
      <trkpt lat="43.345440" lon="-5.072850"/>
      <trkpt lat="43.345730" lon="-5.073850"/>
      <trkpt lat="43.346050" lon="-5.074730"/>
      <trkpt lat="43.346370" lon="-5.075530"/>
      <trkpt lat="43.346880" lon="-5.076610"/>
      <trkpt lat="43.347340" lon="-5.077470"/>
      <trkpt lat="43.347480" lon="-5.077820"/>
      <trkpt lat="43.347630" lon="-5.078290"/>
      <trkpt lat="43.347690" lon="-5.078740"/>
      <trkpt lat="43.347870" lon="-5.080400"/>
      <trkpt lat="43.347950" lon="-5.081240"/>
      <trkpt lat="43.347960" lon="-5.081270"/>
      <trkpt lat="43.348000" lon="-5.081770"/>
      <trkpt lat="43.347990" lon="-5.082090"/>
      <trkpt lat="43.347950" lon="-5.082460"/>
      <trkpt lat="43.347800" lon="-5.083350"/>
      <trkpt lat="43.347720" lon="-5.083740"/>
      <trkpt lat="43.347650" lon="-5.084120"/>
      <trkpt lat="43.347530" lon="-5.084700"/>
      <trkpt lat="43.347460" lon="-5.085070"/>
      <trkpt lat="43.347430" lon="-5.085200"/>
      <trkpt lat="43.347360" lon="-5.085420"/>
      <trkpt lat="43.347230" lon="-5.085650"/>
      <trkpt lat="43.347160" lon="-5.085770"/>
      <trkpt lat="43.347110" lon="-5.085890"/>
      <trkpt lat="43.347100" lon="-5.085940"/>
      <trkpt lat="43.347120" lon="-5.086040"/>
      <trkpt lat="43.347120" lon="-5.086150"/>
      <trkpt lat="43.347110" lon="-5.086200"/>
      <trkpt lat="43.347070" lon="-5.086300"/>
      <trkpt lat="43.347010" lon="-5.086460"/>
      <trkpt lat="43.346970" lon="-5.086640"/>
      <trkpt lat="43.346960" lon="-5.086790"/>
      <trkpt lat="43.346990" lon="-5.086970"/>
      <trkpt lat="43.347120" lon="-5.087510"/>
      <trkpt lat="43.347310" lon="-5.088110"/>
      <trkpt lat="43.347440" lon="-5.088430"/>
      <trkpt lat="43.347520" lon="-5.088630"/>
      <trkpt lat="43.347650" lon="-5.088960"/>
      <trkpt lat="43.347670" lon="-5.089000"/>
      <trkpt lat="43.347720" lon="-5.089130"/>
      <trkpt lat="43.348320" lon="-5.090590"/>
      <trkpt lat="43.348360" lon="-5.090690"/>
      <trkpt lat="43.348720" lon="-5.091350"/>
      <trkpt lat="43.348890" lon="-5.091670"/>
      <trkpt lat="43.349460" lon="-5.092680"/>
      <trkpt lat="43.349790" lon="-5.093310"/>
      <trkpt lat="43.350300" lon="-5.094250"/>
      <trkpt lat="43.350470" lon="-5.094620"/>
      <trkpt lat="43.350590" lon="-5.094960"/>
      <trkpt lat="43.350670" lon="-5.095380"/>
      <trkpt lat="43.350690" lon="-5.095670"/>
      <trkpt lat="43.350670" lon="-5.095970"/>
      <trkpt lat="43.350600" lon="-5.096440"/>
      <trkpt lat="43.350450" lon="-5.096940"/>
      <trkpt lat="43.350190" lon="-5.097780"/>
      <trkpt lat="43.349980" lon="-5.098400"/>
      <trkpt lat="43.349800" lon="-5.099160"/>
      <trkpt lat="43.349690" lon="-5.099840"/>
      <trkpt lat="43.349460" lon="-5.101680"/>
      <trkpt lat="43.349440" lon="-5.102170"/>
      <trkpt lat="43.349450" lon="-5.102640"/>
      <trkpt lat="43.349550" lon="-5.103490"/>
      <trkpt lat="43.349630" lon="-5.103990"/>
      <trkpt lat="43.349690" lon="-5.104370"/>
      <trkpt lat="43.349840" lon="-5.105350"/>
      <trkpt lat="43.350000" lon="-5.106340"/>
      <trkpt lat="43.350170" lon="-5.107360"/>
      <trkpt lat="43.350280" lon="-5.107950"/>
      <trkpt lat="43.350430" lon="-5.108520"/>
      <trkpt lat="43.350520" lon="-5.108780"/>
      <trkpt lat="43.350640" lon="-5.108960"/>
      <trkpt lat="43.350750" lon="-5.109000"/>
      <trkpt lat="43.350840" lon="-5.108990"/>
      <trkpt lat="43.350910" lon="-5.109010"/>
      <trkpt lat="43.350990" lon="-5.109060"/>
      <trkpt lat="43.351060" lon="-5.109140"/>
      <trkpt lat="43.351100" lon="-5.109250"/>
      <trkpt lat="43.351120" lon="-5.109390"/>
      <trkpt lat="43.351110" lon="-5.109530"/>
      <trkpt lat="43.351080" lon="-5.109630"/>
      <trkpt lat="43.351010" lon="-5.109720"/>
      <trkpt lat="43.350940" lon="-5.109780"/>
      <trkpt lat="43.350870" lon="-5.109810"/>
      <trkpt lat="43.350780" lon="-5.109810"/>
      <trkpt lat="43.350710" lon="-5.109780"/>
      <trkpt lat="43.350620" lon="-5.109840"/>
      <trkpt lat="43.350490" lon="-5.110010"/>
      <trkpt lat="43.350410" lon="-5.110270"/>
      <trkpt lat="43.350360" lon="-5.110590"/>
      <trkpt lat="43.350360" lon="-5.110910"/>
      <trkpt lat="43.350370" lon="-5.111070"/>
      <trkpt lat="43.350370" lon="-5.111200"/>
      <trkpt lat="43.350460" lon="-5.112160"/>
      <trkpt lat="43.350490" lon="-5.112790"/>
      <trkpt lat="43.350490" lon="-5.113180"/>
      <trkpt lat="43.350490" lon="-5.113450"/>
      <trkpt lat="43.350440" lon="-5.114530"/>
      <trkpt lat="43.350420" lon="-5.114990"/>
      <trkpt lat="43.350400" lon="-5.115360"/>
      <trkpt lat="43.350380" lon="-5.115650"/>
      <trkpt lat="43.350350" lon="-5.116140"/>
      <trkpt lat="43.350340" lon="-5.116560"/>
      <trkpt lat="43.350400" lon="-5.117100"/>
      <trkpt lat="43.350630" lon="-5.118330"/>
      <trkpt lat="43.350710" lon="-5.119140"/>
      <trkpt lat="43.350750" lon="-5.119960"/>
      <trkpt lat="43.350770" lon="-5.120410"/>
      <trkpt lat="43.350780" lon="-5.120760"/>
      <trkpt lat="43.350790" lon="-5.120970"/>
      <trkpt lat="43.350830" lon="-5.122170"/>
      <trkpt lat="43.350830" lon="-5.122590"/>
      <trkpt lat="43.350850" lon="-5.124130"/>
      <trkpt lat="43.350860" lon="-5.124210"/>
      <trkpt lat="43.350860" lon="-5.124480"/>
      <trkpt lat="43.350900" lon="-5.124980"/>
      <trkpt lat="43.350910" lon="-5.125040"/>
      <trkpt lat="43.350970" lon="-5.125760"/>
      <trkpt lat="43.350980" lon="-5.125950"/>
      <trkpt lat="43.350990" lon="-5.126020"/>
      <trkpt lat="43.350990" lon="-5.126040"/>
      <trkpt lat="43.351000" lon="-5.126200"/>
      <trkpt lat="43.351030" lon="-5.126800"/>
      <trkpt lat="43.351040" lon="-5.126900"/>
      <trkpt lat="43.351040" lon="-5.126980"/>
      <trkpt lat="43.351050" lon="-5.127180"/>
      <trkpt lat="43.351070" lon="-5.127460"/>
      <trkpt lat="43.351080" lon="-5.127630"/>
      <trkpt lat="43.351070" lon="-5.127820"/>
      <trkpt lat="43.351070" lon="-5.127890"/>
      <trkpt lat="43.351050" lon="-5.127980"/>
      <trkpt lat="43.351020" lon="-5.128260"/>
      <trkpt lat="43.350960" lon="-5.128760"/>
      <trkpt lat="43.350920" lon="-5.129080"/>
      <trkpt lat="43.350880" lon="-5.129380"/>
      <trkpt lat="43.350940" lon="-5.129390"/>
      <trkpt lat="43.351280" lon="-5.129450"/>
      <trkpt lat="43.351670" lon="-5.129540"/>
      <trkpt lat="43.351740" lon="-5.129270"/>
      <trkpt lat="43.351780" lon="-5.129040"/>
      <trkpt lat="43.351800" lon="-5.128840"/>
      <trkpt lat="43.351790" lon="-5.128630"/>
      <trkpt lat="43.351790" lon="-5.128490"/>
      <trkpt lat="43.351790" lon="-5.128450"/>
    </trkseg>
  </trk>
</gpx>