<?xml version="1.0" encoding="UTF-8"?>
<gpx version="1.1" creator="trip-planner"
     xmlns="http://www.topografix.com/GPX/1/1">
  <metadata>
    <name>Tag 13: San Vicente - Vitoria-Gasteiz</name>
    <time>2026-08-06T05:48:20Z</time>
  </metadata>
  <wpt lat="43.386368" lon="-4.398566">
    <name>San Vicente de la Barquera</name>
  </wpt>
  <wpt lat="43.257103" lon="-3.465107">
    <name>Ramales de la Victoria</name>
  </wpt>
  <wpt lat="42.854747" lon="-2.676179">
    <name>Vitoria-Gasteiz</name>
  </wpt>
  <trk>
    <name>Tag 13: San Vicente - Vitoria-Gasteiz</name>
    <trkseg>
      <trkpt lat="43.386430" lon="-4.398370"/>
      <trkpt lat="43.385990" lon="-4.398110"/>
      <trkpt lat="43.385940" lon="-4.398090"/>
      <trkpt lat="43.385900" lon="-4.398070"/>
      <trkpt lat="43.385850" lon="-4.398040"/>
      <trkpt lat="43.385810" lon="-4.398020"/>
      <trkpt lat="43.385780" lon="-4.398020"/>
      <trkpt lat="43.385750" lon="-4.398010"/>
      <trkpt lat="43.385730" lon="-4.398010"/>
      <trkpt lat="43.385700" lon="-4.398020"/>
      <trkpt lat="43.385680" lon="-4.398020"/>
      <trkpt lat="43.385650" lon="-4.398030"/>
      <trkpt lat="43.385640" lon="-4.398030"/>
      <trkpt lat="43.385620" lon="-4.398050"/>
      <trkpt lat="43.385590" lon="-4.398060"/>
      <trkpt lat="43.385580" lon="-4.398080"/>
      <trkpt lat="43.385560" lon="-4.398100"/>
      <trkpt lat="43.385530" lon="-4.398130"/>
      <trkpt lat="43.385500" lon="-4.398180"/>
      <trkpt lat="43.385440" lon="-4.398250"/>
      <trkpt lat="43.385210" lon="-4.398600"/>
      <trkpt lat="43.385090" lon="-4.398770"/>
      <trkpt lat="43.384990" lon="-4.398920"/>
      <trkpt lat="43.384870" lon="-4.399110"/>
      <trkpt lat="43.384800" lon="-4.399200"/>
      <trkpt lat="43.384690" lon="-4.399370"/>
      <trkpt lat="43.384660" lon="-4.399410"/>
      <trkpt lat="43.384640" lon="-4.399440"/>
      <trkpt lat="43.384630" lon="-4.399450"/>
      <trkpt lat="43.384620" lon="-4.399470"/>
      <trkpt lat="43.384610" lon="-4.399480"/>
      <trkpt lat="43.384600" lon="-4.399490"/>
      <trkpt lat="43.384590" lon="-4.399500"/>
      <trkpt lat="43.384580" lon="-4.399510"/>
      <trkpt lat="43.384570" lon="-4.399520"/>
      <trkpt lat="43.384560" lon="-4.399530"/>
      <trkpt lat="43.384550" lon="-4.399540"/>
      <trkpt lat="43.384540" lon="-4.399540"/>
      <trkpt lat="43.384530" lon="-4.399550"/>
      <trkpt lat="43.384520" lon="-4.399560"/>
      <trkpt lat="43.384500" lon="-4.399560"/>
      <trkpt lat="43.384490" lon="-4.399570"/>
      <trkpt lat="43.384480" lon="-4.399570"/>
      <trkpt lat="43.384470" lon="-4.399570"/>
      <trkpt lat="43.384450" lon="-4.399570"/>
      <trkpt lat="43.384440" lon="-4.399570"/>
      <trkpt lat="43.384430" lon="-4.399570"/>
      <trkpt lat="43.384420" lon="-4.399570"/>
      <trkpt lat="43.384400" lon="-4.399570"/>
      <trkpt lat="43.384380" lon="-4.399570"/>
      <trkpt lat="43.384370" lon="-4.399560"/>
      <trkpt lat="43.384350" lon="-4.399560"/>
      <trkpt lat="43.384340" lon="-4.399550"/>
      <trkpt lat="43.384320" lon="-4.399540"/>
      <trkpt lat="43.384220" lon="-4.399450"/>
      <trkpt lat="43.384130" lon="-4.399370"/>
      <trkpt lat="43.384050" lon="-4.399300"/>
      <trkpt lat="43.383690" lon="-4.398990"/>
      <trkpt lat="43.383390" lon="-4.398730"/>
      <trkpt lat="43.383240" lon="-4.398610"/>
      <trkpt lat="43.382800" lon="-4.398230"/>
      <trkpt lat="43.382620" lon="-4.398080"/>
      <trkpt lat="43.382160" lon="-4.397700"/>
      <trkpt lat="43.382100" lon="-4.397640"/>
      <trkpt lat="43.382020" lon="-4.397580"/>
      <trkpt lat="43.381810" lon="-4.397410"/>
      <trkpt lat="43.381760" lon="-4.397400"/>
      <trkpt lat="43.381650" lon="-4.397320"/>
      <trkpt lat="43.381610" lon="-4.397280"/>
      <trkpt lat="43.381580" lon="-4.397260"/>
      <trkpt lat="43.381570" lon="-4.397260"/>
      <trkpt lat="43.381550" lon="-4.397240"/>
      <trkpt lat="43.381530" lon="-4.397240"/>
      <trkpt lat="43.381520" lon="-4.397230"/>
      <trkpt lat="43.381510" lon="-4.397230"/>
      <trkpt lat="43.381490" lon="-4.397220"/>
      <trkpt lat="43.381480" lon="-4.397220"/>
      <trkpt lat="43.381460" lon="-4.397220"/>
      <trkpt lat="43.381420" lon="-4.397210"/>
      <trkpt lat="43.381410" lon="-4.397210"/>
      <trkpt lat="43.381340" lon="-4.397190"/>
      <trkpt lat="43.381330" lon="-4.397200"/>
      <trkpt lat="43.381330" lon="-4.397210"/>
      <trkpt lat="43.381320" lon="-4.397220"/>
      <trkpt lat="43.381300" lon="-4.397220"/>
      <trkpt lat="43.381290" lon="-4.397230"/>
      <trkpt lat="43.381280" lon="-4.397230"/>
      <trkpt lat="43.381260" lon="-4.397230"/>
      <trkpt lat="43.381250" lon="-4.397220"/>
      <trkpt lat="43.381240" lon="-4.397220"/>
      <trkpt lat="43.381220" lon="-4.397210"/>
      <trkpt lat="43.381210" lon="-4.397200"/>
      <trkpt lat="43.381200" lon="-4.397190"/>
      <trkpt lat="43.381190" lon="-4.397170"/>
      <trkpt lat="43.381150" lon="-4.397160"/>
      <trkpt lat="43.381130" lon="-4.397160"/>
      <trkpt lat="43.381120" lon="-4.397160"/>
      <trkpt lat="43.381100" lon="-4.397160"/>
      <trkpt lat="43.381090" lon="-4.397160"/>
      <trkpt lat="43.381070" lon="-4.397160"/>
      <trkpt lat="43.381040" lon="-4.397170"/>
      <trkpt lat="43.380900" lon="-4.397290"/>
      <trkpt lat="43.380810" lon="-4.397340"/>
      <trkpt lat="43.380720" lon="-4.397390"/>
      <trkpt lat="43.380640" lon="-4.397420"/>
      <trkpt lat="43.380530" lon="-4.397450"/>
      <trkpt lat="43.380440" lon="-4.397460"/>
      <trkpt lat="43.380090" lon="-4.397490"/>
      <trkpt lat="43.379420" lon="-4.397550"/>
      <trkpt lat="43.379200" lon="-4.397580"/>
      <trkpt lat="43.378980" lon="-4.397650"/>
      <trkpt lat="43.378830" lon="-4.397740"/>
      <trkpt lat="43.378690" lon="-4.397860"/>
      <trkpt lat="43.378540" lon="-4.398050"/>
      <trkpt lat="43.378390" lon="-4.398280"/>
      <trkpt lat="43.378260" lon="-4.398510"/>
      <trkpt lat="43.378130" lon="-4.398670"/>
      <trkpt lat="43.378080" lon="-4.398730"/>
      <trkpt lat="43.377990" lon="-4.398840"/>
      <trkpt lat="43.377840" lon="-4.398960"/>
      <trkpt lat="43.377610" lon="-4.399080"/>
      <trkpt lat="43.377360" lon="-4.399120"/>
      <trkpt lat="43.377010" lon="-4.399070"/>
      <trkpt lat="43.376660" lon="-4.399020"/>
      <trkpt lat="43.376470" lon="-4.399050"/>
      <trkpt lat="43.376360" lon="-4.399090"/>
      <trkpt lat="43.376200" lon="-4.399150"/>
      <trkpt lat="43.375630" lon="-4.399440"/>
      <trkpt lat="43.375510" lon="-4.399490"/>
      <trkpt lat="43.375340" lon="-4.399550"/>
      <trkpt lat="43.375200" lon="-4.399600"/>
      <trkpt lat="43.375090" lon="-4.399630"/>
      <trkpt lat="43.374970" lon="-4.399640"/>
      <trkpt lat="43.374840" lon="-4.399630"/>
      <trkpt lat="43.374710" lon="-4.399610"/>
      <trkpt lat="43.374610" lon="-4.399570"/>
      <trkpt lat="43.374490" lon="-4.399510"/>
      <trkpt lat="43.374390" lon="-4.399440"/>
      <trkpt lat="43.374260" lon="-4.399340"/>
      <trkpt lat="43.374140" lon="-4.399220"/>
      <trkpt lat="43.374060" lon="-4.399140"/>
      <trkpt lat="43.373940" lon="-4.399010"/>
      <trkpt lat="43.373820" lon="-4.398890"/>
      <trkpt lat="43.373710" lon="-4.398800"/>
      <trkpt lat="43.373570" lon="-4.398740"/>
      <trkpt lat="43.373450" lon="-4.398690"/>
      <trkpt lat="43.373320" lon="-4.398660"/>
      <trkpt lat="43.373180" lon="-4.398660"/>
      <trkpt lat="43.373040" lon="-4.398680"/>
      <trkpt lat="43.372880" lon="-4.398740"/>
      <trkpt lat="43.372770" lon="-4.398800"/>
      <trkpt lat="43.372600" lon="-4.398940"/>
      <trkpt lat="43.372360" lon="-4.399190"/>
      <trkpt lat="43.372180" lon="-4.399380"/>
      <trkpt lat="43.371970" lon="-4.399560"/>
      <trkpt lat="43.371800" lon="-4.399660"/>
      <trkpt lat="43.371650" lon="-4.399730"/>
      <trkpt lat="43.371500" lon="-4.399790"/>
      <trkpt lat="43.371280" lon="-4.399820"/>
      <trkpt lat="43.371040" lon="-4.399820"/>
      <trkpt lat="43.369390" lon="-4.399510"/>
      <trkpt lat="43.368960" lon="-4.399430"/>
      <trkpt lat="43.368610" lon="-4.399370"/>
      <trkpt lat="43.368260" lon="-4.399320"/>
      <trkpt lat="43.368110" lon="-4.399310"/>
      <trkpt lat="43.368010" lon="-4.399310"/>
      <trkpt lat="43.367940" lon="-4.399310"/>
      <trkpt lat="43.367870" lon="-4.399310"/>
      <trkpt lat="43.367820" lon="-4.399320"/>
      <trkpt lat="43.367770" lon="-4.399330"/>
      <trkpt lat="43.367730" lon="-4.399340"/>
      <trkpt lat="43.367690" lon="-4.399340"/>
      <trkpt lat="43.367640" lon="-4.399390"/>
      <trkpt lat="43.367610" lon="-4.399400"/>
      <trkpt lat="43.367580" lon="-4.399410"/>
      <trkpt lat="43.367560" lon="-4.399430"/>
      <trkpt lat="43.367530" lon="-4.399440"/>
      <trkpt lat="43.367510" lon="-4.399460"/>
      <trkpt lat="43.367490" lon="-4.399480"/>
      <trkpt lat="43.367470" lon="-4.399500"/>
      <trkpt lat="43.367450" lon="-4.399520"/>
      <trkpt lat="43.367430" lon="-4.399550"/>
      <trkpt lat="43.367410" lon="-4.399580"/>
      <trkpt lat="43.367350" lon="-4.399660"/>
      <trkpt lat="43.367350" lon="-4.399690"/>
      <trkpt lat="43.367350" lon="-4.399720"/>
      <trkpt lat="43.367340" lon="-4.399760"/>
      <trkpt lat="43.367340" lon="-4.399790"/>
      <trkpt lat="43.367320" lon="-4.399820"/>
      <trkpt lat="43.367300" lon="-4.399860"/>
      <trkpt lat="43.367280" lon="-4.399890"/>
      <trkpt lat="43.367260" lon="-4.399920"/>
      <trkpt lat="43.367240" lon="-4.399940"/>
      <trkpt lat="43.367210" lon="-4.399960"/>
      <trkpt lat="43.367180" lon="-4.399970"/>
      <trkpt lat="43.367150" lon="-4.399980"/>
      <trkpt lat="43.367120" lon="-4.399980"/>
      <trkpt lat="43.367090" lon="-4.399980"/>
      <trkpt lat="43.367060" lon="-4.399970"/>
      <trkpt lat="43.367030" lon="-4.399960"/>
      <trkpt lat="43.367000" lon="-4.399940"/>
      <trkpt lat="43.366960" lon="-4.399950"/>
      <trkpt lat="43.366920" lon="-4.399960"/>
      <trkpt lat="43.366890" lon="-4.399960"/>
      <trkpt lat="43.366860" lon="-4.399970"/>
      <trkpt lat="43.366840" lon="-4.399980"/>
      <trkpt lat="43.366820" lon="-4.399990"/>
      <trkpt lat="43.366800" lon="-4.400010"/>
      <trkpt lat="43.366780" lon="-4.400020"/>
      <trkpt lat="43.366730" lon="-4.400050"/>
      <trkpt lat="43.366470" lon="-4.400320"/>
      <trkpt lat="43.366250" lon="-4.400550"/>
      <trkpt lat="43.366230" lon="-4.400610"/>
      <trkpt lat="43.366170" lon="-4.400700"/>
      <trkpt lat="43.366160" lon="-4.400710"/>
      <trkpt lat="43.366150" lon="-4.400730"/>
      <trkpt lat="43.366140" lon="-4.400750"/>
      <trkpt lat="43.366140" lon="-4.400760"/>
      <trkpt lat="43.366130" lon="-4.400780"/>
      <trkpt lat="43.366100" lon="-4.400900"/>
      <trkpt lat="43.366110" lon="-4.400950"/>
      <trkpt lat="43.366100" lon="-4.400990"/>
      <trkpt lat="43.366100" lon="-4.401030"/>
      <trkpt lat="43.366090" lon="-4.401070"/>
      <trkpt lat="43.366080" lon="-4.401110"/>
      <trkpt lat="43.366060" lon="-4.401140"/>
      <trkpt lat="43.366040" lon="-4.401180"/>
      <trkpt lat="43.366020" lon="-4.401210"/>
      <trkpt lat="43.365990" lon="-4.401230"/>
      <trkpt lat="43.365970" lon="-4.401250"/>
      <trkpt lat="43.365930" lon="-4.401260"/>
      <trkpt lat="43.365900" lon="-4.401270"/>
      <trkpt lat="43.365870" lon="-4.401280"/>
      <trkpt lat="43.365830" lon="-4.401270"/>
      <trkpt lat="43.365800" lon="-4.401260"/>
      <trkpt lat="43.365770" lon="-4.401240"/>
      <trkpt lat="43.365740" lon="-4.401220"/>
      <trkpt lat="43.365720" lon="-4.401200"/>
      <trkpt lat="43.365700" lon="-4.401170"/>
      <trkpt lat="43.365680" lon="-4.401130"/>
      <trkpt lat="43.365660" lon="-4.401090"/>
      <trkpt lat="43.365650" lon="-4.401050"/>
      <trkpt lat="43.365640" lon="-4.401010"/>
      <trkpt lat="43.365640" lon="-4.400950"/>
      <trkpt lat="43.365640" lon="-4.400890"/>
      <trkpt lat="43.365660" lon="-4.400830"/>
      <trkpt lat="43.365680" lon="-4.400780"/>
      <trkpt lat="43.365680" lon="-4.400690"/>
      <trkpt lat="43.365690" lon="-4.400600"/>
      <trkpt lat="43.365690" lon="-4.400530"/>
      <trkpt lat="43.365680" lon="-4.400480"/>
      <trkpt lat="43.365670" lon="-4.400430"/>
      <trkpt lat="43.365660" lon="-4.400380"/>
      <trkpt lat="43.365640" lon="-4.400330"/>
      <trkpt lat="43.365630" lon="-4.400280"/>
      <trkpt lat="43.365610" lon="-4.400220"/>
      <trkpt lat="43.365570" lon="-4.400140"/>
      <trkpt lat="43.365490" lon="-4.399980"/>
      <trkpt lat="43.365430" lon="-4.399850"/>
      <trkpt lat="43.365360" lon="-4.399730"/>
      <trkpt lat="43.365300" lon="-4.399620"/>
      <trkpt lat="43.365230" lon="-4.399510"/>
      <trkpt lat="43.365160" lon="-4.399410"/>
      <trkpt lat="43.365100" lon="-4.399310"/>
      <trkpt lat="43.365020" lon="-4.399210"/>
      <trkpt lat="43.364970" lon="-4.399130"/>
      <trkpt lat="43.364890" lon="-4.399030"/>
      <trkpt lat="43.364800" lon="-4.398920"/>
      <trkpt lat="43.364670" lon="-4.398780"/>
      <trkpt lat="43.364540" lon="-4.398640"/>
      <trkpt lat="43.364450" lon="-4.398560"/>
      <trkpt lat="43.364340" lon="-4.398460"/>
      <trkpt lat="43.364190" lon="-4.398330"/>
      <trkpt lat="43.363800" lon="-4.398030"/>
      <trkpt lat="43.363450" lon="-4.397770"/>
      <trkpt lat="43.363030" lon="-4.397460"/>
      <trkpt lat="43.362430" lon="-4.397030"/>
      <trkpt lat="43.362290" lon="-4.396930"/>
      <trkpt lat="43.362150" lon="-4.396840"/>
      <trkpt lat="43.362010" lon="-4.396750"/>
      <trkpt lat="43.361870" lon="-4.396650"/>
      <trkpt lat="43.361610" lon="-4.396470"/>
      <trkpt lat="43.361460" lon="-4.396370"/>
      <trkpt lat="43.361330" lon="-4.396280"/>
      <trkpt lat="43.361190" lon="-4.396180"/>
      <trkpt lat="43.361060" lon="-4.396080"/>
      <trkpt lat="43.360920" lon="-4.395980"/>
      <trkpt lat="43.360780" lon="-4.395880"/>
      <trkpt lat="43.360650" lon="-4.395770"/>
      <trkpt lat="43.360510" lon="-4.395660"/>
      <trkpt lat="43.360380" lon="-4.395570"/>
      <trkpt lat="43.360260" lon="-4.395460"/>
      <trkpt lat="43.360120" lon="-4.395350"/>
      <trkpt lat="43.359990" lon="-4.395240"/>
      <trkpt lat="43.359860" lon="-4.395130"/>
      <trkpt lat="43.359730" lon="-4.395010"/>
      <trkpt lat="43.359610" lon="-4.394890"/>
      <trkpt lat="43.359480" lon="-4.394770"/>
      <trkpt lat="43.359350" lon="-4.394650"/>
      <trkpt lat="43.359230" lon="-4.394530"/>
      <trkpt lat="43.359100" lon="-4.394400"/>
      <trkpt lat="43.358860" lon="-4.394140"/>
      <trkpt lat="43.358750" lon="-4.394020"/>
      <trkpt lat="43.358620" lon="-4.393880"/>
      <trkpt lat="43.358500" lon="-4.393740"/>
      <trkpt lat="43.358380" lon="-4.393600"/>
      <trkpt lat="43.358260" lon="-4.393450"/>
      <trkpt lat="43.357930" lon="-4.393040"/>
      <trkpt lat="43.357710" lon="-4.392750"/>
      <trkpt lat="43.357500" lon="-4.392450"/>
      <trkpt lat="43.357290" lon="-4.392150"/>
      <trkpt lat="43.357080" lon="-4.391840"/>
      <trkpt lat="43.356980" lon="-4.391670"/>
      <trkpt lat="43.356890" lon="-4.391520"/>
      <trkpt lat="43.356780" lon="-4.391350"/>
      <trkpt lat="43.356690" lon="-4.391190"/>
      <trkpt lat="43.356600" lon="-4.391030"/>
      <trkpt lat="43.356500" lon="-4.390870"/>
      <trkpt lat="43.356410" lon="-4.390700"/>
      <trkpt lat="43.356310" lon="-4.390530"/>
      <trkpt lat="43.356230" lon="-4.390360"/>
      <trkpt lat="43.356130" lon="-4.390180"/>
      <trkpt lat="43.356050" lon="-4.390020"/>
      <trkpt lat="43.355970" lon="-4.389850"/>
      <trkpt lat="43.355870" lon="-4.389660"/>
      <trkpt lat="43.355790" lon="-4.389480"/>
      <trkpt lat="43.355710" lon="-4.389300"/>
      <trkpt lat="43.355630" lon="-4.389110"/>
      <trkpt lat="43.355570" lon="-4.388940"/>
      <trkpt lat="43.355490" lon="-4.388760"/>
      <trkpt lat="43.355420" lon="-4.388580"/>
      <trkpt lat="43.355350" lon="-4.388400"/>
      <trkpt lat="43.355270" lon="-4.388210"/>
      <trkpt lat="43.355210" lon="-4.388030"/>
      <trkpt lat="43.355140" lon="-4.387840"/>
      <trkpt lat="43.355070" lon="-4.387650"/>
      <trkpt lat="43.355000" lon="-4.387460"/>
      <trkpt lat="43.354940" lon="-4.387270"/>
      <trkpt lat="43.354870" lon="-4.387070"/>
      <trkpt lat="43.354810" lon="-4.386890"/>
      <trkpt lat="43.354750" lon="-4.386690"/>
      <trkpt lat="43.354690" lon="-4.386500"/>
      <trkpt lat="43.354600" lon="-4.386170"/>
      <trkpt lat="43.354470" lon="-4.385710"/>
      <trkpt lat="43.354220" lon="-4.384730"/>
      <trkpt lat="43.353900" lon="-4.383490"/>
      <trkpt lat="43.353310" lon="-4.381210"/>
      <trkpt lat="43.352720" lon="-4.378910"/>
      <trkpt lat="43.352420" lon="-4.377740"/>
      <trkpt lat="43.352120" lon="-4.376560"/>
      <trkpt lat="43.351560" lon="-4.374400"/>
      <trkpt lat="43.351510" lon="-4.374210"/>
      <trkpt lat="43.351460" lon="-4.374000"/>
      <trkpt lat="43.351420" lon="-4.373820"/>
      <trkpt lat="43.351370" lon="-4.373610"/>
      <trkpt lat="43.351320" lon="-4.373410"/>
      <trkpt lat="43.351280" lon="-4.373210"/>
      <trkpt lat="43.351240" lon="-4.373010"/>
      <trkpt lat="43.351200" lon="-4.372810"/>
      <trkpt lat="43.351160" lon="-4.372610"/>
      <trkpt lat="43.351120" lon="-4.372400"/>
      <trkpt lat="43.351090" lon="-4.372200"/>
      <trkpt lat="43.351060" lon="-4.372000"/>
      <trkpt lat="43.351030" lon="-4.371790"/>
      <trkpt lat="43.351000" lon="-4.371580"/>
      <trkpt lat="43.350980" lon="-4.371380"/>
      <trkpt lat="43.350950" lon="-4.371170"/>
      <trkpt lat="43.350930" lon="-4.370960"/>
      <trkpt lat="43.350910" lon="-4.370760"/>
      <trkpt lat="43.350890" lon="-4.370550"/>
      <trkpt lat="43.350880" lon="-4.370340"/>
      <trkpt lat="43.350850" lon="-4.370000"/>
      <trkpt lat="43.350820" lon="-4.369450"/>
      <trkpt lat="43.350790" lon="-4.369050"/>
      <trkpt lat="43.350780" lon="-4.368850"/>
      <trkpt lat="43.350760" lon="-4.368640"/>
      <trkpt lat="43.350750" lon="-4.368420"/>
      <trkpt lat="43.350730" lon="-4.368220"/>
      <trkpt lat="43.350710" lon="-4.368010"/>
      <trkpt lat="43.350690" lon="-4.367810"/>
      <trkpt lat="43.350660" lon="-4.367610"/>
      <trkpt lat="43.350640" lon="-4.367400"/>
      <trkpt lat="43.350600" lon="-4.367200"/>
      <trkpt lat="43.350570" lon="-4.367000"/>
      <trkpt lat="43.350520" lon="-4.366780"/>
      <trkpt lat="43.350480" lon="-4.366590"/>
      <trkpt lat="43.350440" lon="-4.366410"/>
      <trkpt lat="43.350390" lon="-4.366200"/>
      <trkpt lat="43.350330" lon="-4.366000"/>
      <trkpt lat="43.350270" lon="-4.365810"/>
      <trkpt lat="43.350210" lon="-4.365620"/>
      <trkpt lat="43.350140" lon="-4.365420"/>
      <trkpt lat="43.350070" lon="-4.365250"/>
      <trkpt lat="43.349990" lon="-4.365060"/>
      <trkpt lat="43.349910" lon="-4.364880"/>
      <trkpt lat="43.349830" lon="-4.364710"/>
      <trkpt lat="43.349750" lon="-4.364540"/>
      <trkpt lat="43.349660" lon="-4.364370"/>
      <trkpt lat="43.349560" lon="-4.364200"/>
      <trkpt lat="43.349470" lon="-4.364040"/>
      <trkpt lat="43.349370" lon="-4.363890"/>
      <trkpt lat="43.349270" lon="-4.363740"/>
      <trkpt lat="43.349160" lon="-4.363590"/>
      <trkpt lat="43.349050" lon="-4.363450"/>
      <trkpt lat="43.348940" lon="-4.363310"/>
      <trkpt lat="43.348820" lon="-4.363160"/>
      <trkpt lat="43.348700" lon="-4.363040"/>
      <trkpt lat="43.348600" lon="-4.362930"/>
      <trkpt lat="43.348450" lon="-4.362790"/>
      <trkpt lat="43.348330" lon="-4.362670"/>
      <trkpt lat="43.348220" lon="-4.362580"/>
      <trkpt lat="43.348090" lon="-4.362470"/>
      <trkpt lat="43.347960" lon="-4.362360"/>
      <trkpt lat="43.347820" lon="-4.362260"/>
      <trkpt lat="43.347690" lon="-4.362160"/>
      <trkpt lat="43.347560" lon="-4.362070"/>
      <trkpt lat="43.347420" lon="-4.361980"/>
      <trkpt lat="43.347290" lon="-4.361890"/>
      <trkpt lat="43.347010" lon="-4.361720"/>
      <trkpt lat="43.346870" lon="-4.361640"/>
      <trkpt lat="43.346170" lon="-4.361220"/>
      <trkpt lat="43.346030" lon="-4.361140"/>
      <trkpt lat="43.345890" lon="-4.361050"/>
      <trkpt lat="43.345760" lon="-4.360970"/>
      <trkpt lat="43.345610" lon="-4.360880"/>
      <trkpt lat="43.345480" lon="-4.360780"/>
      <trkpt lat="43.345340" lon="-4.360690"/>
      <trkpt lat="43.345210" lon="-4.360590"/>
      <trkpt lat="43.345070" lon="-4.360480"/>
      <trkpt lat="43.344950" lon="-4.360390"/>
      <trkpt lat="43.344810" lon="-4.360270"/>
      <trkpt lat="43.344680" lon="-4.360150"/>
      <trkpt lat="43.344560" lon="-4.360040"/>
      <trkpt lat="43.344430" lon="-4.359920"/>
      <trkpt lat="43.344330" lon="-4.359810"/>
      <trkpt lat="43.344220" lon="-4.359700"/>
      <trkpt lat="43.344100" lon="-4.359560"/>
      <trkpt lat="43.343980" lon="-4.359430"/>
      <trkpt lat="43.343870" lon="-4.359300"/>
      <trkpt lat="43.343760" lon="-4.359170"/>
      <trkpt lat="43.343660" lon="-4.359040"/>
      <trkpt lat="43.343560" lon="-4.358910"/>
      <trkpt lat="43.343460" lon="-4.358780"/>
      <trkpt lat="43.343360" lon="-4.358630"/>
      <trkpt lat="43.343270" lon="-4.358490"/>
      <trkpt lat="43.343180" lon="-4.358350"/>
      <trkpt lat="43.343080" lon="-4.358200"/>
      <trkpt lat="43.342990" lon="-4.358050"/>
      <trkpt lat="43.342890" lon="-4.357880"/>
      <trkpt lat="43.342800" lon="-4.357720"/>
      <trkpt lat="43.342710" lon="-4.357550"/>
      <trkpt lat="43.342620" lon="-4.357360"/>
      <trkpt lat="43.342540" lon="-4.357180"/>
      <trkpt lat="43.342460" lon="-4.357020"/>
      <trkpt lat="43.342380" lon="-4.356830"/>
      <trkpt lat="43.342310" lon="-4.356660"/>
      <trkpt lat="43.342240" lon="-4.356480"/>
      <trkpt lat="43.342170" lon="-4.356280"/>
      <trkpt lat="43.342100" lon="-4.356100"/>
      <trkpt lat="43.342030" lon="-4.355900"/>
      <trkpt lat="43.341970" lon="-4.355710"/>
      <trkpt lat="43.341920" lon="-4.355530"/>
      <trkpt lat="43.341860" lon="-4.355330"/>
      <trkpt lat="43.341810" lon="-4.355130"/>
      <trkpt lat="43.341760" lon="-4.354920"/>
      <trkpt lat="43.341710" lon="-4.354730"/>
      <trkpt lat="43.341670" lon="-4.354540"/>
      <trkpt lat="43.341630" lon="-4.354330"/>
      <trkpt lat="43.341590" lon="-4.354130"/>
      <trkpt lat="43.341560" lon="-4.353930"/>
      <trkpt lat="43.341530" lon="-4.353720"/>
      <trkpt lat="43.341500" lon="-4.353510"/>
      <trkpt lat="43.341480" lon="-4.353310"/>
      <trkpt lat="43.341460" lon="-4.353100"/>
      <trkpt lat="43.341440" lon="-4.352890"/>
      <trkpt lat="43.341420" lon="-4.352680"/>
      <trkpt lat="43.341410" lon="-4.352470"/>
      <trkpt lat="43.341400" lon="-4.352260"/>
      <trkpt lat="43.341400" lon="-4.352050"/>
      <trkpt lat="43.341390" lon="-4.351830"/>
      <trkpt lat="43.341400" lon="-4.351630"/>
      <trkpt lat="43.341400" lon="-4.351410"/>
      <trkpt lat="43.341410" lon="-4.351200"/>
      <trkpt lat="43.341420" lon="-4.350980"/>
      <trkpt lat="43.341430" lon="-4.350780"/>
      <trkpt lat="43.341450" lon="-4.350580"/>
      <trkpt lat="43.341470" lon="-4.350370"/>
      <trkpt lat="43.341500" lon="-4.350170"/>
      <trkpt lat="43.341520" lon="-4.349960"/>
      <trkpt lat="43.341550" lon="-4.349780"/>
      <trkpt lat="43.341580" lon="-4.349570"/>
      <trkpt lat="43.341620" lon="-4.349370"/>
      <trkpt lat="43.341650" lon="-4.349160"/>
      <trkpt lat="43.341690" lon="-4.348960"/>
      <trkpt lat="43.341730" lon="-4.348780"/>
      <trkpt lat="43.341770" lon="-4.348570"/>
      <trkpt lat="43.341820" lon="-4.348370"/>
      <trkpt lat="43.341860" lon="-4.348160"/>
      <trkpt lat="43.341900" lon="-4.347970"/>
      <trkpt lat="43.341950" lon="-4.347780"/>
      <trkpt lat="43.341990" lon="-4.347580"/>
      <trkpt lat="43.342040" lon="-4.347390"/>
      <trkpt lat="43.342080" lon="-4.347180"/>
      <trkpt lat="43.342120" lon="-4.346980"/>
      <trkpt lat="43.342170" lon="-4.346780"/>
      <trkpt lat="43.342210" lon="-4.346580"/>
      <trkpt lat="43.342250" lon="-4.346370"/>
      <trkpt lat="43.342290" lon="-4.346170"/>
      <trkpt lat="43.342320" lon="-4.345970"/>
      <trkpt lat="43.342350" lon="-4.345760"/>
      <trkpt lat="43.342380" lon="-4.345570"/>
      <trkpt lat="43.342410" lon="-4.345360"/>
      <trkpt lat="43.342440" lon="-4.345150"/>
      <trkpt lat="43.342460" lon="-4.344940"/>
      <trkpt lat="43.342480" lon="-4.344740"/>
      <trkpt lat="43.342490" lon="-4.344540"/>
      <trkpt lat="43.342510" lon="-4.344330"/>
      <trkpt lat="43.342520" lon="-4.344110"/>
      <trkpt lat="43.342520" lon="-4.343910"/>
      <trkpt lat="43.342530" lon="-4.343700"/>
      <trkpt lat="43.342530" lon="-4.343640"/>
      <trkpt lat="43.342520" lon="-4.343500"/>
      <trkpt lat="43.342510" lon="-4.343280"/>
      <trkpt lat="43.342500" lon="-4.343080"/>
      <trkpt lat="43.342490" lon="-4.342870"/>
      <trkpt lat="43.342470" lon="-4.342660"/>
      <trkpt lat="43.342460" lon="-4.342460"/>
      <trkpt lat="43.342430" lon="-4.342250"/>
      <trkpt lat="43.342410" lon="-4.342040"/>
      <trkpt lat="43.342380" lon="-4.341840"/>
      <trkpt lat="43.342350" lon="-4.341640"/>
      <trkpt lat="43.342310" lon="-4.341420"/>
      <trkpt lat="43.342290" lon="-4.341300"/>
      <trkpt lat="43.342270" lon="-4.341230"/>
      <trkpt lat="43.342230" lon="-4.341030"/>
      <trkpt lat="43.342180" lon="-4.340830"/>
      <trkpt lat="43.342130" lon="-4.340640"/>
      <trkpt lat="43.342070" lon="-4.340440"/>
      <trkpt lat="43.342020" lon="-4.340250"/>
      <trkpt lat="43.341950" lon="-4.340050"/>
      <trkpt lat="43.341890" lon="-4.339870"/>
      <trkpt lat="43.341830" lon="-4.339680"/>
      <trkpt lat="43.341760" lon="-4.339500"/>
      <trkpt lat="43.341700" lon="-4.339330"/>
      <trkpt lat="43.341630" lon="-4.339160"/>
      <trkpt lat="43.341560" lon="-4.338990"/>
      <trkpt lat="43.341490" lon="-4.338820"/>
      <trkpt lat="43.341420" lon="-4.338650"/>
      <trkpt lat="43.341330" lon="-4.338470"/>
      <trkpt lat="43.341250" lon="-4.338290"/>
      <trkpt lat="43.341180" lon="-4.338130"/>
      <trkpt lat="43.341100" lon="-4.337980"/>
      <trkpt lat="43.341000" lon="-4.337800"/>
      <trkpt lat="43.340910" lon="-4.337640"/>
      <trkpt lat="43.340820" lon="-4.337490"/>
      <trkpt lat="43.340720" lon="-4.337330"/>
      <trkpt lat="43.340620" lon="-4.337190"/>
      <trkpt lat="43.340530" lon="-4.337050"/>
      <trkpt lat="43.340450" lon="-4.336950"/>
      <trkpt lat="43.340350" lon="-4.336810"/>
      <trkpt lat="43.340250" lon="-4.336670"/>
      <trkpt lat="43.340180" lon="-4.336580"/>
      <trkpt lat="43.340060" lon="-4.336440"/>
      <trkpt lat="43.339940" lon="-4.336300"/>
      <trkpt lat="43.339830" lon="-4.336170"/>
      <trkpt lat="43.339700" lon="-4.336040"/>
      <trkpt lat="43.339600" lon="-4.335930"/>
      <trkpt lat="43.339460" lon="-4.335790"/>
      <trkpt lat="43.339330" lon="-4.335680"/>
      <trkpt lat="43.339210" lon="-4.335570"/>
      <trkpt lat="43.339070" lon="-4.335450"/>
      <trkpt lat="43.338940" lon="-4.335350"/>
      <trkpt lat="43.338810" lon="-4.335250"/>
      <trkpt lat="43.338680" lon="-4.335140"/>
      <trkpt lat="43.338540" lon="-4.335040"/>
      <trkpt lat="43.338460" lon="-4.334980"/>
      <trkpt lat="43.338370" lon="-4.334920"/>
      <trkpt lat="43.338250" lon="-4.334830"/>
      <trkpt lat="43.338110" lon="-4.334740"/>
      <trkpt lat="43.337970" lon="-4.334650"/>
      <trkpt lat="43.337840" lon="-4.334560"/>
      <trkpt lat="43.337700" lon="-4.334480"/>
      <trkpt lat="43.337570" lon="-4.334380"/>
      <trkpt lat="43.337430" lon="-4.334290"/>
      <trkpt lat="43.337290" lon="-4.334210"/>
      <trkpt lat="43.337160" lon="-4.334120"/>
      <trkpt lat="43.337030" lon="-4.334020"/>
      <trkpt lat="43.336890" lon="-4.333920"/>
      <trkpt lat="43.336760" lon="-4.333820"/>
      <trkpt lat="43.336630" lon="-4.333720"/>
      <trkpt lat="43.336500" lon="-4.333620"/>
      <trkpt lat="43.336370" lon="-4.333510"/>
      <trkpt lat="43.336240" lon="-4.333400"/>
      <trkpt lat="43.336120" lon="-4.333280"/>
      <trkpt lat="43.336000" lon="-4.333160"/>
      <trkpt lat="43.335870" lon="-4.333030"/>
      <trkpt lat="43.335760" lon="-4.332910"/>
      <trkpt lat="43.335640" lon="-4.332780"/>
      <trkpt lat="43.335530" lon="-4.332650"/>
      <trkpt lat="43.335420" lon="-4.332510"/>
      <trkpt lat="43.335310" lon="-4.332370"/>
      <trkpt lat="43.335200" lon="-4.332230"/>
      <trkpt lat="43.335090" lon="-4.332090"/>
      <trkpt lat="43.334980" lon="-4.331930"/>
      <trkpt lat="43.334880" lon="-4.331780"/>
      <trkpt lat="43.334780" lon="-4.331630"/>
      <trkpt lat="43.334690" lon="-4.331470"/>
      <trkpt lat="43.334600" lon="-4.331320"/>
      <trkpt lat="43.334500" lon="-4.331150"/>
      <trkpt lat="43.334410" lon="-4.330980"/>
      <trkpt lat="43.334320" lon="-4.330810"/>
      <trkpt lat="43.334240" lon="-4.330650"/>
      <trkpt lat="43.334150" lon="-4.330470"/>
      <trkpt lat="43.334080" lon="-4.330300"/>
      <trkpt lat="43.334000" lon="-4.330120"/>
      <trkpt lat="43.333920" lon="-4.329940"/>
      <trkpt lat="43.333850" lon="-4.329760"/>
      <trkpt lat="43.333790" lon="-4.329580"/>
      <trkpt lat="43.333720" lon="-4.329400"/>
      <trkpt lat="43.333660" lon="-4.329200"/>
      <trkpt lat="43.333600" lon="-4.329020"/>
      <trkpt lat="43.333540" lon="-4.328830"/>
      <trkpt lat="43.333480" lon="-4.328640"/>
      <trkpt lat="43.333430" lon="-4.328440"/>
      <trkpt lat="43.333380" lon="-4.328240"/>
      <trkpt lat="43.333340" lon="-4.328050"/>
      <trkpt lat="43.333290" lon="-4.327850"/>
      <trkpt lat="43.333260" lon="-4.327660"/>
      <trkpt lat="43.333220" lon="-4.327450"/>
      <trkpt lat="43.333180" lon="-4.327250"/>
      <trkpt lat="43.333150" lon="-4.327060"/>
      <trkpt lat="43.333120" lon="-4.326840"/>
      <trkpt lat="43.333100" lon="-4.326650"/>
      <trkpt lat="43.333080" lon="-4.326450"/>
      <trkpt lat="43.333060" lon="-4.326250"/>
      <trkpt lat="43.333050" lon="-4.326040"/>
      <trkpt lat="43.333030" lon="-4.325840"/>
      <trkpt lat="43.333030" lon="-4.325630"/>
      <trkpt lat="43.333020" lon="-4.325430"/>
      <trkpt lat="43.333020" lon="-4.325220"/>
      <trkpt lat="43.333020" lon="-4.325020"/>
      <trkpt lat="43.333020" lon="-4.324820"/>
      <trkpt lat="43.333020" lon="-4.324610"/>
      <trkpt lat="43.333030" lon="-4.324410"/>
      <trkpt lat="43.333050" lon="-4.324210"/>
      <trkpt lat="43.333070" lon="-4.323930"/>
      <trkpt lat="43.333080" lon="-4.323720"/>
      <trkpt lat="43.333100" lon="-4.323500"/>
      <trkpt lat="43.333120" lon="-4.323300"/>
      <trkpt lat="43.333150" lon="-4.323100"/>
      <trkpt lat="43.333170" lon="-4.322880"/>
      <trkpt lat="43.333190" lon="-4.322680"/>
      <trkpt lat="43.333220" lon="-4.322480"/>
      <trkpt lat="43.333240" lon="-4.322270"/>
      <trkpt lat="43.333270" lon="-4.322070"/>
      <trkpt lat="43.333290" lon="-4.321860"/>
      <trkpt lat="43.333310" lon="-4.321660"/>
      <trkpt lat="43.333330" lon="-4.321460"/>
      <trkpt lat="43.333340" lon="-4.321360"/>
      <trkpt lat="43.333370" lon="-4.321090"/>
      <trkpt lat="43.333390" lon="-4.320890"/>
      <trkpt lat="43.333420" lon="-4.320340"/>
      <trkpt lat="43.333450" lon="-4.319750"/>
      <trkpt lat="43.333480" lon="-4.319110"/>
      <trkpt lat="43.333490" lon="-4.318530"/>
      <trkpt lat="43.333480" lon="-4.318360"/>
      <trkpt lat="43.333480" lon="-4.318150"/>
      <trkpt lat="43.333470" lon="-4.317940"/>
      <trkpt lat="43.333460" lon="-4.317740"/>
      <trkpt lat="43.333450" lon="-4.317530"/>
      <trkpt lat="43.333440" lon="-4.317330"/>
      <trkpt lat="43.333420" lon="-4.317120"/>
      <trkpt lat="43.333410" lon="-4.316910"/>
      <trkpt lat="43.333390" lon="-4.316710"/>
      <trkpt lat="43.333360" lon="-4.316500"/>
      <trkpt lat="43.333340" lon="-4.316300"/>
      <trkpt lat="43.333320" lon="-4.316090"/>
      <trkpt lat="43.333290" lon="-4.315890"/>
      <trkpt lat="43.333260" lon="-4.315680"/>
      <trkpt lat="43.333230" lon="-4.315480"/>
      <trkpt lat="43.333200" lon="-4.315280"/>
      <trkpt lat="43.333170" lon="-4.315080"/>
      <trkpt lat="43.333130" lon="-4.314870"/>
      <trkpt lat="43.333100" lon="-4.314670"/>
      <trkpt lat="43.333080" lon="-4.314580"/>
      <trkpt lat="43.333050" lon="-4.314450"/>
      <trkpt lat="43.333010" lon="-4.314270"/>
      <trkpt lat="43.332970" lon="-4.314080"/>
      <trkpt lat="43.332920" lon="-4.313880"/>
      <trkpt lat="43.332870" lon="-4.313680"/>
      <trkpt lat="43.332820" lon="-4.313490"/>
      <trkpt lat="43.332770" lon="-4.313300"/>
      <trkpt lat="43.332720" lon="-4.313100"/>
      <trkpt lat="43.332660" lon="-4.312910"/>
      <trkpt lat="43.332610" lon="-4.312720"/>
      <trkpt lat="43.332550" lon="-4.312530"/>
      <trkpt lat="43.332490" lon="-4.312340"/>
      <trkpt lat="43.332430" lon="-4.312150"/>
      <trkpt lat="43.332360" lon="-4.311960"/>
      <trkpt lat="43.332230" lon="-4.311590"/>
      <trkpt lat="43.332160" lon="-4.311400"/>
      <trkpt lat="43.332080" lon="-4.311220"/>
      <trkpt lat="43.332010" lon="-4.311040"/>
      <trkpt lat="43.331940" lon="-4.310860"/>
      <trkpt lat="43.331860" lon="-4.310680"/>
      <trkpt lat="43.331700" lon="-4.310330"/>
      <trkpt lat="43.331540" lon="-4.309990"/>
      <trkpt lat="43.331370" lon="-4.309640"/>
      <trkpt lat="43.331020" lon="-4.308960"/>
      <trkpt lat="43.330290" lon="-4.307610"/>
      <trkpt lat="43.330020" lon="-4.307110"/>
      <trkpt lat="43.328730" lon="-4.304740"/>
      <trkpt lat="43.328060" lon="-4.303500"/>
      <trkpt lat="43.327830" lon="-4.303070"/>
      <trkpt lat="43.326640" lon="-4.300860"/>
      <trkpt lat="43.326160" lon="-4.299980"/>
      <trkpt lat="43.325630" lon="-4.298970"/>
      <trkpt lat="43.325460" lon="-4.298630"/>
      <trkpt lat="43.325240" lon="-4.298170"/>
      <trkpt lat="43.324940" lon="-4.297520"/>
      <trkpt lat="43.324720" lon="-4.297020"/>
      <trkpt lat="43.324560" lon="-4.296650"/>
      <trkpt lat="43.324490" lon="-4.296470"/>
      <trkpt lat="43.324420" lon="-4.296280"/>
      <trkpt lat="43.324350" lon="-4.296100"/>
      <trkpt lat="43.324280" lon="-4.295920"/>
      <trkpt lat="43.324210" lon="-4.295730"/>
      <trkpt lat="43.324140" lon="-4.295540"/>
      <trkpt lat="43.324080" lon="-4.295350"/>
      <trkpt lat="43.323950" lon="-4.294970"/>
      <trkpt lat="43.323820" lon="-4.294580"/>
      <trkpt lat="43.323710" lon="-4.294200"/>
      <trkpt lat="43.323650" lon="-4.293990"/>
      <trkpt lat="43.323590" lon="-4.293800"/>
      <trkpt lat="43.323540" lon="-4.293610"/>
      <trkpt lat="43.323480" lon="-4.293410"/>
      <trkpt lat="43.323430" lon="-4.293210"/>
      <trkpt lat="43.323380" lon="-4.293010"/>
      <trkpt lat="43.323330" lon="-4.292820"/>
      <trkpt lat="43.323280" lon="-4.292620"/>
      <trkpt lat="43.323230" lon="-4.292410"/>
      <trkpt lat="43.323180" lon="-4.292210"/>
      <trkpt lat="43.323140" lon="-4.292010"/>
      <trkpt lat="43.323090" lon="-4.291820"/>
      <trkpt lat="43.323050" lon="-4.291610"/>
      <trkpt lat="43.323010" lon="-4.291410"/>
      <trkpt lat="43.322970" lon="-4.291210"/>
      <trkpt lat="43.322930" lon="-4.291010"/>
      <trkpt lat="43.322890" lon="-4.290800"/>
      <trkpt lat="43.322850" lon="-4.290600"/>
      <trkpt lat="43.322820" lon="-4.290390"/>
      <trkpt lat="43.322780" lon="-4.290190"/>
      <trkpt lat="43.322750" lon="-4.289980"/>
      <trkpt lat="43.322720" lon="-4.289780"/>
      <trkpt lat="43.322690" lon="-4.289570"/>
      <trkpt lat="43.322660" lon="-4.289360"/>
      <trkpt lat="43.322630" lon="-4.289140"/>
      <trkpt lat="43.322600" lon="-4.288940"/>
      <trkpt lat="43.322580" lon="-4.288740"/>
      <trkpt lat="43.322550" lon="-4.288520"/>
      <trkpt lat="43.322530" lon="-4.288320"/>
      <trkpt lat="43.322510" lon="-4.288110"/>
      <trkpt lat="43.322470" lon="-4.287700"/>
      <trkpt lat="43.322370" lon="-4.286650"/>
      <trkpt lat="43.322240" lon="-4.285130"/>
      <trkpt lat="43.322000" lon="-4.282420"/>
      <trkpt lat="43.321770" lon="-4.279870"/>
      <trkpt lat="43.321730" lon="-4.279390"/>
      <trkpt lat="43.321420" lon="-4.275970"/>
      <trkpt lat="43.321370" lon="-4.275350"/>
      <trkpt lat="43.321320" lon="-4.274740"/>
      <trkpt lat="43.321280" lon="-4.274310"/>
      <trkpt lat="43.321260" lon="-4.274120"/>
      <trkpt lat="43.321240" lon="-4.273910"/>
      <trkpt lat="43.321210" lon="-4.273710"/>
      <trkpt lat="43.321190" lon="-4.273520"/>
      <trkpt lat="43.321160" lon="-4.273300"/>
      <trkpt lat="43.321130" lon="-4.273100"/>
      <trkpt lat="43.321100" lon="-4.272900"/>
      <trkpt lat="43.321060" lon="-4.272690"/>
      <trkpt lat="43.321020" lon="-4.272490"/>
      <trkpt lat="43.320980" lon="-4.272280"/>
      <trkpt lat="43.320930" lon="-4.272090"/>
      <trkpt lat="43.320880" lon="-4.271880"/>
      <trkpt lat="43.320830" lon="-4.271690"/>
      <trkpt lat="43.320780" lon="-4.271490"/>
      <trkpt lat="43.320730" lon="-4.271290"/>
      <trkpt lat="43.320670" lon="-4.271100"/>
      <trkpt lat="43.320610" lon="-4.270910"/>
      <trkpt lat="43.320540" lon="-4.270720"/>
      <trkpt lat="43.320480" lon="-4.270530"/>
      <trkpt lat="43.320410" lon="-4.270340"/>
      <trkpt lat="43.320330" lon="-4.270160"/>
      <trkpt lat="43.320260" lon="-4.269970"/>
      <trkpt lat="43.320190" lon="-4.269800"/>
      <trkpt lat="43.320110" lon="-4.269620"/>
      <trkpt lat="43.320020" lon="-4.269440"/>
      <trkpt lat="43.319940" lon="-4.269260"/>
      <trkpt lat="43.319850" lon="-4.269090"/>
      <trkpt lat="43.319760" lon="-4.268920"/>
      <trkpt lat="43.319670" lon="-4.268750"/>
      <trkpt lat="43.319580" lon="-4.268590"/>
      <trkpt lat="43.319480" lon="-4.268420"/>
      <trkpt lat="43.319380" lon="-4.268260"/>
      <trkpt lat="43.319280" lon="-4.268100"/>
      <trkpt lat="43.319180" lon="-4.267950"/>
      <trkpt lat="43.319080" lon="-4.267790"/>
      <trkpt lat="43.318970" lon="-4.267630"/>
      <trkpt lat="43.318870" lon="-4.267480"/>
      <trkpt lat="43.318670" lon="-4.267180"/>
      <trkpt lat="43.318460" lon="-4.266860"/>
      <trkpt lat="43.318360" lon="-4.266710"/>
      <trkpt lat="43.318260" lon="-4.266550"/>
      <trkpt lat="43.318160" lon="-4.266400"/>
      <trkpt lat="43.318070" lon="-4.266230"/>
      <trkpt lat="43.317980" lon="-4.266080"/>
      <trkpt lat="43.317870" lon="-4.265880"/>
      <trkpt lat="43.317780" lon="-4.265710"/>
      <trkpt lat="43.317700" lon="-4.265540"/>
      <trkpt lat="43.317610" lon="-4.265370"/>
      <trkpt lat="43.317530" lon="-4.265180"/>
      <trkpt lat="43.317460" lon="-4.265000"/>
      <trkpt lat="43.317380" lon="-4.264820"/>
      <trkpt lat="43.317310" lon="-4.264630"/>
      <trkpt lat="43.317250" lon="-4.264440"/>
      <trkpt lat="43.317180" lon="-4.264250"/>
      <trkpt lat="43.317120" lon="-4.264050"/>
      <trkpt lat="43.317060" lon="-4.263840"/>
      <trkpt lat="43.317010" lon="-4.263640"/>
      <trkpt lat="43.316970" lon="-4.263450"/>
      <trkpt lat="43.316920" lon="-4.263240"/>
      <trkpt lat="43.316880" lon="-4.263040"/>
      <trkpt lat="43.316860" lon="-4.262970"/>
      <trkpt lat="43.316840" lon="-4.262840"/>
      <trkpt lat="43.316810" lon="-4.262630"/>
      <trkpt lat="43.316770" lon="-4.262420"/>
      <trkpt lat="43.316740" lon="-4.262220"/>
      <trkpt lat="43.316720" lon="-4.262010"/>
      <trkpt lat="43.316700" lon="-4.261800"/>
      <trkpt lat="43.316680" lon="-4.261600"/>
      <trkpt lat="43.316670" lon="-4.261380"/>
      <trkpt lat="43.316660" lon="-4.261180"/>
      <trkpt lat="43.316650" lon="-4.260970"/>
      <trkpt lat="43.316650" lon="-4.260750"/>
      <trkpt lat="43.316650" lon="-4.260540"/>
      <trkpt lat="43.316660" lon="-4.260330"/>
      <trkpt lat="43.316670" lon="-4.260120"/>
      <trkpt lat="43.316680" lon="-4.259910"/>
      <trkpt lat="43.316700" lon="-4.259700"/>
      <trkpt lat="43.316720" lon="-4.259480"/>
      <trkpt lat="43.316740" lon="-4.259280"/>
      <trkpt lat="43.316770" lon="-4.259070"/>
      <trkpt lat="43.316800" lon="-4.258860"/>
      <trkpt lat="43.316830" lon="-4.258670"/>
      <trkpt lat="43.316860" lon="-4.258460"/>
      <trkpt lat="43.316890" lon="-4.258300"/>
      <trkpt lat="43.316900" lon="-4.258250"/>
      <trkpt lat="43.316930" lon="-4.258050"/>
      <trkpt lat="43.316960" lon="-4.257840"/>
      <trkpt lat="43.316990" lon="-4.257640"/>
      <trkpt lat="43.317030" lon="-4.257430"/>
      <trkpt lat="43.317060" lon="-4.257230"/>
      <trkpt lat="43.317090" lon="-4.257030"/>
      <trkpt lat="43.317130" lon="-4.256810"/>
      <trkpt lat="43.317160" lon="-4.256610"/>
      <trkpt lat="43.317190" lon="-4.256400"/>
      <trkpt lat="43.317210" lon="-4.256190"/>
      <trkpt lat="43.317240" lon="-4.255990"/>
      <trkpt lat="43.317260" lon="-4.255780"/>
      <trkpt lat="43.317280" lon="-4.255590"/>
      <trkpt lat="43.317300" lon="-4.255360"/>
      <trkpt lat="43.317320" lon="-4.255150"/>
      <trkpt lat="43.317330" lon="-4.254950"/>
      <trkpt lat="43.317350" lon="-4.254740"/>
      <trkpt lat="43.317350" lon="-4.254540"/>
      <trkpt lat="43.317360" lon="-4.254330"/>
      <trkpt lat="43.317370" lon="-4.254110"/>
      <trkpt lat="43.317370" lon="-4.253900"/>
      <trkpt lat="43.317370" lon="-4.253690"/>
      <trkpt lat="43.317360" lon="-4.253480"/>
      <trkpt lat="43.317360" lon="-4.253270"/>
      <trkpt lat="43.317350" lon="-4.253060"/>
      <trkpt lat="43.317340" lon="-4.252860"/>
      <trkpt lat="43.317330" lon="-4.252650"/>
      <trkpt lat="43.317320" lon="-4.252440"/>
      <trkpt lat="43.317300" lon="-4.252230"/>
      <trkpt lat="43.317280" lon="-4.252020"/>
      <trkpt lat="43.317260" lon="-4.251820"/>
      <trkpt lat="43.317240" lon="-4.251610"/>
      <trkpt lat="43.317220" lon="-4.251420"/>
      <trkpt lat="43.317190" lon="-4.251210"/>
      <trkpt lat="43.317160" lon="-4.251000"/>
      <trkpt lat="43.317120" lon="-4.250800"/>
      <trkpt lat="43.317090" lon="-4.250600"/>
      <trkpt lat="43.317060" lon="-4.250400"/>
      <trkpt lat="43.317020" lon="-4.250200"/>
      <trkpt lat="43.316950" lon="-4.249800"/>
      <trkpt lat="43.316900" lon="-4.249590"/>
      <trkpt lat="43.316860" lon="-4.249390"/>
      <trkpt lat="43.316810" lon="-4.249150"/>
      <trkpt lat="43.316770" lon="-4.248950"/>
      <trkpt lat="43.316730" lon="-4.248750"/>
      <trkpt lat="43.316690" lon="-4.248540"/>
      <trkpt lat="43.316660" lon="-4.248350"/>
      <trkpt lat="43.316620" lon="-4.248160"/>
      <trkpt lat="43.316580" lon="-4.247940"/>
      <trkpt lat="43.316550" lon="-4.247730"/>
      <trkpt lat="43.316510" lon="-4.247530"/>
      <trkpt lat="43.316480" lon="-4.247330"/>
      <trkpt lat="43.316450" lon="-4.247110"/>
      <trkpt lat="43.316420" lon="-4.246920"/>
      <trkpt lat="43.316390" lon="-4.246710"/>
      <trkpt lat="43.316360" lon="-4.246510"/>
      <trkpt lat="43.316340" lon="-4.246300"/>
      <trkpt lat="43.316320" lon="-4.246090"/>
      <trkpt lat="43.316300" lon="-4.245890"/>
      <trkpt lat="43.316280" lon="-4.245680"/>
      <trkpt lat="43.316260" lon="-4.245470"/>
      <trkpt lat="43.316250" lon="-4.245260"/>
      <trkpt lat="43.316240" lon="-4.245060"/>
      <trkpt lat="43.316230" lon="-4.244840"/>
      <trkpt lat="43.316220" lon="-4.244620"/>
      <trkpt lat="43.316210" lon="-4.244410"/>
      <trkpt lat="43.316210" lon="-4.244200"/>
      <trkpt lat="43.316210" lon="-4.243990"/>
      <trkpt lat="43.316210" lon="-4.243780"/>
      <trkpt lat="43.316210" lon="-4.243570"/>
      <trkpt lat="43.316220" lon="-4.243360"/>
      <trkpt lat="43.316230" lon="-4.243150"/>
      <trkpt lat="43.316240" lon="-4.242940"/>
      <trkpt lat="43.316250" lon="-4.242730"/>
      <trkpt lat="43.316270" lon="-4.242510"/>
      <trkpt lat="43.316290" lon="-4.242300"/>
      <trkpt lat="43.316310" lon="-4.242100"/>
      <trkpt lat="43.316330" lon="-4.241890"/>
      <trkpt lat="43.316350" lon="-4.241680"/>
      <trkpt lat="43.316370" lon="-4.241470"/>
      <trkpt lat="43.316400" lon="-4.241270"/>
      <trkpt lat="43.316420" lon="-4.241060"/>
      <trkpt lat="43.316450" lon="-4.240850"/>
      <trkpt lat="43.316490" lon="-4.240650"/>
      <trkpt lat="43.316520" lon="-4.240450"/>
      <trkpt lat="43.316560" lon="-4.240240"/>
      <trkpt lat="43.316600" lon="-4.240050"/>
      <trkpt lat="43.316640" lon="-4.239850"/>
      <trkpt lat="43.316680" lon="-4.239650"/>
      <trkpt lat="43.316730" lon="-4.239440"/>
      <trkpt lat="43.316780" lon="-4.239240"/>
      <trkpt lat="43.316830" lon="-4.239050"/>
      <trkpt lat="43.316880" lon="-4.238850"/>
      <trkpt lat="43.316930" lon="-4.238650"/>
      <trkpt lat="43.316990" lon="-4.238450"/>
      <trkpt lat="43.317050" lon="-4.238250"/>
      <trkpt lat="43.317110" lon="-4.238060"/>
      <trkpt lat="43.317170" lon="-4.237880"/>
      <trkpt lat="43.317230" lon="-4.237690"/>
      <trkpt lat="43.317300" lon="-4.237500"/>
      <trkpt lat="43.317370" lon="-4.237310"/>
      <trkpt lat="43.317440" lon="-4.237120"/>
      <trkpt lat="43.317510" lon="-4.236930"/>
      <trkpt lat="43.317580" lon="-4.236750"/>
      <trkpt lat="43.317660" lon="-4.236560"/>
      <trkpt lat="43.317740" lon="-4.236390"/>
      <trkpt lat="43.317820" lon="-4.236200"/>
      <trkpt lat="43.317900" lon="-4.236030"/>
      <trkpt lat="43.317980" lon="-4.235850"/>
      <trkpt lat="43.318070" lon="-4.235670"/>
      <trkpt lat="43.318150" lon="-4.235500"/>
      <trkpt lat="43.318240" lon="-4.235330"/>
      <trkpt lat="43.318330" lon="-4.235160"/>
      <trkpt lat="43.318420" lon="-4.234990"/>
      <trkpt lat="43.318520" lon="-4.234820"/>
      <trkpt lat="43.318610" lon="-4.234660"/>
      <trkpt lat="43.318710" lon="-4.234500"/>
      <trkpt lat="43.318810" lon="-4.234330"/>
      <trkpt lat="43.318900" lon="-4.234170"/>
      <trkpt lat="43.319000" lon="-4.234020"/>
      <trkpt lat="43.319100" lon="-4.233860"/>
      <trkpt lat="43.319200" lon="-4.233700"/>
      <trkpt lat="43.319310" lon="-4.233540"/>
      <trkpt lat="43.319410" lon="-4.233390"/>
      <trkpt lat="43.319510" lon="-4.233230"/>
      <trkpt lat="43.319620" lon="-4.233070"/>
      <trkpt lat="43.319730" lon="-4.232920"/>
      <trkpt lat="43.319830" lon="-4.232760"/>
      <trkpt lat="43.319930" lon="-4.232610"/>
      <trkpt lat="43.320030" lon="-4.232460"/>
      <trkpt lat="43.320140" lon="-4.232300"/>
      <trkpt lat="43.320240" lon="-4.232140"/>
      <trkpt lat="43.320340" lon="-4.231990"/>
      <trkpt lat="43.320450" lon="-4.231830"/>
      <trkpt lat="43.320550" lon="-4.231680"/>
      <trkpt lat="43.320640" lon="-4.231520"/>
      <trkpt lat="43.320750" lon="-4.231350"/>
      <trkpt lat="43.320840" lon="-4.231200"/>
      <trkpt lat="43.320940" lon="-4.231030"/>
      <trkpt lat="43.321030" lon="-4.230870"/>
      <trkpt lat="43.321120" lon="-4.230690"/>
      <trkpt lat="43.321210" lon="-4.230520"/>
      <trkpt lat="43.321300" lon="-4.230350"/>
      <trkpt lat="43.321380" lon="-4.230180"/>
      <trkpt lat="43.321470" lon="-4.230000"/>
      <trkpt lat="43.321550" lon="-4.229820"/>
      <trkpt lat="43.321630" lon="-4.229640"/>
      <trkpt lat="43.321700" lon="-4.229460"/>
      <trkpt lat="43.321770" lon="-4.229280"/>
      <trkpt lat="43.321850" lon="-4.229090"/>
      <trkpt lat="43.321920" lon="-4.228900"/>
      <trkpt lat="43.321990" lon="-4.228710"/>
      <trkpt lat="43.322050" lon="-4.228520"/>
      <trkpt lat="43.322110" lon="-4.228330"/>
      <trkpt lat="43.322170" lon="-4.228130"/>
      <trkpt lat="43.322230" lon="-4.227940"/>
      <trkpt lat="43.322280" lon="-4.227750"/>
      <trkpt lat="43.322330" lon="-4.227550"/>
      <trkpt lat="43.322380" lon="-4.227350"/>
      <trkpt lat="43.322430" lon="-4.227150"/>
      <trkpt lat="43.322470" lon="-4.226950"/>
      <trkpt lat="43.322520" lon="-4.226740"/>
      <trkpt lat="43.322560" lon="-4.226540"/>
      <trkpt lat="43.322590" lon="-4.226340"/>
      <trkpt lat="43.322630" lon="-4.226130"/>
      <trkpt lat="43.322660" lon="-4.225930"/>
      <trkpt lat="43.322690" lon="-4.225720"/>
      <trkpt lat="43.322710" lon="-4.225510"/>
      <trkpt lat="43.322740" lon="-4.225300"/>
      <trkpt lat="43.322760" lon="-4.225090"/>
      <trkpt lat="43.322780" lon="-4.224890"/>
      <trkpt lat="43.322800" lon="-4.224680"/>
      <trkpt lat="43.322810" lon="-4.224470"/>
      <trkpt lat="43.322820" lon="-4.224260"/>
      <trkpt lat="43.322830" lon="-4.224060"/>
      <trkpt lat="43.322830" lon="-4.223840"/>
      <trkpt lat="43.322840" lon="-4.223630"/>
      <trkpt lat="43.322840" lon="-4.223420"/>
      <trkpt lat="43.322840" lon="-4.223210"/>
      <trkpt lat="43.322830" lon="-4.223000"/>
      <trkpt lat="43.322820" lon="-4.222790"/>
      <trkpt lat="43.322810" lon="-4.222580"/>
      <trkpt lat="43.322800" lon="-4.222370"/>
      <trkpt lat="43.322790" lon="-4.222160"/>
      <trkpt lat="43.322770" lon="-4.221950"/>
      <trkpt lat="43.322750" lon="-4.221740"/>
      <trkpt lat="43.322720" lon="-4.221530"/>
      <trkpt lat="43.322700" lon="-4.221330"/>
      <trkpt lat="43.322670" lon="-4.221120"/>
      <trkpt lat="43.322640" lon="-4.220920"/>
      <trkpt lat="43.322610" lon="-4.220710"/>
      <trkpt lat="43.322570" lon="-4.220510"/>
      <trkpt lat="43.322530" lon="-4.220300"/>
      <trkpt lat="43.322490" lon="-4.220100"/>
      <trkpt lat="43.322450" lon="-4.219900"/>
      <trkpt lat="43.322400" lon="-4.219700"/>
      <trkpt lat="43.322350" lon="-4.219510"/>
      <trkpt lat="43.322300" lon="-4.219310"/>
      <trkpt lat="43.322250" lon="-4.219110"/>
      <trkpt lat="43.322190" lon="-4.218920"/>
      <trkpt lat="43.322130" lon="-4.218720"/>
      <trkpt lat="43.322080" lon="-4.218520"/>
      <trkpt lat="43.322010" lon="-4.218330"/>
      <trkpt lat="43.321960" lon="-4.218140"/>
      <trkpt lat="43.321890" lon="-4.217940"/>
      <trkpt lat="43.321830" lon="-4.217750"/>
      <trkpt lat="43.321770" lon="-4.217570"/>
      <trkpt lat="43.321710" lon="-4.217370"/>
      <trkpt lat="43.321640" lon="-4.217180"/>
      <trkpt lat="43.321580" lon="-4.216990"/>
      <trkpt lat="43.321520" lon="-4.216790"/>
      <trkpt lat="43.321460" lon="-4.216600"/>
      <trkpt lat="43.321400" lon="-4.216410"/>
      <trkpt lat="43.321340" lon="-4.216220"/>
      <trkpt lat="43.321280" lon="-4.216040"/>
      <trkpt lat="43.321230" lon="-4.215850"/>
      <trkpt lat="43.321180" lon="-4.215660"/>
      <trkpt lat="43.321130" lon="-4.215480"/>
      <trkpt lat="43.321080" lon="-4.215290"/>
      <trkpt lat="43.321040" lon="-4.215110"/>
      <trkpt lat="43.321000" lon="-4.214920"/>
      <trkpt lat="43.320950" lon="-4.214720"/>
      <trkpt lat="43.320920" lon="-4.214540"/>
      <trkpt lat="43.320880" lon="-4.214360"/>
      <trkpt lat="43.320850" lon="-4.214210"/>
      <trkpt lat="43.320820" lon="-4.214010"/>
      <trkpt lat="43.320790" lon="-4.213800"/>
      <trkpt lat="43.320760" lon="-4.213600"/>
      <trkpt lat="43.320730" lon="-4.213380"/>
      <trkpt lat="43.320710" lon="-4.213180"/>
      <trkpt lat="43.320690" lon="-4.212970"/>
      <trkpt lat="43.320670" lon="-4.212760"/>
      <trkpt lat="43.320650" lon="-4.212550"/>
      <trkpt lat="43.320640" lon="-4.212340"/>
      <trkpt lat="43.320630" lon="-4.212130"/>
      <trkpt lat="43.320620" lon="-4.211920"/>
      <trkpt lat="43.320610" lon="-4.211710"/>
      <trkpt lat="43.320610" lon="-4.211500"/>
      <trkpt lat="43.320610" lon="-4.211290"/>
      <trkpt lat="43.320610" lon="-4.211080"/>
      <trkpt lat="43.320610" lon="-4.210870"/>
      <trkpt lat="43.320620" lon="-4.210660"/>
      <trkpt lat="43.320630" lon="-4.210450"/>
      <trkpt lat="43.320640" lon="-4.210230"/>
      <trkpt lat="43.320650" lon="-4.210030"/>
      <trkpt lat="43.320670" lon="-4.209830"/>
      <trkpt lat="43.320690" lon="-4.209610"/>
      <trkpt lat="43.320710" lon="-4.209400"/>
      <trkpt lat="43.320740" lon="-4.209200"/>
      <trkpt lat="43.320770" lon="-4.208990"/>
      <trkpt lat="43.320790" lon="-4.208790"/>
      <trkpt lat="43.320830" lon="-4.208590"/>
      <trkpt lat="43.320860" lon="-4.208380"/>
      <trkpt lat="43.320900" lon="-4.208180"/>
      <trkpt lat="43.320940" lon="-4.207980"/>
      <trkpt lat="43.320990" lon="-4.207760"/>
      <trkpt lat="43.321030" lon="-4.207560"/>
      <trkpt lat="43.321080" lon="-4.207360"/>
      <trkpt lat="43.321130" lon="-4.207160"/>
      <trkpt lat="43.321180" lon="-4.206960"/>
      <trkpt lat="43.321240" lon="-4.206770"/>
      <trkpt lat="43.321290" lon="-4.206570"/>
      <trkpt lat="43.321350" lon="-4.206380"/>
      <trkpt lat="43.321420" lon="-4.206180"/>
      <trkpt lat="43.321480" lon="-4.205990"/>
      <trkpt lat="43.321550" lon="-4.205800"/>
      <trkpt lat="43.321620" lon="-4.205620"/>
      <trkpt lat="43.321690" lon="-4.205430"/>
      <trkpt lat="43.321760" lon="-4.205240"/>
      <trkpt lat="43.321840" lon="-4.205070"/>
      <trkpt lat="43.321910" lon="-4.204890"/>
      <trkpt lat="43.322000" lon="-4.204700"/>
      <trkpt lat="43.322080" lon="-4.204530"/>
      <trkpt lat="43.322160" lon="-4.204350"/>
      <trkpt lat="43.322250" lon="-4.204180"/>
      <trkpt lat="43.322340" lon="-4.204000"/>
      <trkpt lat="43.322430" lon="-4.203830"/>
      <trkpt lat="43.322520" lon="-4.203660"/>
      <trkpt lat="43.322620" lon="-4.203500"/>
      <trkpt lat="43.322800" lon="-4.203160"/>
      <trkpt lat="43.322990" lon="-4.202830"/>
      <trkpt lat="43.323180" lon="-4.202490"/>
      <trkpt lat="43.323370" lon="-4.202170"/>
      <trkpt lat="43.323460" lon="-4.202000"/>
      <trkpt lat="43.323550" lon="-4.201830"/>
      <trkpt lat="43.323640" lon="-4.201660"/>
      <trkpt lat="43.323730" lon="-4.201490"/>
      <trkpt lat="43.323820" lon="-4.201320"/>
      <trkpt lat="43.323910" lon="-4.201150"/>
      <trkpt lat="43.324000" lon="-4.200970"/>
      <trkpt lat="43.324090" lon="-4.200800"/>
      <trkpt lat="43.324170" lon="-4.200630"/>
      <trkpt lat="43.324250" lon="-4.200450"/>
      <trkpt lat="43.324330" lon="-4.200270"/>
      <trkpt lat="43.324410" lon="-4.200090"/>
      <trkpt lat="43.324490" lon="-4.199910"/>
      <trkpt lat="43.324570" lon="-4.199730"/>
      <trkpt lat="43.324640" lon="-4.199540"/>
      <trkpt lat="43.324720" lon="-4.199360"/>
      <trkpt lat="43.324790" lon="-4.199170"/>
      <trkpt lat="43.324860" lon="-4.198990"/>
      <trkpt lat="43.324930" lon="-4.198800"/>
      <trkpt lat="43.324990" lon="-4.198610"/>
      <trkpt lat="43.325060" lon="-4.198420"/>
      <trkpt lat="43.325130" lon="-4.198230"/>
      <trkpt lat="43.325190" lon="-4.198040"/>
      <trkpt lat="43.325250" lon="-4.197840"/>
      <trkpt lat="43.325310" lon="-4.197650"/>
      <trkpt lat="43.325360" lon="-4.197460"/>
      <trkpt lat="43.325420" lon="-4.197260"/>
      <trkpt lat="43.325480" lon="-4.197060"/>
      <trkpt lat="43.325530" lon="-4.196870"/>
      <trkpt lat="43.325580" lon="-4.196670"/>
      <trkpt lat="43.325630" lon="-4.196470"/>
      <trkpt lat="43.325680" lon="-4.196270"/>
      <trkpt lat="43.325720" lon="-4.196070"/>
      <trkpt lat="43.325770" lon="-4.195860"/>
      <trkpt lat="43.325810" lon="-4.195660"/>
      <trkpt lat="43.325850" lon="-4.195470"/>
      <trkpt lat="43.325890" lon="-4.195260"/>
      <trkpt lat="43.325930" lon="-4.195050"/>
      <trkpt lat="43.325970" lon="-4.194850"/>
      <trkpt lat="43.326000" lon="-4.194660"/>
      <trkpt lat="43.326030" lon="-4.194440"/>
      <trkpt lat="43.326060" lon="-4.194240"/>
      <trkpt lat="43.326090" lon="-4.194040"/>
      <trkpt lat="43.326120" lon="-4.193840"/>
      <trkpt lat="43.326150" lon="-4.193630"/>
      <trkpt lat="43.326170" lon="-4.193510"/>
      <trkpt lat="43.326170" lon="-4.193450"/>
      <trkpt lat="43.326200" lon="-4.193220"/>
      <trkpt lat="43.326220" lon="-4.193030"/>
      <trkpt lat="43.326240" lon="-4.192810"/>
      <trkpt lat="43.326250" lon="-4.192640"/>
      <trkpt lat="43.326260" lon="-4.192470"/>
      <trkpt lat="43.326260" lon="-4.192270"/>
      <trkpt lat="43.326270" lon="-4.192070"/>
      <trkpt lat="43.326270" lon="-4.191900"/>
      <trkpt lat="43.326270" lon="-4.191710"/>
      <trkpt lat="43.326260" lon="-4.191510"/>
      <trkpt lat="43.326250" lon="-4.191310"/>
      <trkpt lat="43.326240" lon="-4.191120"/>
      <trkpt lat="43.326230" lon="-4.190930"/>
      <trkpt lat="43.326210" lon="-4.190680"/>
      <trkpt lat="43.326190" lon="-4.190480"/>
      <trkpt lat="43.326160" lon="-4.190270"/>
      <trkpt lat="43.326130" lon="-4.190080"/>
      <trkpt lat="43.326100" lon="-4.189880"/>
      <trkpt lat="43.326070" lon="-4.189690"/>
      <trkpt lat="43.326030" lon="-4.189480"/>
      <trkpt lat="43.325980" lon="-4.189300"/>
      <trkpt lat="43.325950" lon="-4.189140"/>
      <trkpt lat="43.325890" lon="-4.188900"/>
      <trkpt lat="43.325830" lon="-4.188710"/>
      <trkpt lat="43.325780" lon="-4.188530"/>
      <trkpt lat="43.325720" lon="-4.188340"/>
      <trkpt lat="43.325660" lon="-4.188160"/>
      <trkpt lat="43.325620" lon="-4.188040"/>
      <trkpt lat="43.325590" lon="-4.187960"/>
      <trkpt lat="43.325530" lon="-4.187820"/>
      <trkpt lat="43.325460" lon="-4.187650"/>
      <trkpt lat="43.325400" lon="-4.187490"/>
      <trkpt lat="43.325330" lon="-4.187340"/>
      <trkpt lat="43.325290" lon="-4.187260"/>
      <trkpt lat="43.325220" lon="-4.187090"/>
      <trkpt lat="43.325140" lon="-4.186920"/>
      <trkpt lat="43.325060" lon="-4.186750"/>
      <trkpt lat="43.324970" lon="-4.186580"/>
      <trkpt lat="43.324890" lon="-4.186410"/>
      <trkpt lat="43.324710" lon="-4.186080"/>
      <trkpt lat="43.324620" lon="-4.185920"/>
      <trkpt lat="43.324530" lon="-4.185760"/>
      <trkpt lat="43.324450" lon="-4.185600"/>
      <trkpt lat="43.324360" lon="-4.185430"/>
      <trkpt lat="43.324270" lon="-4.185260"/>
      <trkpt lat="43.324190" lon="-4.185090"/>
      <trkpt lat="43.324110" lon="-4.184930"/>
      <trkpt lat="43.324030" lon="-4.184770"/>
      <trkpt lat="43.323950" lon="-4.184590"/>
      <trkpt lat="43.323880" lon="-4.184420"/>
      <trkpt lat="43.323810" lon="-4.184260"/>
      <trkpt lat="43.323720" lon="-4.184060"/>
      <trkpt lat="43.323660" lon="-4.183900"/>
      <trkpt lat="43.323590" lon="-4.183720"/>
      <trkpt lat="43.323530" lon="-4.183540"/>
      <trkpt lat="43.323460" lon="-4.183350"/>
      <trkpt lat="43.323400" lon="-4.183170"/>
      <trkpt lat="43.323340" lon="-4.182980"/>
      <trkpt lat="43.323290" lon="-4.182790"/>
      <trkpt lat="43.323230" lon="-4.182600"/>
      <trkpt lat="43.323180" lon="-4.182420"/>
      <trkpt lat="43.323120" lon="-4.182160"/>
      <trkpt lat="43.323090" lon="-4.182020"/>
      <trkpt lat="43.323040" lon="-4.181830"/>
      <trkpt lat="43.323000" lon="-4.181630"/>
      <trkpt lat="43.322960" lon="-4.181450"/>
      <trkpt lat="43.322930" lon="-4.181240"/>
      <trkpt lat="43.322890" lon="-4.181050"/>
      <trkpt lat="43.322860" lon="-4.180850"/>
      <trkpt lat="43.322840" lon="-4.180650"/>
      <trkpt lat="43.322810" lon="-4.180450"/>
      <trkpt lat="43.322790" lon="-4.180250"/>
      <trkpt lat="43.322770" lon="-4.180040"/>
      <trkpt lat="43.322760" lon="-4.179850"/>
      <trkpt lat="43.322740" lon="-4.179650"/>
      <trkpt lat="43.322730" lon="-4.179450"/>
      <trkpt lat="43.322720" lon="-4.179250"/>
      <trkpt lat="43.322720" lon="-4.179040"/>
      <trkpt lat="43.322710" lon="-4.178840"/>
      <trkpt lat="43.322720" lon="-4.178640"/>
      <trkpt lat="43.322720" lon="-4.178430"/>
      <trkpt lat="43.322720" lon="-4.178240"/>
      <trkpt lat="43.322720" lon="-4.178030"/>
      <trkpt lat="43.322730" lon="-4.177830"/>
      <trkpt lat="43.322740" lon="-4.177630"/>
      <trkpt lat="43.322750" lon="-4.177430"/>
      <trkpt lat="43.322760" lon="-4.177230"/>
      <trkpt lat="43.322770" lon="-4.177020"/>
      <trkpt lat="43.322780" lon="-4.176830"/>
      <trkpt lat="43.322800" lon="-4.176620"/>
      <trkpt lat="43.322810" lon="-4.176420"/>
      <trkpt lat="43.322830" lon="-4.176220"/>
      <trkpt lat="43.322850" lon="-4.176020"/>
      <trkpt lat="43.322870" lon="-4.175820"/>
      <trkpt lat="43.322890" lon="-4.175620"/>
      <trkpt lat="43.322910" lon="-4.175420"/>
      <trkpt lat="43.322940" lon="-4.175220"/>
      <trkpt lat="43.322960" lon="-4.175020"/>
      <trkpt lat="43.322990" lon="-4.174820"/>
      <trkpt lat="43.323020" lon="-4.174630"/>
      <trkpt lat="43.323050" lon="-4.174430"/>
      <trkpt lat="43.323080" lon="-4.174230"/>
      <trkpt lat="43.323110" lon="-4.174030"/>
      <trkpt lat="43.323140" lon="-4.173830"/>
      <trkpt lat="43.323180" lon="-4.173640"/>
      <trkpt lat="43.323210" lon="-4.173440"/>
      <trkpt lat="43.323250" lon="-4.173250"/>
      <trkpt lat="43.323290" lon="-4.173060"/>
      <trkpt lat="43.323330" lon="-4.172860"/>
      <trkpt lat="43.323370" lon="-4.172660"/>
      <trkpt lat="43.323410" lon="-4.172470"/>
      <trkpt lat="43.323460" lon="-4.172270"/>
      <trkpt lat="43.323540" lon="-4.171890"/>
      <trkpt lat="43.323590" lon="-4.171700"/>
      <trkpt lat="43.323640" lon="-4.171510"/>
      <trkpt lat="43.323690" lon="-4.171320"/>
      <trkpt lat="43.323740" lon="-4.171130"/>
      <trkpt lat="43.323790" lon="-4.170940"/>
      <trkpt lat="43.323900" lon="-4.170550"/>
      <trkpt lat="43.323960" lon="-4.170360"/>
      <trkpt lat="43.324020" lon="-4.170170"/>
      <trkpt lat="43.324080" lon="-4.169970"/>
      <trkpt lat="43.324150" lon="-4.169780"/>
      <trkpt lat="43.324210" lon="-4.169580"/>
      <trkpt lat="43.324270" lon="-4.169390"/>
      <trkpt lat="43.324330" lon="-4.169230"/>
      <trkpt lat="43.324410" lon="-4.169020"/>
      <trkpt lat="43.324550" lon="-4.168650"/>
      <trkpt lat="43.324690" lon="-4.168280"/>
      <trkpt lat="43.324760" lon="-4.168100"/>
      <trkpt lat="43.324840" lon="-4.167920"/>
      <trkpt lat="43.324910" lon="-4.167740"/>
      <trkpt lat="43.324990" lon="-4.167540"/>
      <trkpt lat="43.325150" lon="-4.167200"/>
      <trkpt lat="43.325230" lon="-4.167020"/>
      <trkpt lat="43.325310" lon="-4.166850"/>
      <trkpt lat="43.325390" lon="-4.166670"/>
      <trkpt lat="43.325480" lon="-4.166490"/>
      <trkpt lat="43.325560" lon="-4.166320"/>
      <trkpt lat="43.325650" lon="-4.166140"/>
      <trkpt lat="43.325740" lon="-4.165970"/>
      <trkpt lat="43.325830" lon="-4.165800"/>
      <trkpt lat="43.325920" lon="-4.165630"/>
      <trkpt lat="43.326020" lon="-4.165450"/>
      <trkpt lat="43.326100" lon="-4.165310"/>
      <trkpt lat="43.326290" lon="-4.164980"/>
      <trkpt lat="43.326490" lon="-4.164650"/>
      <trkpt lat="43.326680" lon="-4.164330"/>
      <trkpt lat="43.326890" lon="-4.164020"/>
      <trkpt lat="43.327090" lon="-4.163710"/>
      <trkpt lat="43.327200" lon="-4.163550"/>
      <trkpt lat="43.327410" lon="-4.163260"/>
      <trkpt lat="43.327500" lon="-4.163130"/>
      <trkpt lat="43.327740" lon="-4.162810"/>
      <trkpt lat="43.327960" lon="-4.162520"/>
      <trkpt lat="43.328090" lon="-4.162370"/>
      <trkpt lat="43.328300" lon="-4.162120"/>
      <trkpt lat="43.328540" lon="-4.161850"/>
      <trkpt lat="43.328720" lon="-4.161680"/>
      <trkpt lat="43.328860" lon="-4.161530"/>
      <trkpt lat="43.328990" lon="-4.161400"/>
      <trkpt lat="43.329160" lon="-4.161220"/>
      <trkpt lat="43.329270" lon="-4.161120"/>
      <trkpt lat="43.329400" lon="-4.161000"/>
      <trkpt lat="43.329530" lon="-4.160890"/>
      <trkpt lat="43.329670" lon="-4.160780"/>
      <trkpt lat="43.329800" lon="-4.160670"/>
      <trkpt lat="43.329940" lon="-4.160560"/>
      <trkpt lat="43.330200" lon="-4.160360"/>
      <trkpt lat="43.330340" lon="-4.160270"/>
      <trkpt lat="43.330480" lon="-4.160170"/>
      <trkpt lat="43.330610" lon="-4.160080"/>
      <trkpt lat="43.330760" lon="-4.159990"/>
      <trkpt lat="43.330880" lon="-4.159920"/>
      <trkpt lat="43.331030" lon="-4.159830"/>
      <trkpt lat="43.331170" lon="-4.159750"/>
      <trkpt lat="43.331310" lon="-4.159680"/>
      <trkpt lat="43.331450" lon="-4.159600"/>
      <trkpt lat="43.331600" lon="-4.159530"/>
      <trkpt lat="43.331740" lon="-4.159460"/>
      <trkpt lat="43.331890" lon="-4.159390"/>
      <trkpt lat="43.332030" lon="-4.159340"/>
      <trkpt lat="43.332190" lon="-4.159270"/>
      <trkpt lat="43.332480" lon="-4.159160"/>
      <trkpt lat="43.332620" lon="-4.159100"/>
      <trkpt lat="43.332920" lon="-4.159000"/>
      <trkpt lat="43.333220" lon="-4.158890"/>
      <trkpt lat="43.333360" lon="-4.158840"/>
      <trkpt lat="43.333510" lon="-4.158790"/>
      <trkpt lat="43.333660" lon="-4.158740"/>
      <trkpt lat="43.333800" lon="-4.158680"/>
      <trkpt lat="43.333970" lon="-4.158620"/>
      <trkpt lat="43.334110" lon="-4.158560"/>
      <trkpt lat="43.334270" lon="-4.158490"/>
      <trkpt lat="43.334420" lon="-4.158420"/>
      <trkpt lat="43.334560" lon="-4.158350"/>
      <trkpt lat="43.334700" lon="-4.158280"/>
      <trkpt lat="43.334850" lon="-4.158190"/>
      <trkpt lat="43.335000" lon="-4.158100"/>
      <trkpt lat="43.335120" lon="-4.158020"/>
      <trkpt lat="43.335270" lon="-4.157920"/>
      <trkpt lat="43.335400" lon="-4.157820"/>
      <trkpt lat="43.335540" lon="-4.157720"/>
      <trkpt lat="43.335680" lon="-4.157610"/>
      <trkpt lat="43.335810" lon="-4.157500"/>
      <trkpt lat="43.335940" lon="-4.157380"/>
      <trkpt lat="43.336080" lon="-4.157260"/>
      <trkpt lat="43.336190" lon="-4.157150"/>
      <trkpt lat="43.336320" lon="-4.157020"/>
      <trkpt lat="43.336440" lon="-4.156890"/>
      <trkpt lat="43.336570" lon="-4.156750"/>
      <trkpt lat="43.336680" lon="-4.156620"/>
      <trkpt lat="43.336780" lon="-4.156500"/>
      <trkpt lat="43.336930" lon="-4.156310"/>
      <trkpt lat="43.337030" lon="-4.156180"/>
      <trkpt lat="43.337120" lon="-4.156060"/>
      <trkpt lat="43.337240" lon="-4.155880"/>
      <trkpt lat="43.337350" lon="-4.155710"/>
      <trkpt lat="43.337450" lon="-4.155560"/>
      <trkpt lat="43.337550" lon="-4.155390"/>
      <trkpt lat="43.337650" lon="-4.155230"/>
      <trkpt lat="43.337750" lon="-4.155060"/>
      <trkpt lat="43.337840" lon="-4.154880"/>
      <trkpt lat="43.337920" lon="-4.154720"/>
      <trkpt lat="43.338010" lon="-4.154530"/>
      <trkpt lat="43.338090" lon="-4.154350"/>
      <trkpt lat="43.338170" lon="-4.154180"/>
      <trkpt lat="43.338240" lon="-4.154000"/>
      <trkpt lat="43.338320" lon="-4.153810"/>
      <trkpt lat="43.338390" lon="-4.153630"/>
      <trkpt lat="43.338460" lon="-4.153430"/>
      <trkpt lat="43.338520" lon="-4.153250"/>
      <trkpt lat="43.338590" lon="-4.153050"/>
      <trkpt lat="43.338660" lon="-4.152800"/>
      <trkpt lat="43.338770" lon="-4.152430"/>
      <trkpt lat="43.338890" lon="-4.152020"/>
      <trkpt lat="43.339000" lon="-4.151610"/>
      <trkpt lat="43.339110" lon="-4.151200"/>
      <trkpt lat="43.339230" lon="-4.150790"/>
      <trkpt lat="43.339350" lon="-4.150390"/>
      <trkpt lat="43.339470" lon="-4.149980"/>
      <trkpt lat="43.339610" lon="-4.149580"/>
      <trkpt lat="43.339740" lon="-4.149200"/>
      <trkpt lat="43.339890" lon="-4.148790"/>
      <trkpt lat="43.340110" lon="-4.148240"/>
      <trkpt lat="43.340280" lon="-4.147850"/>
      <trkpt lat="43.340430" lon="-4.147530"/>
      <trkpt lat="43.340520" lon="-4.147320"/>
      <trkpt lat="43.340620" lon="-4.147120"/>
      <trkpt lat="43.340790" lon="-4.146780"/>
      <trkpt lat="43.340980" lon="-4.146420"/>
      <trkpt lat="43.341140" lon="-4.146110"/>
      <trkpt lat="43.341350" lon="-4.145760"/>
      <trkpt lat="43.341470" lon="-4.145560"/>
      <trkpt lat="43.341680" lon="-4.145220"/>
      <trkpt lat="43.341990" lon="-4.144750"/>
      <trkpt lat="43.342300" lon="-4.144300"/>
      <trkpt lat="43.342620" lon="-4.143840"/>
      <trkpt lat="43.342950" lon="-4.143380"/>
      <trkpt lat="43.343260" lon="-4.142940"/>
      <trkpt lat="43.343470" lon="-4.142620"/>
      <trkpt lat="43.343570" lon="-4.142460"/>
      <trkpt lat="43.343670" lon="-4.142290"/>
      <trkpt lat="43.343760" lon="-4.142120"/>
      <trkpt lat="43.343850" lon="-4.141960"/>
      <trkpt lat="43.344030" lon="-4.141620"/>
      <trkpt lat="43.344110" lon="-4.141450"/>
      <trkpt lat="43.344190" lon="-4.141260"/>
      <trkpt lat="43.344270" lon="-4.141090"/>
      <trkpt lat="43.344340" lon="-4.140900"/>
      <trkpt lat="43.344420" lon="-4.140700"/>
      <trkpt lat="43.344550" lon="-4.140360"/>
      <trkpt lat="43.344610" lon="-4.140160"/>
      <trkpt lat="43.344680" lon="-4.139960"/>
      <trkpt lat="43.344730" lon="-4.139790"/>
      <trkpt lat="43.344810" lon="-4.139480"/>
      <trkpt lat="43.344880" lon="-4.139180"/>
      <trkpt lat="43.344930" lon="-4.138980"/>
      <trkpt lat="43.344970" lon="-4.138780"/>
      <trkpt lat="43.345010" lon="-4.138580"/>
      <trkpt lat="43.345050" lon="-4.138360"/>
      <trkpt lat="43.345080" lon="-4.138150"/>
      <trkpt lat="43.345110" lon="-4.137960"/>
      <trkpt lat="43.345140" lon="-4.137740"/>
      <trkpt lat="43.345160" lon="-4.137530"/>
      <trkpt lat="43.345170" lon="-4.137340"/>
      <trkpt lat="43.345190" lon="-4.137120"/>
      <trkpt lat="43.345200" lon="-4.136920"/>
      <trkpt lat="43.345210" lon="-4.136720"/>
      <trkpt lat="43.345220" lon="-4.136500"/>
      <trkpt lat="43.345220" lon="-4.136310"/>
      <trkpt lat="43.345220" lon="-4.136080"/>
      <trkpt lat="43.345220" lon="-4.135880"/>
      <trkpt lat="43.345210" lon="-4.135680"/>
      <trkpt lat="43.345200" lon="-4.135490"/>
      <trkpt lat="43.345190" lon="-4.135280"/>
      <trkpt lat="43.345180" lon="-4.135080"/>
      <trkpt lat="43.345150" lon="-4.134810"/>
      <trkpt lat="43.345120" lon="-4.134410"/>
      <trkpt lat="43.345070" lon="-4.134010"/>
      <trkpt lat="43.345020" lon="-4.133540"/>
      <trkpt lat="43.344950" lon="-4.132890"/>
      <trkpt lat="43.344920" lon="-4.132520"/>
      <trkpt lat="43.344900" lon="-4.132310"/>
      <trkpt lat="43.344890" lon="-4.132090"/>
      <trkpt lat="43.344880" lon="-4.131870"/>
      <trkpt lat="43.344870" lon="-4.131660"/>
      <trkpt lat="43.344860" lon="-4.131450"/>
      <trkpt lat="43.344860" lon="-4.131240"/>
      <trkpt lat="43.344860" lon="-4.131010"/>
      <trkpt lat="43.344870" lon="-4.130790"/>
      <trkpt lat="43.344870" lon="-4.130590"/>
      <trkpt lat="43.344880" lon="-4.130370"/>
      <trkpt lat="43.344900" lon="-4.130110"/>
      <trkpt lat="43.344920" lon="-4.129730"/>
      <trkpt lat="43.344940" lon="-4.129510"/>
      <trkpt lat="43.344970" lon="-4.129310"/>
      <trkpt lat="43.344990" lon="-4.129100"/>
      <trkpt lat="43.345020" lon="-4.128910"/>
      <trkpt lat="43.345050" lon="-4.128710"/>
      <trkpt lat="43.345080" lon="-4.128490"/>
      <trkpt lat="43.345130" lon="-4.128220"/>
      <trkpt lat="43.345210" lon="-4.127840"/>
      <trkpt lat="43.345300" lon="-4.127440"/>
      <trkpt lat="43.345390" lon="-4.127100"/>
      <trkpt lat="43.345450" lon="-4.126870"/>
      <trkpt lat="43.345510" lon="-4.126640"/>
      <trkpt lat="43.345560" lon="-4.126500"/>
      <trkpt lat="43.345610" lon="-4.126320"/>
      <trkpt lat="43.345690" lon="-4.126100"/>
      <trkpt lat="43.345820" lon="-4.125730"/>
      <trkpt lat="43.345960" lon="-4.125350"/>
      <trkpt lat="43.346100" lon="-4.124990"/>
      <trkpt lat="43.346250" lon="-4.124630"/>
      <trkpt lat="43.346480" lon="-4.124050"/>
      <trkpt lat="43.346600" lon="-4.123740"/>
      <trkpt lat="43.346700" lon="-4.123480"/>
      <trkpt lat="43.346830" lon="-4.123120"/>
      <trkpt lat="43.346950" lon="-4.122770"/>
      <trkpt lat="43.347080" lon="-4.122370"/>
      <trkpt lat="43.347190" lon="-4.122030"/>
      <trkpt lat="43.347260" lon="-4.121780"/>
      <trkpt lat="43.347350" lon="-4.121440"/>
      <trkpt lat="43.347410" lon="-4.121190"/>
      <trkpt lat="43.347490" lon="-4.120830"/>
      <trkpt lat="43.347530" lon="-4.120650"/>
      <trkpt lat="43.347570" lon="-4.120450"/>
      <trkpt lat="43.347610" lon="-4.120240"/>
      <trkpt lat="43.347660" lon="-4.119990"/>
      <trkpt lat="43.347710" lon="-4.119700"/>
      <trkpt lat="43.347740" lon="-4.119440"/>
      <trkpt lat="43.347780" lon="-4.119180"/>
      <trkpt lat="43.347830" lon="-4.118820"/>
      <trkpt lat="43.347870" lon="-4.118470"/>
      <trkpt lat="43.347890" lon="-4.118200"/>
      <trkpt lat="43.347920" lon="-4.117950"/>
      <trkpt lat="43.347960" lon="-4.117520"/>
      <trkpt lat="43.348010" lon="-4.116940"/>
      <trkpt lat="43.348060" lon="-4.116510"/>
      <trkpt lat="43.348100" lon="-4.116130"/>
      <trkpt lat="43.348140" lon="-4.115860"/>
      <trkpt lat="43.348170" lon="-4.115580"/>
      <trkpt lat="43.348210" lon="-4.115330"/>
      <trkpt lat="43.348260" lon="-4.115090"/>
      <trkpt lat="43.348330" lon="-4.114700"/>
      <trkpt lat="43.348430" lon="-4.114260"/>
      <trkpt lat="43.348520" lon="-4.113860"/>
      <trkpt lat="43.348620" lon="-4.113530"/>
      <trkpt lat="43.348690" lon="-4.113270"/>
      <trkpt lat="43.348790" lon="-4.112940"/>
      <trkpt lat="43.348920" lon="-4.112570"/>
      <trkpt lat="43.349000" lon="-4.112360"/>
      <trkpt lat="43.349070" lon="-4.112170"/>
      <trkpt lat="43.349210" lon="-4.111840"/>
      <trkpt lat="43.349300" lon="-4.111640"/>
      <trkpt lat="43.349450" lon="-4.111310"/>
      <trkpt lat="43.349560" lon="-4.111080"/>
      <trkpt lat="43.349720" lon="-4.110760"/>
      <trkpt lat="43.349820" lon="-4.110580"/>
      <trkpt lat="43.349930" lon="-4.110370"/>
      <trkpt lat="43.350270" lon="-4.109780"/>
      <trkpt lat="43.350860" lon="-4.108830"/>
      <trkpt lat="43.351550" lon="-4.107700"/>
      <trkpt lat="43.352230" lon="-4.106570"/>
      <trkpt lat="43.352640" lon="-4.105920"/>
      <trkpt lat="43.352930" lon="-4.105440"/>
      <trkpt lat="43.353110" lon="-4.105120"/>
      <trkpt lat="43.353300" lon="-4.104790"/>
      <trkpt lat="43.353480" lon="-4.104460"/>
      <trkpt lat="43.353650" lon="-4.104130"/>
      <trkpt lat="43.353870" lon="-4.103650"/>
      <trkpt lat="43.354060" lon="-4.103200"/>
      <trkpt lat="43.354220" lon="-4.102770"/>
      <trkpt lat="43.354410" lon="-4.102230"/>
      <trkpt lat="43.354570" lon="-4.101690"/>
      <trkpt lat="43.354720" lon="-4.101100"/>
      <trkpt lat="43.354770" lon="-4.100860"/>
      <trkpt lat="43.354810" lon="-4.100680"/>
      <trkpt lat="43.354890" lon="-4.100250"/>
      <trkpt lat="43.354970" lon="-4.099740"/>
      <trkpt lat="43.355010" lon="-4.099470"/>
      <trkpt lat="43.355030" lon="-4.099250"/>
      <trkpt lat="43.355090" lon="-4.098590"/>
      <trkpt lat="43.355110" lon="-4.098360"/>
      <trkpt lat="43.355120" lon="-4.098150"/>
      <trkpt lat="43.355130" lon="-4.097920"/>
      <trkpt lat="43.355140" lon="-4.097720"/>
      <trkpt lat="43.355140" lon="-4.097510"/>
      <trkpt lat="43.355140" lon="-4.097290"/>
      <trkpt lat="43.355140" lon="-4.097100"/>
      <trkpt lat="43.355140" lon="-4.096890"/>
      <trkpt lat="43.355130" lon="-4.096700"/>
      <trkpt lat="43.355120" lon="-4.096470"/>
      <trkpt lat="43.355110" lon="-4.096270"/>
      <trkpt lat="43.355090" lon="-4.096050"/>
      <trkpt lat="43.355070" lon="-4.095850"/>
      <trkpt lat="43.355050" lon="-4.095620"/>
      <trkpt lat="43.355020" lon="-4.095380"/>
      <trkpt lat="43.355000" lon="-4.095190"/>
      <trkpt lat="43.354980" lon="-4.095010"/>
      <trkpt lat="43.354950" lon="-4.094830"/>
      <trkpt lat="43.354910" lon="-4.094610"/>
      <trkpt lat="43.354880" lon="-4.094410"/>
      <trkpt lat="43.354840" lon="-4.094200"/>
      <trkpt lat="43.354780" lon="-4.093930"/>
      <trkpt lat="43.354740" lon="-4.093720"/>
      <trkpt lat="43.354700" lon="-4.093570"/>
      <trkpt lat="43.354660" lon="-4.093400"/>
      <trkpt lat="43.354600" lon="-4.093160"/>
      <trkpt lat="43.354490" lon="-4.092780"/>
      <trkpt lat="43.354390" lon="-4.092430"/>
      <trkpt lat="43.354200" lon="-4.091820"/>
      <trkpt lat="43.354010" lon="-4.091190"/>
      <trkpt lat="43.353940" lon="-4.090920"/>
      <trkpt lat="43.353880" lon="-4.090710"/>
      <trkpt lat="43.353820" lon="-4.090490"/>
      <trkpt lat="43.353760" lon="-4.090260"/>
      <trkpt lat="43.353710" lon="-4.090060"/>
      <trkpt lat="43.353670" lon="-4.089870"/>
      <trkpt lat="43.353630" lon="-4.089700"/>
      <trkpt lat="43.353600" lon="-4.089510"/>
      <trkpt lat="43.353560" lon="-4.089280"/>
      <trkpt lat="43.353510" lon="-4.089010"/>
      <trkpt lat="43.353470" lon="-4.088710"/>
      <trkpt lat="43.353430" lon="-4.088450"/>
      <trkpt lat="43.353410" lon="-4.088210"/>
      <trkpt lat="43.353380" lon="-4.087960"/>
      <trkpt lat="43.353360" lon="-4.087680"/>
      <trkpt lat="43.353340" lon="-4.087390"/>
      <trkpt lat="43.353320" lon="-4.087120"/>
      <trkpt lat="43.353310" lon="-4.086890"/>
      <trkpt lat="43.353300" lon="-4.086660"/>
      <trkpt lat="43.353300" lon="-4.086420"/>
      <trkpt lat="43.353310" lon="-4.086150"/>
      <trkpt lat="43.353310" lon="-4.085870"/>
      <trkpt lat="43.353320" lon="-4.085620"/>
      <trkpt lat="43.353330" lon="-4.085380"/>
      <trkpt lat="43.353350" lon="-4.085110"/>
      <trkpt lat="43.353370" lon="-4.084880"/>
      <trkpt lat="43.353400" lon="-4.084560"/>
      <trkpt lat="43.353430" lon="-4.084350"/>
      <trkpt lat="43.353460" lon="-4.084120"/>
      <trkpt lat="43.353480" lon="-4.083910"/>
      <trkpt lat="43.353520" lon="-4.083700"/>
      <trkpt lat="43.353550" lon="-4.083480"/>
      <trkpt lat="43.353590" lon="-4.083240"/>
      <trkpt lat="43.353650" lon="-4.082940"/>
      <trkpt lat="43.353710" lon="-4.082680"/>
      <trkpt lat="43.353770" lon="-4.082440"/>
      <trkpt lat="43.353820" lon="-4.082220"/>
      <trkpt lat="43.353890" lon="-4.081960"/>
      <trkpt lat="43.353950" lon="-4.081760"/>
      <trkpt lat="43.354010" lon="-4.081560"/>
      <trkpt lat="43.354080" lon="-4.081320"/>
      <trkpt lat="43.354160" lon="-4.081100"/>
      <trkpt lat="43.354220" lon="-4.080930"/>
      <trkpt lat="43.354280" lon="-4.080740"/>
      <trkpt lat="43.354360" lon="-4.080550"/>
      <trkpt lat="43.354430" lon="-4.080350"/>
      <trkpt lat="43.354520" lon="-4.080140"/>
      <trkpt lat="43.354810" lon="-4.079450"/>
      <trkpt lat="43.355130" lon="-4.078690"/>
      <trkpt lat="43.355440" lon="-4.077970"/>
      <trkpt lat="43.355670" lon="-4.077430"/>
      <trkpt lat="43.355810" lon="-4.077080"/>
      <trkpt lat="43.355890" lon="-4.076890"/>
      <trkpt lat="43.355940" lon="-4.076770"/>
      <trkpt lat="43.355990" lon="-4.076640"/>
      <trkpt lat="43.356040" lon="-4.076510"/>
      <trkpt lat="43.356080" lon="-4.076370"/>
      <trkpt lat="43.356130" lon="-4.076230"/>
      <trkpt lat="43.356170" lon="-4.076120"/>
      <trkpt lat="43.356240" lon="-4.075890"/>
      <trkpt lat="43.356290" lon="-4.075720"/>
      <trkpt lat="43.356350" lon="-4.075510"/>
      <trkpt lat="43.356390" lon="-4.075340"/>
      <trkpt lat="43.356440" lon="-4.075140"/>
      <trkpt lat="43.356500" lon="-4.074880"/>
      <trkpt lat="43.356550" lon="-4.074610"/>
      <trkpt lat="43.356590" lon="-4.074420"/>
      <trkpt lat="43.356630" lon="-4.074190"/>
      <trkpt lat="43.356650" lon="-4.074000"/>
      <trkpt lat="43.356690" lon="-4.073690"/>
      <trkpt lat="43.356730" lon="-4.073260"/>
      <trkpt lat="43.356750" lon="-4.072940"/>
      <trkpt lat="43.356770" lon="-4.072700"/>
      <trkpt lat="43.356770" lon="-4.072500"/>
      <trkpt lat="43.356780" lon="-4.072190"/>
      <trkpt lat="43.356770" lon="-4.071780"/>
      <trkpt lat="43.356760" lon="-4.071550"/>
      <trkpt lat="43.356740" lon="-4.071270"/>
      <trkpt lat="43.356690" lon="-4.070680"/>
      <trkpt lat="43.356640" lon="-4.070270"/>
      <trkpt lat="43.356630" lon="-4.070220"/>
      <trkpt lat="43.356530" lon="-4.069490"/>
      <trkpt lat="43.356220" lon="-4.067420"/>
      <trkpt lat="43.356070" lon="-4.066330"/>
      <trkpt lat="43.356040" lon="-4.066060"/>
      <trkpt lat="43.356010" lon="-4.065790"/>
      <trkpt lat="43.355990" lon="-4.065530"/>
      <trkpt lat="43.355970" lon="-4.065250"/>
      <trkpt lat="43.355960" lon="-4.064970"/>
      <trkpt lat="43.355960" lon="-4.064760"/>
      <trkpt lat="43.355960" lon="-4.064530"/>
      <trkpt lat="43.355960" lon="-4.064340"/>
      <trkpt lat="43.355970" lon="-4.064110"/>
      <trkpt lat="43.355980" lon="-4.063910"/>
      <trkpt lat="43.356000" lon="-4.063700"/>
      <trkpt lat="43.356020" lon="-4.063460"/>
      <trkpt lat="43.356040" lon="-4.063270"/>
      <trkpt lat="43.356060" lon="-4.063090"/>
      <trkpt lat="43.356090" lon="-4.062920"/>
      <trkpt lat="43.356120" lon="-4.062740"/>
      <trkpt lat="43.356200" lon="-4.062330"/>
      <trkpt lat="43.356300" lon="-4.061840"/>
      <trkpt lat="43.356370" lon="-4.061500"/>
      <trkpt lat="43.356390" lon="-4.061380"/>
      <trkpt lat="43.356490" lon="-4.060950"/>
      <trkpt lat="43.356530" lon="-4.060770"/>
      <trkpt lat="43.356560" lon="-4.060600"/>
      <trkpt lat="43.356590" lon="-4.060380"/>
      <trkpt lat="43.356620" lon="-4.060150"/>
      <trkpt lat="43.356650" lon="-4.059950"/>
      <trkpt lat="43.356670" lon="-4.059720"/>
      <trkpt lat="43.356690" lon="-4.059510"/>
      <trkpt lat="43.356710" lon="-4.059250"/>
      <trkpt lat="43.356720" lon="-4.059040"/>
      <trkpt lat="43.356730" lon="-4.058890"/>
      <trkpt lat="43.356730" lon="-4.058710"/>
      <trkpt lat="43.356730" lon="-4.058510"/>
      <trkpt lat="43.356720" lon="-4.058310"/>
      <trkpt lat="43.356720" lon="-4.058110"/>
      <trkpt lat="43.356710" lon="-4.057880"/>
      <trkpt lat="43.356700" lon="-4.057650"/>
      <trkpt lat="43.356690" lon="-4.057450"/>
      <trkpt lat="43.356680" lon="-4.057210"/>
      <trkpt lat="43.356670" lon="-4.056980"/>
      <trkpt lat="43.356650" lon="-4.056440"/>
      <trkpt lat="43.356670" lon="-4.055880"/>
      <trkpt lat="43.356700" lon="-4.055310"/>
      <trkpt lat="43.356770" lon="-4.054740"/>
      <trkpt lat="43.356850" lon="-4.054300"/>
      <trkpt lat="43.356900" lon="-4.054010"/>
      <trkpt lat="43.356960" lon="-4.053780"/>
      <trkpt lat="43.357010" lon="-4.053570"/>
      <trkpt lat="43.357070" lon="-4.053360"/>
      <trkpt lat="43.357440" lon="-4.052110"/>
      <trkpt lat="43.357800" lon="-4.050940"/>
      <trkpt lat="43.358220" lon="-4.049590"/>
      <trkpt lat="43.358420" lon="-4.048940"/>
      <trkpt lat="43.358490" lon="-4.048740"/>
      <trkpt lat="43.358540" lon="-4.048560"/>
      <trkpt lat="43.358590" lon="-4.048350"/>
      <trkpt lat="43.358630" lon="-4.048140"/>
      <trkpt lat="43.358670" lon="-4.047950"/>
      <trkpt lat="43.358710" lon="-4.047740"/>
      <trkpt lat="43.358740" lon="-4.047520"/>
      <trkpt lat="43.358760" lon="-4.047330"/>
      <trkpt lat="43.358790" lon="-4.047130"/>
      <trkpt lat="43.358810" lon="-4.046930"/>
      <trkpt lat="43.358830" lon="-4.046720"/>
      <trkpt lat="43.358850" lon="-4.046530"/>
      <trkpt lat="43.358870" lon="-4.046330"/>
      <trkpt lat="43.358880" lon="-4.046220"/>
      <trkpt lat="43.358890" lon="-4.046120"/>
      <trkpt lat="43.358910" lon="-4.045940"/>
      <trkpt lat="43.358920" lon="-4.045740"/>
      <trkpt lat="43.358930" lon="-4.045530"/>
      <trkpt lat="43.358940" lon="-4.045320"/>
      <trkpt lat="43.358940" lon="-4.045130"/>
      <trkpt lat="43.358940" lon="-4.044950"/>
      <trkpt lat="43.358930" lon="-4.044890"/>
      <trkpt lat="43.358930" lon="-4.044710"/>
      <trkpt lat="43.358920" lon="-4.044520"/>
      <trkpt lat="43.358910" lon="-4.044330"/>
      <trkpt lat="43.358890" lon="-4.044160"/>
      <trkpt lat="43.358880" lon="-4.044010"/>
      <trkpt lat="43.358860" lon="-4.043850"/>
      <trkpt lat="43.358830" lon="-4.043640"/>
      <trkpt lat="43.358800" lon="-4.043450"/>
      <trkpt lat="43.358760" lon="-4.043240"/>
      <trkpt lat="43.358740" lon="-4.043090"/>
      <trkpt lat="43.358720" lon="-4.043000"/>
      <trkpt lat="43.358640" lon="-4.042700"/>
      <trkpt lat="43.358530" lon="-4.042340"/>
      <trkpt lat="43.358410" lon="-4.041940"/>
      <trkpt lat="43.358300" lon="-4.041630"/>
      <trkpt lat="43.358190" lon="-4.041370"/>
      <trkpt lat="43.358110" lon="-4.041150"/>
      <trkpt lat="43.357920" lon="-4.040760"/>
      <trkpt lat="43.357730" lon="-4.040410"/>
      <trkpt lat="43.357490" lon="-4.040030"/>
      <trkpt lat="43.357190" lon="-4.039580"/>
      <trkpt lat="43.357050" lon="-4.039390"/>
      <trkpt lat="43.356900" lon="-4.039200"/>
      <trkpt lat="43.356760" lon="-4.039040"/>
      <trkpt lat="43.356560" lon="-4.038840"/>
      <trkpt lat="43.356370" lon="-4.038670"/>
      <trkpt lat="43.356230" lon="-4.038550"/>
      <trkpt lat="43.356050" lon="-4.038420"/>
      <trkpt lat="43.355780" lon="-4.038230"/>
      <trkpt lat="43.355640" lon="-4.038140"/>
      <trkpt lat="43.355500" lon="-4.038060"/>
      <trkpt lat="43.355370" lon="-4.038000"/>
      <trkpt lat="43.355200" lon="-4.037920"/>
      <trkpt lat="43.355070" lon="-4.037850"/>
      <trkpt lat="43.354910" lon="-4.037790"/>
      <trkpt lat="43.354780" lon="-4.037740"/>
      <trkpt lat="43.354620" lon="-4.037690"/>
      <trkpt lat="43.354460" lon="-4.037640"/>
      <trkpt lat="43.354300" lon="-4.037590"/>
      <trkpt lat="43.354080" lon="-4.037540"/>
      <trkpt lat="43.353880" lon="-4.037490"/>
      <trkpt lat="43.353690" lon="-4.037450"/>
      <trkpt lat="43.353410" lon="-4.037380"/>
      <trkpt lat="43.353230" lon="-4.037330"/>
      <trkpt lat="43.353080" lon="-4.037290"/>
      <trkpt lat="43.352930" lon="-4.037240"/>
      <trkpt lat="43.352810" lon="-4.037190"/>
      <trkpt lat="43.352660" lon="-4.037130"/>
      <trkpt lat="43.352500" lon="-4.037080"/>
      <trkpt lat="43.352270" lon="-4.036980"/>
      <trkpt lat="43.352080" lon="-4.036880"/>
      <trkpt lat="43.351890" lon="-4.036770"/>
      <trkpt lat="43.351780" lon="-4.036710"/>
      <trkpt lat="43.351670" lon="-4.036650"/>
      <trkpt lat="43.351530" lon="-4.036570"/>
      <trkpt lat="43.351390" lon="-4.036480"/>
      <trkpt lat="43.351280" lon="-4.036400"/>
      <trkpt lat="43.351100" lon="-4.036270"/>
      <trkpt lat="43.350980" lon="-4.036190"/>
      <trkpt lat="43.350770" lon="-4.036020"/>
      <trkpt lat="43.350600" lon="-4.035870"/>
      <trkpt lat="43.350430" lon="-4.035720"/>
      <trkpt lat="43.350290" lon="-4.035590"/>
      <trkpt lat="43.350160" lon="-4.035450"/>
      <trkpt lat="43.350020" lon="-4.035310"/>
      <trkpt lat="43.349770" lon="-4.035030"/>
      <trkpt lat="43.349710" lon="-4.034960"/>
      <trkpt lat="43.349590" lon="-4.034810"/>
      <trkpt lat="43.349380" lon="-4.034520"/>
      <trkpt lat="43.349260" lon="-4.034370"/>
      <trkpt lat="43.349170" lon="-4.034230"/>
      <trkpt lat="43.349020" lon="-4.034010"/>
      <trkpt lat="43.348840" lon="-4.033710"/>
      <trkpt lat="43.348650" lon="-4.033370"/>
      <trkpt lat="43.348480" lon="-4.033040"/>
      <trkpt lat="43.348350" lon="-4.032760"/>
      <trkpt lat="43.348260" lon="-4.032570"/>
      <trkpt lat="43.348160" lon="-4.032320"/>
      <trkpt lat="43.348060" lon="-4.032070"/>
      <trkpt lat="43.347960" lon="-4.031800"/>
      <trkpt lat="43.347850" lon="-4.031490"/>
      <trkpt lat="43.347750" lon="-4.031170"/>
      <trkpt lat="43.347620" lon="-4.030720"/>
      <trkpt lat="43.347510" lon="-4.030290"/>
      <trkpt lat="43.347400" lon="-4.029880"/>
      <trkpt lat="43.347310" lon="-4.029540"/>
      <trkpt lat="43.347220" lon="-4.029250"/>
      <trkpt lat="43.347140" lon="-4.028950"/>
      <trkpt lat="43.347030" lon="-4.028590"/>
      <trkpt lat="43.346910" lon="-4.028200"/>
      <trkpt lat="43.346780" lon="-4.027810"/>
      <trkpt lat="43.346670" lon="-4.027500"/>
      <trkpt lat="43.346590" lon="-4.027260"/>
      <trkpt lat="43.346500" lon="-4.027040"/>
      <trkpt lat="43.346400" lon="-4.026770"/>
      <trkpt lat="43.346320" lon="-4.026580"/>
      <trkpt lat="43.346220" lon="-4.026320"/>
      <trkpt lat="43.346090" lon="-4.025990"/>
      <trkpt lat="43.345940" lon="-4.025640"/>
      <trkpt lat="43.345790" lon="-4.025300"/>
      <trkpt lat="43.345640" lon="-4.024950"/>
      <trkpt lat="43.345550" lon="-4.024710"/>
      <trkpt lat="43.345420" lon="-4.024410"/>
      <trkpt lat="43.345350" lon="-4.024230"/>
      <trkpt lat="43.345280" lon="-4.024000"/>
      <trkpt lat="43.345160" lon="-4.023650"/>
      <trkpt lat="43.345090" lon="-4.023460"/>
      <trkpt lat="43.345040" lon="-4.023280"/>
      <trkpt lat="43.344970" lon="-4.023070"/>
      <trkpt lat="43.344870" lon="-4.022700"/>
      <trkpt lat="43.344770" lon="-4.022330"/>
      <trkpt lat="43.344720" lon="-4.022130"/>
      <trkpt lat="43.344670" lon="-4.021910"/>
      <trkpt lat="43.344620" lon="-4.021710"/>
      <trkpt lat="43.344580" lon="-4.021500"/>
      <trkpt lat="43.344530" lon="-4.021240"/>
      <trkpt lat="43.344470" lon="-4.020900"/>
      <trkpt lat="43.344430" lon="-4.020640"/>
      <trkpt lat="43.344390" lon="-4.020280"/>
      <trkpt lat="43.344360" lon="-4.020020"/>
      <trkpt lat="43.344320" lon="-4.019680"/>
      <trkpt lat="43.344300" lon="-4.019390"/>
      <trkpt lat="43.344280" lon="-4.019040"/>
      <trkpt lat="43.344270" lon="-4.018760"/>
      <trkpt lat="43.344260" lon="-4.018390"/>
      <trkpt lat="43.344260" lon="-4.018130"/>
      <trkpt lat="43.344270" lon="-4.017760"/>
      <trkpt lat="43.344270" lon="-4.017490"/>
      <trkpt lat="43.344290" lon="-4.017140"/>
      <trkpt lat="43.344310" lon="-4.016860"/>
      <trkpt lat="43.344340" lon="-4.016510"/>
      <trkpt lat="43.344370" lon="-4.016240"/>
      <trkpt lat="43.344410" lon="-4.015890"/>
      <trkpt lat="43.344450" lon="-4.015620"/>
      <trkpt lat="43.344500" lon="-4.015230"/>
      <trkpt lat="43.344560" lon="-4.014850"/>
      <trkpt lat="43.344630" lon="-4.014430"/>
      <trkpt lat="43.344660" lon="-4.014210"/>
      <trkpt lat="43.344690" lon="-4.014010"/>
      <trkpt lat="43.344720" lon="-4.013810"/>
      <trkpt lat="43.344750" lon="-4.013600"/>
      <trkpt lat="43.344780" lon="-4.013400"/>
      <trkpt lat="43.344810" lon="-4.013200"/>
      <trkpt lat="43.344840" lon="-4.012990"/>
      <trkpt lat="43.344870" lon="-4.012780"/>
      <trkpt lat="43.344900" lon="-4.012560"/>
      <trkpt lat="43.344930" lon="-4.012360"/>
      <trkpt lat="43.344970" lon="-4.011960"/>
      <trkpt lat="43.345020" lon="-4.011530"/>
      <trkpt lat="43.345050" lon="-4.011130"/>
      <trkpt lat="43.345090" lon="-4.010710"/>
      <trkpt lat="43.345130" lon="-4.010280"/>
      <trkpt lat="43.345170" lon="-4.009870"/>
      <trkpt lat="43.345220" lon="-4.009460"/>
      <trkpt lat="43.345260" lon="-4.009060"/>
      <trkpt lat="43.345310" lon="-4.008630"/>
      <trkpt lat="43.345350" lon="-4.008220"/>
      <trkpt lat="43.345400" lon="-4.007830"/>
      <trkpt lat="43.345460" lon="-4.007410"/>
      <trkpt lat="43.345510" lon="-4.007010"/>
      <trkpt lat="43.345570" lon="-4.006600"/>
      <trkpt lat="43.345630" lon="-4.006190"/>
      <trkpt lat="43.345680" lon="-4.005750"/>
      <trkpt lat="43.345710" lon="-4.005540"/>
      <trkpt lat="43.345740" lon="-4.005330"/>
      <trkpt lat="43.345760" lon="-4.005130"/>
      <trkpt lat="43.345780" lon="-4.004930"/>
      <trkpt lat="43.345800" lon="-4.004720"/>
      <trkpt lat="43.345820" lon="-4.004510"/>
      <trkpt lat="43.345840" lon="-4.004300"/>
      <trkpt lat="43.345860" lon="-4.004090"/>
      <trkpt lat="43.345870" lon="-4.003880"/>
      <trkpt lat="43.345880" lon="-4.003680"/>
      <trkpt lat="43.345890" lon="-4.003470"/>
      <trkpt lat="43.345900" lon="-4.003270"/>
      <trkpt lat="43.345910" lon="-4.003050"/>
      <trkpt lat="43.345920" lon="-4.002840"/>
      <trkpt lat="43.345920" lon="-4.002630"/>
      <trkpt lat="43.345930" lon="-4.002420"/>
      <trkpt lat="43.345930" lon="-4.002210"/>
      <trkpt lat="43.345920" lon="-4.002010"/>
      <trkpt lat="43.345920" lon="-4.001790"/>
      <trkpt lat="43.345910" lon="-4.001410"/>
      <trkpt lat="43.345900" lon="-4.001150"/>
      <trkpt lat="43.345890" lon="-4.000960"/>
      <trkpt lat="43.345880" lon="-4.000750"/>
      <trkpt lat="43.345870" lon="-4.000550"/>
      <trkpt lat="43.345850" lon="-4.000330"/>
      <trkpt lat="43.345830" lon="-4.000130"/>
      <trkpt lat="43.345800" lon="-3.999920"/>
      <trkpt lat="43.345780" lon="-3.999730"/>
      <trkpt lat="43.345750" lon="-3.999520"/>
      <trkpt lat="43.345720" lon="-3.999300"/>
      <trkpt lat="43.345690" lon="-3.999100"/>
      <trkpt lat="43.345670" lon="-3.998950"/>
      <trkpt lat="43.345640" lon="-3.998790"/>
      <trkpt lat="43.345600" lon="-3.998580"/>
      <trkpt lat="43.345560" lon="-3.998380"/>
      <trkpt lat="43.345520" lon="-3.998180"/>
      <trkpt lat="43.345480" lon="-3.997980"/>
      <trkpt lat="43.345430" lon="-3.997780"/>
      <trkpt lat="43.345380" lon="-3.997580"/>
      <trkpt lat="43.345330" lon="-3.997390"/>
      <trkpt lat="43.345280" lon="-3.997190"/>
      <trkpt lat="43.345220" lon="-3.997000"/>
      <trkpt lat="43.345160" lon="-3.996800"/>
      <trkpt lat="43.345100" lon="-3.996610"/>
      <trkpt lat="43.345040" lon="-3.996410"/>
      <trkpt lat="43.344980" lon="-3.996230"/>
      <trkpt lat="43.344910" lon="-3.996040"/>
      <trkpt lat="43.344840" lon="-3.995860"/>
      <trkpt lat="43.344770" lon="-3.995660"/>
      <trkpt lat="43.344720" lon="-3.995560"/>
      <trkpt lat="43.344660" lon="-3.995410"/>
      <trkpt lat="43.344450" lon="-3.994940"/>
      <trkpt lat="43.344370" lon="-3.994770"/>
      <trkpt lat="43.344290" lon="-3.994600"/>
      <trkpt lat="43.344190" lon="-3.994400"/>
      <trkpt lat="43.344100" lon="-3.994230"/>
      <trkpt lat="43.344020" lon="-3.994080"/>
      <trkpt lat="43.343920" lon="-3.993910"/>
      <trkpt lat="43.343830" lon="-3.993750"/>
      <trkpt lat="43.343730" lon="-3.993590"/>
      <trkpt lat="43.343630" lon="-3.993440"/>
      <trkpt lat="43.343520" lon="-3.993290"/>
      <trkpt lat="43.343420" lon="-3.993140"/>
      <trkpt lat="43.343310" lon="-3.992990"/>
      <trkpt lat="43.343200" lon="-3.992850"/>
      <trkpt lat="43.343080" lon="-3.992700"/>
      <trkpt lat="43.342960" lon="-3.992570"/>
      <trkpt lat="43.342850" lon="-3.992430"/>
      <trkpt lat="43.342730" lon="-3.992300"/>
      <trkpt lat="43.342610" lon="-3.992180"/>
      <trkpt lat="43.342480" lon="-3.992060"/>
      <trkpt lat="43.342360" lon="-3.991930"/>
      <trkpt lat="43.342240" lon="-3.991810"/>
      <trkpt lat="43.342110" lon="-3.991690"/>
      <trkpt lat="43.341990" lon="-3.991570"/>
      <trkpt lat="43.341870" lon="-3.991460"/>
      <trkpt lat="43.341740" lon="-3.991330"/>
      <trkpt lat="43.341620" lon="-3.991220"/>
      <trkpt lat="43.341490" lon="-3.991090"/>
      <trkpt lat="43.341360" lon="-3.990970"/>
      <trkpt lat="43.341240" lon="-3.990840"/>
      <trkpt lat="43.341120" lon="-3.990710"/>
      <trkpt lat="43.341000" lon="-3.990580"/>
      <trkpt lat="43.340890" lon="-3.990460"/>
      <trkpt lat="43.340770" lon="-3.990320"/>
      <trkpt lat="43.340650" lon="-3.990180"/>
      <trkpt lat="43.340540" lon="-3.990040"/>
      <trkpt lat="43.340430" lon="-3.989900"/>
      <trkpt lat="43.340320" lon="-3.989750"/>
      <trkpt lat="43.340210" lon="-3.989600"/>
      <trkpt lat="43.340100" lon="-3.989450"/>
      <trkpt lat="43.340000" lon="-3.989300"/>
      <trkpt lat="43.339900" lon="-3.989140"/>
      <trkpt lat="43.339800" lon="-3.988980"/>
      <trkpt lat="43.339700" lon="-3.988820"/>
      <trkpt lat="43.339610" lon="-3.988660"/>
      <trkpt lat="43.339510" lon="-3.988490"/>
      <trkpt lat="43.339420" lon="-3.988330"/>
      <trkpt lat="43.339330" lon="-3.988160"/>
      <trkpt lat="43.339250" lon="-3.988020"/>
      <trkpt lat="43.339160" lon="-3.987850"/>
      <trkpt lat="43.339060" lon="-3.987650"/>
      <trkpt lat="43.338970" lon="-3.987490"/>
      <trkpt lat="43.338880" lon="-3.987320"/>
      <trkpt lat="43.338790" lon="-3.987150"/>
      <trkpt lat="43.338700" lon="-3.986980"/>
      <trkpt lat="43.338600" lon="-3.986810"/>
      <trkpt lat="43.338510" lon="-3.986650"/>
      <trkpt lat="43.338420" lon="-3.986490"/>
      <trkpt lat="43.338320" lon="-3.986330"/>
      <trkpt lat="43.338220" lon="-3.986170"/>
      <trkpt lat="43.338110" lon="-3.986020"/>
      <trkpt lat="43.338010" lon="-3.985870"/>
      <trkpt lat="43.337900" lon="-3.985720"/>
      <trkpt lat="43.337790" lon="-3.985580"/>
      <trkpt lat="43.337680" lon="-3.985430"/>
      <trkpt lat="43.337560" lon="-3.985290"/>
      <trkpt lat="43.337450" lon="-3.985160"/>
      <trkpt lat="43.337340" lon="-3.985030"/>
      <trkpt lat="43.337210" lon="-3.984900"/>
      <trkpt lat="43.337090" lon="-3.984770"/>
      <trkpt lat="43.336970" lon="-3.984650"/>
      <trkpt lat="43.336850" lon="-3.984530"/>
      <trkpt lat="43.336720" lon="-3.984410"/>
      <trkpt lat="43.336590" lon="-3.984300"/>
      <trkpt lat="43.336460" lon="-3.984180"/>
      <trkpt lat="43.336340" lon="-3.984070"/>
      <trkpt lat="43.336210" lon="-3.983950"/>
      <trkpt lat="43.336080" lon="-3.983840"/>
      <trkpt lat="43.335950" lon="-3.983730"/>
      <trkpt lat="43.335820" lon="-3.983620"/>
      <trkpt lat="43.335790" lon="-3.983590"/>
      <trkpt lat="43.335710" lon="-3.983510"/>
      <trkpt lat="43.335660" lon="-3.983470"/>
      <trkpt lat="43.335560" lon="-3.983380"/>
      <trkpt lat="43.335440" lon="-3.983260"/>
      <trkpt lat="43.335310" lon="-3.983140"/>
      <trkpt lat="43.335190" lon="-3.983020"/>
      <trkpt lat="43.335070" lon="-3.982890"/>
      <trkpt lat="43.334940" lon="-3.982750"/>
      <trkpt lat="43.334820" lon="-3.982620"/>
      <trkpt lat="43.334700" lon="-3.982480"/>
      <trkpt lat="43.334580" lon="-3.982340"/>
      <trkpt lat="43.334470" lon="-3.982200"/>
      <trkpt lat="43.334360" lon="-3.982050"/>
      <trkpt lat="43.334250" lon="-3.981910"/>
      <trkpt lat="43.334140" lon="-3.981760"/>
      <trkpt lat="43.334030" lon="-3.981610"/>
      <trkpt lat="43.333930" lon="-3.981460"/>
      <trkpt lat="43.333830" lon="-3.981300"/>
      <trkpt lat="43.333730" lon="-3.981140"/>
      <trkpt lat="43.333630" lon="-3.980980"/>
      <trkpt lat="43.333530" lon="-3.980820"/>
      <trkpt lat="43.333440" lon="-3.980650"/>
      <trkpt lat="43.333340" lon="-3.980480"/>
      <trkpt lat="43.333260" lon="-3.980320"/>
      <trkpt lat="43.333170" lon="-3.980140"/>
      <trkpt lat="43.333080" lon="-3.979970"/>
      <trkpt lat="43.333000" lon="-3.979800"/>
      <trkpt lat="43.332920" lon="-3.979620"/>
      <trkpt lat="43.332830" lon="-3.979430"/>
      <trkpt lat="43.332760" lon="-3.979260"/>
      <trkpt lat="43.332680" lon="-3.979070"/>
      <trkpt lat="43.332610" lon="-3.978890"/>
      <trkpt lat="43.332540" lon="-3.978710"/>
      <trkpt lat="43.332470" lon="-3.978520"/>
      <trkpt lat="43.332410" lon="-3.978330"/>
      <trkpt lat="43.332340" lon="-3.978130"/>
      <trkpt lat="43.332280" lon="-3.977940"/>
      <trkpt lat="43.332230" lon="-3.977750"/>
      <trkpt lat="43.332170" lon="-3.977560"/>
      <trkpt lat="43.332120" lon="-3.977360"/>
      <trkpt lat="43.332070" lon="-3.977160"/>
      <trkpt lat="43.332020" lon="-3.976970"/>
      <trkpt lat="43.331970" lon="-3.976760"/>
      <trkpt lat="43.331930" lon="-3.976580"/>
      <trkpt lat="43.331890" lon="-3.976360"/>
      <trkpt lat="43.331850" lon="-3.976160"/>
      <trkpt lat="43.331810" lon="-3.975960"/>
      <trkpt lat="43.331780" lon="-3.975750"/>
      <trkpt lat="43.331750" lon="-3.975540"/>
      <trkpt lat="43.331720" lon="-3.975340"/>
      <trkpt lat="43.331690" lon="-3.975130"/>
      <trkpt lat="43.331670" lon="-3.974930"/>
      <trkpt lat="43.331650" lon="-3.974720"/>
      <trkpt lat="43.331630" lon="-3.974510"/>
      <trkpt lat="43.331620" lon="-3.974310"/>
      <trkpt lat="43.331600" lon="-3.974090"/>
      <trkpt lat="43.331590" lon="-3.973890"/>
      <trkpt lat="43.331590" lon="-3.973680"/>
      <trkpt lat="43.331580" lon="-3.973470"/>
      <trkpt lat="43.331580" lon="-3.973260"/>
      <trkpt lat="43.331570" lon="-3.973050"/>
      <trkpt lat="43.331570" lon="-3.972840"/>
      <trkpt lat="43.331570" lon="-3.972630"/>
      <trkpt lat="43.331570" lon="-3.972420"/>
      <trkpt lat="43.331570" lon="-3.972210"/>
      <trkpt lat="43.331570" lon="-3.972000"/>
      <trkpt lat="43.331570" lon="-3.971790"/>
      <trkpt lat="43.331570" lon="-3.971580"/>
      <trkpt lat="43.331570" lon="-3.971370"/>
      <trkpt lat="43.331560" lon="-3.971160"/>
      <trkpt lat="43.331560" lon="-3.970960"/>
      <trkpt lat="43.331550" lon="-3.970750"/>
      <trkpt lat="43.331540" lon="-3.970540"/>
      <trkpt lat="43.331520" lon="-3.970330"/>
      <trkpt lat="43.331510" lon="-3.970120"/>
      <trkpt lat="43.331490" lon="-3.969910"/>
      <trkpt lat="43.331470" lon="-3.969710"/>
      <trkpt lat="43.331440" lon="-3.969510"/>
      <trkpt lat="43.331410" lon="-3.969300"/>
      <trkpt lat="43.331380" lon="-3.969100"/>
      <trkpt lat="43.331350" lon="-3.968890"/>
      <trkpt lat="43.331310" lon="-3.968690"/>
      <trkpt lat="43.331270" lon="-3.968490"/>
      <trkpt lat="43.331230" lon="-3.968290"/>
      <trkpt lat="43.331180" lon="-3.968090"/>
      <trkpt lat="43.331130" lon="-3.967890"/>
      <trkpt lat="43.331080" lon="-3.967690"/>
      <trkpt lat="43.331030" lon="-3.967500"/>
      <trkpt lat="43.330970" lon="-3.967310"/>
      <trkpt lat="43.330910" lon="-3.967110"/>
      <trkpt lat="43.330850" lon="-3.966920"/>
      <trkpt lat="43.330780" lon="-3.966740"/>
      <trkpt lat="43.330710" lon="-3.966550"/>
      <trkpt lat="43.330650" lon="-3.966370"/>
      <trkpt lat="43.330570" lon="-3.966180"/>
      <trkpt lat="43.330490" lon="-3.966000"/>
      <trkpt lat="43.330420" lon="-3.965820"/>
      <trkpt lat="43.330330" lon="-3.965640"/>
      <trkpt lat="43.330250" lon="-3.965470"/>
      <trkpt lat="43.330160" lon="-3.965290"/>
      <trkpt lat="43.330080" lon="-3.965120"/>
      <trkpt lat="43.329990" lon="-3.964960"/>
      <trkpt lat="43.329890" lon="-3.964790"/>
      <trkpt lat="43.329800" lon="-3.964630"/>
      <trkpt lat="43.329700" lon="-3.964470"/>
      <trkpt lat="43.329600" lon="-3.964310"/>
      <trkpt lat="43.329500" lon="-3.964160"/>
      <trkpt lat="43.329390" lon="-3.964000"/>
      <trkpt lat="43.329280" lon="-3.963860"/>
      <trkpt lat="43.329070" lon="-3.963560"/>
      <trkpt lat="43.328840" lon="-3.963280"/>
      <trkpt lat="43.328500" lon="-3.962850"/>
      <trkpt lat="43.328160" lon="-3.962440"/>
      <trkpt lat="43.327930" lon="-3.962150"/>
      <trkpt lat="43.327710" lon="-3.961880"/>
      <trkpt lat="43.327480" lon="-3.961590"/>
      <trkpt lat="43.327260" lon="-3.961310"/>
      <trkpt lat="43.327030" lon="-3.961030"/>
      <trkpt lat="43.326920" lon="-3.960890"/>
      <trkpt lat="43.326800" lon="-3.960750"/>
      <trkpt lat="43.326580" lon="-3.960480"/>
      <trkpt lat="43.326470" lon="-3.960340"/>
      <trkpt lat="43.326130" lon="-3.959930"/>
      <trkpt lat="43.325800" lon="-3.959510"/>
      <trkpt lat="43.325470" lon="-3.959080"/>
      <trkpt lat="43.325130" lon="-3.958650"/>
      <trkpt lat="43.324800" lon="-3.958220"/>
      <trkpt lat="43.324470" lon="-3.957780"/>
      <trkpt lat="43.323940" lon="-3.957060"/>
      <trkpt lat="43.323290" lon="-3.956160"/>
      <trkpt lat="43.322960" lon="-3.955700"/>
      <trkpt lat="43.322640" lon="-3.955250"/>
      <trkpt lat="43.322330" lon="-3.954800"/>
      <trkpt lat="43.322010" lon="-3.954350"/>
      <trkpt lat="43.321900" lon="-3.954200"/>
      <trkpt lat="43.321690" lon="-3.953900"/>
      <trkpt lat="43.321470" lon="-3.953600"/>
      <trkpt lat="43.321260" lon="-3.953300"/>
      <trkpt lat="43.321150" lon="-3.953150"/>
      <trkpt lat="43.321040" lon="-3.953010"/>
      <trkpt lat="43.320930" lon="-3.952870"/>
      <trkpt lat="43.320810" lon="-3.952730"/>
      <trkpt lat="43.320700" lon="-3.952590"/>
      <trkpt lat="43.320580" lon="-3.952460"/>
      <trkpt lat="43.320460" lon="-3.952330"/>
      <trkpt lat="43.320330" lon="-3.952210"/>
      <trkpt lat="43.320210" lon="-3.952100"/>
      <trkpt lat="43.320080" lon="-3.951980"/>
      <trkpt lat="43.319950" lon="-3.951870"/>
      <trkpt lat="43.319820" lon="-3.951760"/>
      <trkpt lat="43.319690" lon="-3.951660"/>
      <trkpt lat="43.319550" lon="-3.951570"/>
      <trkpt lat="43.319410" lon="-3.951470"/>
      <trkpt lat="43.319280" lon="-3.951390"/>
      <trkpt lat="43.319140" lon="-3.951310"/>
      <trkpt lat="43.318990" lon="-3.951220"/>
      <trkpt lat="43.318850" lon="-3.951150"/>
      <trkpt lat="43.318710" lon="-3.951080"/>
      <trkpt lat="43.318560" lon="-3.951010"/>
      <trkpt lat="43.318410" lon="-3.950950"/>
      <trkpt lat="43.318270" lon="-3.950880"/>
      <trkpt lat="43.318120" lon="-3.950820"/>
      <trkpt lat="43.317980" lon="-3.950760"/>
      <trkpt lat="43.317830" lon="-3.950700"/>
      <trkpt lat="43.317690" lon="-3.950640"/>
      <trkpt lat="43.317540" lon="-3.950570"/>
      <trkpt lat="43.317400" lon="-3.950510"/>
      <trkpt lat="43.317250" lon="-3.950440"/>
      <trkpt lat="43.317110" lon="-3.950360"/>
      <trkpt lat="43.316970" lon="-3.950290"/>
      <trkpt lat="43.316830" lon="-3.950210"/>
      <trkpt lat="43.316690" lon="-3.950130"/>
      <trkpt lat="43.316550" lon="-3.950040"/>
      <trkpt lat="43.316410" lon="-3.949950"/>
      <trkpt lat="43.316280" lon="-3.949850"/>
      <trkpt lat="43.316150" lon="-3.949750"/>
      <trkpt lat="43.316020" lon="-3.949640"/>
      <trkpt lat="43.315890" lon="-3.949530"/>
      <trkpt lat="43.315760" lon="-3.949410"/>
      <trkpt lat="43.315640" lon="-3.949300"/>
      <trkpt lat="43.315510" lon="-3.949180"/>
      <trkpt lat="43.315390" lon="-3.949050"/>
      <trkpt lat="43.315270" lon="-3.948920"/>
      <trkpt lat="43.315150" lon="-3.948800"/>
      <trkpt lat="43.315030" lon="-3.948660"/>
      <trkpt lat="43.314920" lon="-3.948540"/>
      <trkpt lat="43.314790" lon="-3.948390"/>
      <trkpt lat="43.314680" lon="-3.948260"/>
      <trkpt lat="43.314560" lon="-3.948120"/>
      <trkpt lat="43.314450" lon="-3.947980"/>
      <trkpt lat="43.314330" lon="-3.947840"/>
      <trkpt lat="43.314220" lon="-3.947700"/>
      <trkpt lat="43.314100" lon="-3.947560"/>
      <trkpt lat="43.313990" lon="-3.947410"/>
      <trkpt lat="43.313870" lon="-3.947260"/>
      <trkpt lat="43.313770" lon="-3.947130"/>
      <trkpt lat="43.313670" lon="-3.946990"/>
      <trkpt lat="43.313560" lon="-3.946840"/>
      <trkpt lat="43.313450" lon="-3.946690"/>
      <trkpt lat="43.313350" lon="-3.946550"/>
      <trkpt lat="43.313240" lon="-3.946390"/>
      <trkpt lat="43.313080" lon="-3.946150"/>
      <trkpt lat="43.313030" lon="-3.946080"/>
      <trkpt lat="43.312920" lon="-3.945920"/>
      <trkpt lat="43.312820" lon="-3.945770"/>
      <trkpt lat="43.312720" lon="-3.945610"/>
      <trkpt lat="43.312620" lon="-3.945450"/>
      <trkpt lat="43.312520" lon="-3.945290"/>
      <trkpt lat="43.312430" lon="-3.945130"/>
      <trkpt lat="43.312340" lon="-3.944960"/>
      <trkpt lat="43.312240" lon="-3.944790"/>
      <trkpt lat="43.312160" lon="-3.944620"/>
      <trkpt lat="43.312070" lon="-3.944450"/>
      <trkpt lat="43.311990" lon="-3.944270"/>
      <trkpt lat="43.311910" lon="-3.944090"/>
      <trkpt lat="43.311840" lon="-3.943910"/>
      <trkpt lat="43.311770" lon="-3.943720"/>
      <trkpt lat="43.311700" lon="-3.943530"/>
      <trkpt lat="43.311630" lon="-3.943340"/>
      <trkpt lat="43.311570" lon="-3.943150"/>
      <trkpt lat="43.311510" lon="-3.942960"/>
      <trkpt lat="43.311460" lon="-3.942770"/>
      <trkpt lat="43.311400" lon="-3.942560"/>
      <trkpt lat="43.311350" lon="-3.942370"/>
      <trkpt lat="43.311310" lon="-3.942170"/>
      <trkpt lat="43.311270" lon="-3.941970"/>
      <trkpt lat="43.311230" lon="-3.941760"/>
      <trkpt lat="43.311200" lon="-3.941560"/>
      <trkpt lat="43.311170" lon="-3.941360"/>
      <trkpt lat="43.311140" lon="-3.941150"/>
      <trkpt lat="43.311120" lon="-3.940940"/>
      <trkpt lat="43.311100" lon="-3.940740"/>
      <trkpt lat="43.311080" lon="-3.940530"/>
      <trkpt lat="43.311070" lon="-3.940320"/>
      <trkpt lat="43.311060" lon="-3.940110"/>
      <trkpt lat="43.311050" lon="-3.939900"/>
      <trkpt lat="43.311050" lon="-3.939690"/>
      <trkpt lat="43.311050" lon="-3.939480"/>
      <trkpt lat="43.311060" lon="-3.939270"/>
      <trkpt lat="43.311070" lon="-3.939060"/>
      <trkpt lat="43.311080" lon="-3.938850"/>
      <trkpt lat="43.311100" lon="-3.938640"/>
      <trkpt lat="43.311120" lon="-3.938440"/>
      <trkpt lat="43.311140" lon="-3.938230"/>
      <trkpt lat="43.311170" lon="-3.938020"/>
      <trkpt lat="43.311200" lon="-3.937820"/>
      <trkpt lat="43.311230" lon="-3.937610"/>
      <trkpt lat="43.311270" lon="-3.937410"/>
      <trkpt lat="43.311300" lon="-3.937230"/>
      <trkpt lat="43.311350" lon="-3.937010"/>
      <trkpt lat="43.311400" lon="-3.936810"/>
      <trkpt lat="43.311440" lon="-3.936610"/>
      <trkpt lat="43.311490" lon="-3.936410"/>
      <trkpt lat="43.311540" lon="-3.936210"/>
      <trkpt lat="43.311590" lon="-3.936010"/>
      <trkpt lat="43.311640" lon="-3.935810"/>
      <trkpt lat="43.311690" lon="-3.935620"/>
      <trkpt lat="43.311740" lon="-3.935420"/>
      <trkpt lat="43.311790" lon="-3.935210"/>
      <trkpt lat="43.311830" lon="-3.935010"/>
      <trkpt lat="43.311870" lon="-3.934820"/>
      <trkpt lat="43.311920" lon="-3.934610"/>
      <trkpt lat="43.311960" lon="-3.934400"/>
      <trkpt lat="43.311990" lon="-3.934240"/>
      <trkpt lat="43.312030" lon="-3.934000"/>
      <trkpt lat="43.312070" lon="-3.933800"/>
      <trkpt lat="43.312100" lon="-3.933590"/>
      <trkpt lat="43.312120" lon="-3.933380"/>
      <trkpt lat="43.312150" lon="-3.933170"/>
      <trkpt lat="43.312170" lon="-3.932970"/>
      <trkpt lat="43.312190" lon="-3.932760"/>
      <trkpt lat="43.312210" lon="-3.932550"/>
      <trkpt lat="43.312220" lon="-3.932340"/>
      <trkpt lat="43.312230" lon="-3.932140"/>
      <trkpt lat="43.312240" lon="-3.931920"/>
      <trkpt lat="43.312250" lon="-3.931710"/>
      <trkpt lat="43.312260" lon="-3.931500"/>
      <trkpt lat="43.312260" lon="-3.931290"/>
      <trkpt lat="43.312260" lon="-3.931080"/>
      <trkpt lat="43.312260" lon="-3.930870"/>
      <trkpt lat="43.312250" lon="-3.930660"/>
      <trkpt lat="43.312240" lon="-3.930450"/>
      <trkpt lat="43.312230" lon="-3.930240"/>
      <trkpt lat="43.312210" lon="-3.930040"/>
      <trkpt lat="43.312200" lon="-3.929820"/>
      <trkpt lat="43.312180" lon="-3.929640"/>
      <trkpt lat="43.312160" lon="-3.929410"/>
      <trkpt lat="43.312130" lon="-3.929200"/>
      <trkpt lat="43.312110" lon="-3.928990"/>
      <trkpt lat="43.312080" lon="-3.928790"/>
      <trkpt lat="43.312050" lon="-3.928580"/>
      <trkpt lat="43.312020" lon="-3.928380"/>
      <trkpt lat="43.311980" lon="-3.928170"/>
      <trkpt lat="43.311950" lon="-3.927970"/>
      <trkpt lat="43.311920" lon="-3.927760"/>
      <trkpt lat="43.311880" lon="-3.927560"/>
      <trkpt lat="43.311850" lon="-3.927350"/>
      <trkpt lat="43.311820" lon="-3.927140"/>
      <trkpt lat="43.311790" lon="-3.926940"/>
      <trkpt lat="43.311760" lon="-3.926740"/>
      <trkpt lat="43.311730" lon="-3.926530"/>
      <trkpt lat="43.311700" lon="-3.926320"/>
      <trkpt lat="43.311680" lon="-3.926110"/>
      <trkpt lat="43.311660" lon="-3.925910"/>
      <trkpt lat="43.311640" lon="-3.925700"/>
      <trkpt lat="43.311630" lon="-3.925490"/>
      <trkpt lat="43.311610" lon="-3.925290"/>
      <trkpt lat="43.311600" lon="-3.925080"/>
      <trkpt lat="43.311600" lon="-3.924870"/>
      <trkpt lat="43.311590" lon="-3.924650"/>
      <trkpt lat="43.311590" lon="-3.924440"/>
      <trkpt lat="43.311600" lon="-3.924240"/>
      <trkpt lat="43.311600" lon="-3.924030"/>
      <trkpt lat="43.311610" lon="-3.923820"/>
      <trkpt lat="43.311620" lon="-3.923610"/>
      <trkpt lat="43.311630" lon="-3.923410"/>
      <trkpt lat="43.311650" lon="-3.923190"/>
      <trkpt lat="43.311670" lon="-3.922980"/>
      <trkpt lat="43.311690" lon="-3.922780"/>
      <trkpt lat="43.311710" lon="-3.922570"/>
      <trkpt lat="43.311730" lon="-3.922360"/>
      <trkpt lat="43.311750" lon="-3.922160"/>
      <trkpt lat="43.311780" lon="-3.921950"/>
      <trkpt lat="43.311800" lon="-3.921740"/>
      <trkpt lat="43.311820" lon="-3.921530"/>
      <trkpt lat="43.311840" lon="-3.921330"/>
      <trkpt lat="43.311860" lon="-3.921160"/>
      <trkpt lat="43.311880" lon="-3.921000"/>
      <trkpt lat="43.311900" lon="-3.920800"/>
      <trkpt lat="43.311920" lon="-3.920590"/>
      <trkpt lat="43.311940" lon="-3.920380"/>
      <trkpt lat="43.311950" lon="-3.920170"/>
      <trkpt lat="43.311970" lon="-3.919970"/>
      <trkpt lat="43.311990" lon="-3.919760"/>
      <trkpt lat="43.312010" lon="-3.919550"/>
      <trkpt lat="43.312030" lon="-3.919340"/>
      <trkpt lat="43.312040" lon="-3.919140"/>
      <trkpt lat="43.312060" lon="-3.918930"/>
      <trkpt lat="43.312070" lon="-3.918730"/>
      <trkpt lat="43.312090" lon="-3.918510"/>
      <trkpt lat="43.312100" lon="-3.918310"/>
      <trkpt lat="43.312110" lon="-3.918100"/>
      <trkpt lat="43.312130" lon="-3.917890"/>
      <trkpt lat="43.312140" lon="-3.917680"/>
      <trkpt lat="43.312150" lon="-3.917480"/>
      <trkpt lat="43.312160" lon="-3.917270"/>
      <trkpt lat="43.312180" lon="-3.917060"/>
      <trkpt lat="43.312190" lon="-3.916850"/>
      <trkpt lat="43.312200" lon="-3.916650"/>
      <trkpt lat="43.312210" lon="-3.916440"/>
      <trkpt lat="43.312210" lon="-3.916230"/>
      <trkpt lat="43.312220" lon="-3.916020"/>
      <trkpt lat="43.312230" lon="-3.915810"/>
      <trkpt lat="43.312240" lon="-3.915610"/>
      <trkpt lat="43.312250" lon="-3.915390"/>
      <trkpt lat="43.312250" lon="-3.915190"/>
      <trkpt lat="43.312260" lon="-3.914980"/>
      <trkpt lat="43.312270" lon="-3.914770"/>
      <trkpt lat="43.312280" lon="-3.914560"/>
      <trkpt lat="43.312290" lon="-3.914150"/>
      <trkpt lat="43.312300" lon="-3.913940"/>
      <trkpt lat="43.312320" lon="-3.913340"/>
      <trkpt lat="43.312340" lon="-3.912700"/>
      <trkpt lat="43.312370" lon="-3.912060"/>
      <trkpt lat="43.312410" lon="-3.911230"/>
      <trkpt lat="43.312420" lon="-3.911020"/>
      <trkpt lat="43.312430" lon="-3.910810"/>
      <trkpt lat="43.312460" lon="-3.910400"/>
      <trkpt lat="43.312470" lon="-3.910190"/>
      <trkpt lat="43.312490" lon="-3.909970"/>
      <trkpt lat="43.312500" lon="-3.909770"/>
      <trkpt lat="43.312530" lon="-3.909470"/>
      <trkpt lat="43.312560" lon="-3.909140"/>
      <trkpt lat="43.312600" lon="-3.908740"/>
      <trkpt lat="43.312640" lon="-3.908320"/>
      <trkpt lat="43.312680" lon="-3.907900"/>
      <trkpt lat="43.312730" lon="-3.907490"/>
      <trkpt lat="43.312770" lon="-3.907090"/>
      <trkpt lat="43.312820" lon="-3.906670"/>
      <trkpt lat="43.312870" lon="-3.906280"/>
      <trkpt lat="43.312930" lon="-3.905850"/>
      <trkpt lat="43.312990" lon="-3.905440"/>
      <trkpt lat="43.313040" lon="-3.905170"/>
      <trkpt lat="43.313090" lon="-3.904830"/>
      <trkpt lat="43.313190" lon="-3.904220"/>
      <trkpt lat="43.313260" lon="-3.903800"/>
      <trkpt lat="43.313330" lon="-3.903410"/>
      <trkpt lat="43.313440" lon="-3.902800"/>
      <trkpt lat="43.313510" lon="-3.902390"/>
      <trkpt lat="43.313590" lon="-3.901990"/>
      <trkpt lat="43.313660" lon="-3.901590"/>
      <trkpt lat="43.313730" lon="-3.901210"/>
      <trkpt lat="43.313800" lon="-3.900850"/>
      <trkpt lat="43.313880" lon="-3.900440"/>
      <trkpt lat="43.313950" lon="-3.900030"/>
      <trkpt lat="43.313990" lon="-3.899820"/>
      <trkpt lat="43.314030" lon="-3.899600"/>
      <trkpt lat="43.314070" lon="-3.899410"/>
      <trkpt lat="43.314100" lon="-3.899200"/>
      <trkpt lat="43.314130" lon="-3.899000"/>
      <trkpt lat="43.314160" lon="-3.898810"/>
      <trkpt lat="43.314200" lon="-3.898600"/>
      <trkpt lat="43.314220" lon="-3.898380"/>
      <trkpt lat="43.314250" lon="-3.898180"/>
      <trkpt lat="43.314280" lon="-3.897970"/>
      <trkpt lat="43.314300" lon="-3.897770"/>
      <trkpt lat="43.314320" lon="-3.897560"/>
      <trkpt lat="43.314340" lon="-3.897350"/>
      <trkpt lat="43.314360" lon="-3.897140"/>
      <trkpt lat="43.314370" lon="-3.896940"/>
      <trkpt lat="43.314390" lon="-3.896730"/>
      <trkpt lat="43.314400" lon="-3.896540"/>
      <trkpt lat="43.314410" lon="-3.896310"/>
      <trkpt lat="43.314420" lon="-3.896100"/>
      <trkpt lat="43.314430" lon="-3.895890"/>
      <trkpt lat="43.314430" lon="-3.895680"/>
      <trkpt lat="43.314430" lon="-3.895470"/>
      <trkpt lat="43.314430" lon="-3.895250"/>
      <trkpt lat="43.314430" lon="-3.895050"/>
      <trkpt lat="43.314430" lon="-3.894840"/>
      <trkpt lat="43.314420" lon="-3.894640"/>
      <trkpt lat="43.314420" lon="-3.894430"/>
      <trkpt lat="43.314410" lon="-3.894210"/>
      <trkpt lat="43.314400" lon="-3.894010"/>
      <trkpt lat="43.314390" lon="-3.893800"/>
      <trkpt lat="43.314370" lon="-3.893590"/>
      <trkpt lat="43.314360" lon="-3.893390"/>
      <trkpt lat="43.314340" lon="-3.893170"/>
      <trkpt lat="43.314320" lon="-3.892970"/>
      <trkpt lat="43.314300" lon="-3.892760"/>
      <trkpt lat="43.314280" lon="-3.892550"/>
      <trkpt lat="43.314250" lon="-3.892340"/>
      <trkpt lat="43.314220" lon="-3.892130"/>
      <trkpt lat="43.314200" lon="-3.891930"/>
      <trkpt lat="43.314170" lon="-3.891730"/>
      <trkpt lat="43.314140" lon="-3.891520"/>
      <trkpt lat="43.314100" lon="-3.891320"/>
      <trkpt lat="43.314070" lon="-3.891120"/>
      <trkpt lat="43.314030" lon="-3.890910"/>
      <trkpt lat="43.313980" lon="-3.890710"/>
      <trkpt lat="43.313940" lon="-3.890510"/>
      <trkpt lat="43.313900" lon="-3.890310"/>
      <trkpt lat="43.313850" lon="-3.890100"/>
      <trkpt lat="43.313810" lon="-3.889910"/>
      <trkpt lat="43.313760" lon="-3.889710"/>
      <trkpt lat="43.313710" lon="-3.889510"/>
      <trkpt lat="43.313660" lon="-3.889310"/>
      <trkpt lat="43.313600" lon="-3.889120"/>
      <trkpt lat="43.313550" lon="-3.888920"/>
      <trkpt lat="43.313490" lon="-3.888730"/>
      <trkpt lat="43.313430" lon="-3.888530"/>
      <trkpt lat="43.313370" lon="-3.888340"/>
      <trkpt lat="43.313310" lon="-3.888140"/>
      <trkpt lat="43.313240" lon="-3.887950"/>
      <trkpt lat="43.313180" lon="-3.887760"/>
      <trkpt lat="43.313120" lon="-3.887570"/>
      <trkpt lat="43.313060" lon="-3.887380"/>
      <trkpt lat="43.312990" lon="-3.887180"/>
      <trkpt lat="43.312930" lon="-3.887010"/>
      <trkpt lat="43.312870" lon="-3.886810"/>
      <trkpt lat="43.312810" lon="-3.886620"/>
      <trkpt lat="43.312750" lon="-3.886430"/>
      <trkpt lat="43.312690" lon="-3.886230"/>
      <trkpt lat="43.312630" lon="-3.886030"/>
      <trkpt lat="43.312570" lon="-3.885800"/>
      <trkpt lat="43.312520" lon="-3.885640"/>
      <trkpt lat="43.312480" lon="-3.885440"/>
      <trkpt lat="43.312430" lon="-3.885230"/>
      <trkpt lat="43.312390" lon="-3.885030"/>
      <trkpt lat="43.312350" lon="-3.884830"/>
      <trkpt lat="43.312310" lon="-3.884620"/>
      <trkpt lat="43.312290" lon="-3.884530"/>
      <trkpt lat="43.312270" lon="-3.884410"/>
      <trkpt lat="43.312250" lon="-3.884210"/>
      <trkpt lat="43.312220" lon="-3.884010"/>
      <trkpt lat="43.312190" lon="-3.883800"/>
      <trkpt lat="43.312170" lon="-3.883600"/>
      <trkpt lat="43.312160" lon="-3.883390"/>
      <trkpt lat="43.312140" lon="-3.883180"/>
      <trkpt lat="43.312130" lon="-3.882970"/>
      <trkpt lat="43.312120" lon="-3.882760"/>
      <trkpt lat="43.312120" lon="-3.882560"/>
      <trkpt lat="43.312120" lon="-3.882340"/>
      <trkpt lat="43.312120" lon="-3.882130"/>
      <trkpt lat="43.312120" lon="-3.881920"/>
      <trkpt lat="43.312130" lon="-3.881720"/>
      <trkpt lat="43.312140" lon="-3.881510"/>
      <trkpt lat="43.312160" lon="-3.881310"/>
      <trkpt lat="43.312170" lon="-3.881090"/>
      <trkpt lat="43.312190" lon="-3.880880"/>
      <trkpt lat="43.312220" lon="-3.880670"/>
      <trkpt lat="43.312240" lon="-3.880470"/>
      <trkpt lat="43.312270" lon="-3.880260"/>
      <trkpt lat="43.312310" lon="-3.880060"/>
      <trkpt lat="43.312340" lon="-3.879860"/>
      <trkpt lat="43.312380" lon="-3.879650"/>
      <trkpt lat="43.312430" lon="-3.879450"/>
      <trkpt lat="43.312470" lon="-3.879250"/>
      <trkpt lat="43.312520" lon="-3.879060"/>
      <trkpt lat="43.312580" lon="-3.878860"/>
      <trkpt lat="43.312630" lon="-3.878660"/>
      <trkpt lat="43.312690" lon="-3.878470"/>
      <trkpt lat="43.312750" lon="-3.878270"/>
      <trkpt lat="43.312810" lon="-3.878090"/>
      <trkpt lat="43.312870" lon="-3.877920"/>
      <trkpt lat="43.312930" lon="-3.877740"/>
      <trkpt lat="43.313010" lon="-3.877540"/>
      <trkpt lat="43.313080" lon="-3.877370"/>
      <trkpt lat="43.313160" lon="-3.877180"/>
      <trkpt lat="43.313240" lon="-3.877010"/>
      <trkpt lat="43.313320" lon="-3.876840"/>
      <trkpt lat="43.313390" lon="-3.876680"/>
      <trkpt lat="43.313490" lon="-3.876490"/>
      <trkpt lat="43.313580" lon="-3.876330"/>
      <trkpt lat="43.313670" lon="-3.876150"/>
      <trkpt lat="43.313760" lon="-3.875990"/>
      <trkpt lat="43.313860" lon="-3.875830"/>
      <trkpt lat="43.313960" lon="-3.875670"/>
      <trkpt lat="43.314060" lon="-3.875520"/>
      <trkpt lat="43.314170" lon="-3.875360"/>
      <trkpt lat="43.314270" lon="-3.875210"/>
      <trkpt lat="43.314380" lon="-3.875060"/>
      <trkpt lat="43.314490" lon="-3.874910"/>
      <trkpt lat="43.314600" lon="-3.874760"/>
      <trkpt lat="43.314920" lon="-3.874310"/>
      <trkpt lat="43.315770" lon="-3.873140"/>
      <trkpt lat="43.317140" lon="-3.871240"/>
      <trkpt lat="43.317730" lon="-3.870440"/>
      <trkpt lat="43.318470" lon="-3.869410"/>
      <trkpt lat="43.318910" lon="-3.868810"/>
      <trkpt lat="43.319010" lon="-3.868660"/>
      <trkpt lat="43.319120" lon="-3.868510"/>
      <trkpt lat="43.319230" lon="-3.868360"/>
      <trkpt lat="43.319330" lon="-3.868210"/>
      <trkpt lat="43.319430" lon="-3.868050"/>
      <trkpt lat="43.319530" lon="-3.867890"/>
      <trkpt lat="43.319630" lon="-3.867730"/>
      <trkpt lat="43.319720" lon="-3.867560"/>
      <trkpt lat="43.319820" lon="-3.867390"/>
      <trkpt lat="43.319900" lon="-3.867220"/>
      <trkpt lat="43.319990" lon="-3.867050"/>
      <trkpt lat="43.320070" lon="-3.866870"/>
      <trkpt lat="43.320150" lon="-3.866690"/>
      <trkpt lat="43.320230" lon="-3.866500"/>
      <trkpt lat="43.320300" lon="-3.866320"/>
      <trkpt lat="43.320360" lon="-3.866130"/>
      <trkpt lat="43.320430" lon="-3.865940"/>
      <trkpt lat="43.320490" lon="-3.865750"/>
      <trkpt lat="43.320550" lon="-3.865550"/>
      <trkpt lat="43.320600" lon="-3.865370"/>
      <trkpt lat="43.320660" lon="-3.865170"/>
      <trkpt lat="43.320720" lon="-3.864950"/>
      <trkpt lat="43.320770" lon="-3.864770"/>
      <trkpt lat="43.320820" lon="-3.864570"/>
      <trkpt lat="43.320870" lon="-3.864380"/>
      <trkpt lat="43.320930" lon="-3.864180"/>
      <trkpt lat="43.320960" lon="-3.864080"/>
      <trkpt lat="43.320990" lon="-3.863990"/>
      <trkpt lat="43.321050" lon="-3.863800"/>
      <trkpt lat="43.321110" lon="-3.863610"/>
      <trkpt lat="43.321170" lon="-3.863420"/>
      <trkpt lat="43.321240" lon="-3.863220"/>
      <trkpt lat="43.321310" lon="-3.863040"/>
      <trkpt lat="43.321380" lon="-3.862850"/>
      <trkpt lat="43.321460" lon="-3.862680"/>
      <trkpt lat="43.321540" lon="-3.862500"/>
      <trkpt lat="43.321620" lon="-3.862320"/>
      <trkpt lat="43.321710" lon="-3.862140"/>
      <trkpt lat="43.321790" lon="-3.861980"/>
      <trkpt lat="43.321890" lon="-3.861790"/>
      <trkpt lat="43.321980" lon="-3.861650"/>
      <trkpt lat="43.322080" lon="-3.861480"/>
      <trkpt lat="43.322170" lon="-3.861320"/>
      <trkpt lat="43.322270" lon="-3.861170"/>
      <trkpt lat="43.322380" lon="-3.861020"/>
      <trkpt lat="43.322490" lon="-3.860860"/>
      <trkpt lat="43.322590" lon="-3.860720"/>
      <trkpt lat="43.322700" lon="-3.860580"/>
      <trkpt lat="43.322820" lon="-3.860430"/>
      <trkpt lat="43.322940" lon="-3.860300"/>
      <trkpt lat="43.323060" lon="-3.860160"/>
      <trkpt lat="43.323170" lon="-3.860040"/>
      <trkpt lat="43.323290" lon="-3.859910"/>
      <trkpt lat="43.323420" lon="-3.859780"/>
      <trkpt lat="43.323540" lon="-3.859660"/>
      <trkpt lat="43.323660" lon="-3.859540"/>
      <trkpt lat="43.323790" lon="-3.859410"/>
      <trkpt lat="43.323910" lon="-3.859290"/>
      <trkpt lat="43.324040" lon="-3.859170"/>
      <trkpt lat="43.324160" lon="-3.859040"/>
      <trkpt lat="43.324280" lon="-3.858920"/>
      <trkpt lat="43.324400" lon="-3.858790"/>
      <trkpt lat="43.324520" lon="-3.858650"/>
      <trkpt lat="43.324640" lon="-3.858510"/>
      <trkpt lat="43.324750" lon="-3.858380"/>
      <trkpt lat="43.324860" lon="-3.858240"/>
      <trkpt lat="43.324970" lon="-3.858090"/>
      <trkpt lat="43.325080" lon="-3.857940"/>
      <trkpt lat="43.325190" lon="-3.857790"/>
      <trkpt lat="43.325290" lon="-3.857640"/>
      <trkpt lat="43.325400" lon="-3.857480"/>
      <trkpt lat="43.325500" lon="-3.857330"/>
      <trkpt lat="43.325600" lon="-3.857160"/>
      <trkpt lat="43.325690" lon="-3.857000"/>
      <trkpt lat="43.325790" lon="-3.856840"/>
      <trkpt lat="43.325880" lon="-3.856670"/>
      <trkpt lat="43.325970" lon="-3.856500"/>
      <trkpt lat="43.326060" lon="-3.856330"/>
      <trkpt lat="43.326160" lon="-3.856160"/>
      <trkpt lat="43.326250" lon="-3.856000"/>
      <trkpt lat="43.326340" lon="-3.855830"/>
      <trkpt lat="43.326440" lon="-3.855670"/>
      <trkpt lat="43.326540" lon="-3.855510"/>
      <trkpt lat="43.326640" lon="-3.855350"/>
      <trkpt lat="43.326740" lon="-3.855200"/>
      <trkpt lat="43.326840" lon="-3.855050"/>
      <trkpt lat="43.326950" lon="-3.854900"/>
      <trkpt lat="43.327060" lon="-3.854750"/>
      <trkpt lat="43.327170" lon="-3.854600"/>
      <trkpt lat="43.327280" lon="-3.854460"/>
      <trkpt lat="43.327390" lon="-3.854320"/>
      <trkpt lat="43.327510" lon="-3.854180"/>
      <trkpt lat="43.327620" lon="-3.854040"/>
      <trkpt lat="43.327740" lon="-3.853910"/>
      <trkpt lat="43.327860" lon="-3.853780"/>
      <trkpt lat="43.327980" lon="-3.853640"/>
      <trkpt lat="43.328100" lon="-3.853510"/>
      <trkpt lat="43.328210" lon="-3.853370"/>
      <trkpt lat="43.328330" lon="-3.853230"/>
      <trkpt lat="43.328440" lon="-3.853090"/>
      <trkpt lat="43.328540" lon="-3.852940"/>
      <trkpt lat="43.328640" lon="-3.852790"/>
      <trkpt lat="43.328750" lon="-3.852620"/>
      <trkpt lat="43.328850" lon="-3.852460"/>
      <trkpt lat="43.328940" lon="-3.852300"/>
      <trkpt lat="43.329030" lon="-3.852130"/>
      <trkpt lat="43.329120" lon="-3.851960"/>
      <trkpt lat="43.329210" lon="-3.851790"/>
      <trkpt lat="43.329290" lon="-3.851610"/>
      <trkpt lat="43.329370" lon="-3.851430"/>
      <trkpt lat="43.329440" lon="-3.851250"/>
      <trkpt lat="43.329520" lon="-3.851050"/>
      <trkpt lat="43.329590" lon="-3.850880"/>
      <trkpt lat="43.329660" lon="-3.850690"/>
      <trkpt lat="43.329730" lon="-3.850510"/>
      <trkpt lat="43.329800" lon="-3.850320"/>
      <trkpt lat="43.329870" lon="-3.850130"/>
      <trkpt lat="43.330010" lon="-3.849760"/>
      <trkpt lat="43.330160" lon="-3.849390"/>
      <trkpt lat="43.330220" lon="-3.849210"/>
      <trkpt lat="43.330300" lon="-3.849020"/>
      <trkpt lat="43.330370" lon="-3.848830"/>
      <trkpt lat="43.330440" lon="-3.848640"/>
      <trkpt lat="43.330510" lon="-3.848460"/>
      <trkpt lat="43.330580" lon="-3.848270"/>
      <trkpt lat="43.330660" lon="-3.848080"/>
      <trkpt lat="43.330720" lon="-3.847900"/>
      <trkpt lat="43.330790" lon="-3.847710"/>
      <trkpt lat="43.330860" lon="-3.847520"/>
      <trkpt lat="43.330930" lon="-3.847330"/>
      <trkpt lat="43.330990" lon="-3.847140"/>
      <trkpt lat="43.331040" lon="-3.846940"/>
      <trkpt lat="43.331100" lon="-3.846750"/>
      <trkpt lat="43.331150" lon="-3.846550"/>
      <trkpt lat="43.331190" lon="-3.846350"/>
      <trkpt lat="43.331230" lon="-3.846140"/>
      <trkpt lat="43.331270" lon="-3.845940"/>
      <trkpt lat="43.331300" lon="-3.845740"/>
      <trkpt lat="43.331330" lon="-3.845530"/>
      <trkpt lat="43.331360" lon="-3.845320"/>
      <trkpt lat="43.331380" lon="-3.845120"/>
      <trkpt lat="43.331400" lon="-3.844910"/>
      <trkpt lat="43.331410" lon="-3.844700"/>
      <trkpt lat="43.331420" lon="-3.844490"/>
      <trkpt lat="43.331430" lon="-3.844280"/>
      <trkpt lat="43.331430" lon="-3.844070"/>
      <trkpt lat="43.331430" lon="-3.843860"/>
      <trkpt lat="43.331420" lon="-3.843650"/>
      <trkpt lat="43.331410" lon="-3.843440"/>
      <trkpt lat="43.331390" lon="-3.843230"/>
      <trkpt lat="43.331380" lon="-3.843030"/>
      <trkpt lat="43.331350" lon="-3.842820"/>
      <trkpt lat="43.331330" lon="-3.842610"/>
      <trkpt lat="43.331300" lon="-3.842400"/>
      <trkpt lat="43.331270" lon="-3.842200"/>
      <trkpt lat="43.331240" lon="-3.841990"/>
      <trkpt lat="43.331210" lon="-3.841790"/>
      <trkpt lat="43.331180" lon="-3.841580"/>
      <trkpt lat="43.331150" lon="-3.841370"/>
      <trkpt lat="43.331120" lon="-3.841170"/>
      <trkpt lat="43.331100" lon="-3.840960"/>
      <trkpt lat="43.331070" lon="-3.840760"/>
      <trkpt lat="43.331050" lon="-3.840550"/>
      <trkpt lat="43.331040" lon="-3.840340"/>
      <trkpt lat="43.331030" lon="-3.840130"/>
      <trkpt lat="43.331020" lon="-3.839920"/>
      <trkpt lat="43.331020" lon="-3.839710"/>
      <trkpt lat="43.331020" lon="-3.839510"/>
      <trkpt lat="43.331020" lon="-3.839290"/>
      <trkpt lat="43.331030" lon="-3.839080"/>
      <trkpt lat="43.331040" lon="-3.838880"/>
      <trkpt lat="43.331050" lon="-3.838670"/>
      <trkpt lat="43.331070" lon="-3.838460"/>
      <trkpt lat="43.331090" lon="-3.838260"/>
      <trkpt lat="43.331110" lon="-3.838050"/>
      <trkpt lat="43.331140" lon="-3.837840"/>
      <trkpt lat="43.331170" lon="-3.837640"/>
      <trkpt lat="43.331210" lon="-3.837440"/>
      <trkpt lat="43.331240" lon="-3.837230"/>
      <trkpt lat="43.331290" lon="-3.837030"/>
      <trkpt lat="43.331330" lon="-3.836830"/>
      <trkpt lat="43.331380" lon="-3.836640"/>
      <trkpt lat="43.331430" lon="-3.836440"/>
      <trkpt lat="43.331490" lon="-3.836240"/>
      <trkpt lat="43.331550" lon="-3.836050"/>
      <trkpt lat="43.331610" lon="-3.835860"/>
      <trkpt lat="43.331670" lon="-3.835670"/>
      <trkpt lat="43.331740" lon="-3.835480"/>
      <trkpt lat="43.331810" lon="-3.835300"/>
      <trkpt lat="43.331880" lon="-3.835110"/>
      <trkpt lat="43.331960" lon="-3.834930"/>
      <trkpt lat="43.332040" lon="-3.834750"/>
      <trkpt lat="43.332130" lon="-3.834580"/>
      <trkpt lat="43.332210" lon="-3.834400"/>
      <trkpt lat="43.332300" lon="-3.834240"/>
      <trkpt lat="43.332390" lon="-3.834070"/>
      <trkpt lat="43.332490" lon="-3.833900"/>
      <trkpt lat="43.332580" lon="-3.833740"/>
      <trkpt lat="43.332680" lon="-3.833580"/>
      <trkpt lat="43.332770" lon="-3.833420"/>
      <trkpt lat="43.332860" lon="-3.833270"/>
      <trkpt lat="43.332950" lon="-3.833110"/>
      <trkpt lat="43.333030" lon="-3.832980"/>
      <trkpt lat="43.333140" lon="-3.832790"/>
      <trkpt lat="43.333240" lon="-3.832620"/>
      <trkpt lat="43.333330" lon="-3.832460"/>
      <trkpt lat="43.333420" lon="-3.832290"/>
      <trkpt lat="43.333510" lon="-3.832130"/>
      <trkpt lat="43.333600" lon="-3.831960"/>
      <trkpt lat="43.333690" lon="-3.831780"/>
      <trkpt lat="43.333780" lon="-3.831610"/>
      <trkpt lat="43.333870" lon="-3.831440"/>
      <trkpt lat="43.333950" lon="-3.831280"/>
      <trkpt lat="43.334030" lon="-3.831100"/>
      <trkpt lat="43.334110" lon="-3.830920"/>
      <trkpt lat="43.334190" lon="-3.830740"/>
      <trkpt lat="43.334270" lon="-3.830560"/>
      <trkpt lat="43.334350" lon="-3.830380"/>
      <trkpt lat="43.334420" lon="-3.830200"/>
      <trkpt lat="43.334500" lon="-3.830010"/>
      <trkpt lat="43.334570" lon="-3.829830"/>
      <trkpt lat="43.334630" lon="-3.829650"/>
      <trkpt lat="43.334710" lon="-3.829460"/>
      <trkpt lat="43.334770" lon="-3.829270"/>
      <trkpt lat="43.334840" lon="-3.829080"/>
      <trkpt lat="43.334900" lon="-3.828890"/>
      <trkpt lat="43.334960" lon="-3.828700"/>
      <trkpt lat="43.335020" lon="-3.828510"/>
      <trkpt lat="43.335080" lon="-3.828320"/>
      <trkpt lat="43.335140" lon="-3.828120"/>
      <trkpt lat="43.335190" lon="-3.827930"/>
      <trkpt lat="43.335240" lon="-3.827730"/>
      <trkpt lat="43.335300" lon="-3.827540"/>
      <trkpt lat="43.335350" lon="-3.827330"/>
      <trkpt lat="43.335390" lon="-3.827140"/>
      <trkpt lat="43.335440" lon="-3.826940"/>
      <trkpt lat="43.335480" lon="-3.826740"/>
      <trkpt lat="43.335530" lon="-3.826540"/>
      <trkpt lat="43.335570" lon="-3.826330"/>
      <trkpt lat="43.335600" lon="-3.826140"/>
      <trkpt lat="43.335640" lon="-3.825930"/>
      <trkpt lat="43.335680" lon="-3.825730"/>
      <trkpt lat="43.335710" lon="-3.825530"/>
      <trkpt lat="43.335740" lon="-3.825330"/>
      <trkpt lat="43.335770" lon="-3.825120"/>
      <trkpt lat="43.335800" lon="-3.824910"/>
      <trkpt lat="43.335820" lon="-3.824710"/>
      <trkpt lat="43.335850" lon="-3.824500"/>
      <trkpt lat="43.335870" lon="-3.824290"/>
      <trkpt lat="43.335890" lon="-3.824090"/>
      <trkpt lat="43.335910" lon="-3.823880"/>
      <trkpt lat="43.335930" lon="-3.823680"/>
      <trkpt lat="43.335940" lon="-3.823460"/>
      <trkpt lat="43.335960" lon="-3.823250"/>
      <trkpt lat="43.335970" lon="-3.823050"/>
      <trkpt lat="43.335980" lon="-3.822850"/>
      <trkpt lat="43.335990" lon="-3.822630"/>
      <trkpt lat="43.335990" lon="-3.822420"/>
      <trkpt lat="43.336000" lon="-3.822210"/>
      <trkpt lat="43.336000" lon="-3.822000"/>
      <trkpt lat="43.336000" lon="-3.821790"/>
      <trkpt lat="43.336000" lon="-3.821610"/>
      <trkpt lat="43.335990" lon="-3.821380"/>
      <trkpt lat="43.335990" lon="-3.821170"/>
      <trkpt lat="43.335980" lon="-3.820960"/>
      <trkpt lat="43.335970" lon="-3.820750"/>
      <trkpt lat="43.335960" lon="-3.820550"/>
      <trkpt lat="43.335950" lon="-3.820340"/>
      <trkpt lat="43.335940" lon="-3.820130"/>
      <trkpt lat="43.335930" lon="-3.819920"/>
      <trkpt lat="43.335920" lon="-3.819710"/>
      <trkpt lat="43.335910" lon="-3.819500"/>
      <trkpt lat="43.335890" lon="-3.819300"/>
      <trkpt lat="43.335880" lon="-3.819080"/>
      <trkpt lat="43.335870" lon="-3.818870"/>
      <trkpt lat="43.335860" lon="-3.818660"/>
      <trkpt lat="43.335860" lon="-3.818450"/>
      <trkpt lat="43.335850" lon="-3.818250"/>
      <trkpt lat="43.335850" lon="-3.818040"/>
      <trkpt lat="43.335850" lon="-3.817830"/>
      <trkpt lat="43.335850" lon="-3.817620"/>
      <trkpt lat="43.335860" lon="-3.817410"/>
      <trkpt lat="43.335870" lon="-3.817200"/>
      <trkpt lat="43.335880" lon="-3.816990"/>
      <trkpt lat="43.335890" lon="-3.816790"/>
      <trkpt lat="43.335910" lon="-3.816570"/>
      <trkpt lat="43.335920" lon="-3.816370"/>
      <trkpt lat="43.335940" lon="-3.816160"/>
      <trkpt lat="43.335970" lon="-3.815950"/>
      <trkpt lat="43.335990" lon="-3.815750"/>
      <trkpt lat="43.336020" lon="-3.815540"/>
      <trkpt lat="43.336050" lon="-3.815330"/>
      <trkpt lat="43.336090" lon="-3.815130"/>
      <trkpt lat="43.336120" lon="-3.814930"/>
      <trkpt lat="43.336160" lon="-3.814720"/>
      <trkpt lat="43.336200" lon="-3.814520"/>
      <trkpt lat="43.336240" lon="-3.814320"/>
      <trkpt lat="43.336290" lon="-3.814120"/>
      <trkpt lat="43.336330" lon="-3.813930"/>
      <trkpt lat="43.336380" lon="-3.813720"/>
      <trkpt lat="43.336430" lon="-3.813530"/>
      <trkpt lat="43.336480" lon="-3.813330"/>
      <trkpt lat="43.336530" lon="-3.813130"/>
      <trkpt lat="43.336580" lon="-3.812930"/>
      <trkpt lat="43.336630" lon="-3.812740"/>
      <trkpt lat="43.336680" lon="-3.812530"/>
      <trkpt lat="43.336720" lon="-3.812340"/>
      <trkpt lat="43.336760" lon="-3.812140"/>
      <trkpt lat="43.336810" lon="-3.811940"/>
      <trkpt lat="43.336850" lon="-3.811740"/>
      <trkpt lat="43.336880" lon="-3.811530"/>
      <trkpt lat="43.336920" lon="-3.811330"/>
      <trkpt lat="43.336950" lon="-3.811130"/>
      <trkpt lat="43.336980" lon="-3.810920"/>
      <trkpt lat="43.337010" lon="-3.810720"/>
      <trkpt lat="43.337030" lon="-3.810510"/>
      <trkpt lat="43.337050" lon="-3.810310"/>
      <trkpt lat="43.337080" lon="-3.810100"/>
      <trkpt lat="43.337100" lon="-3.809900"/>
      <trkpt lat="43.337110" lon="-3.809680"/>
      <trkpt lat="43.337130" lon="-3.809480"/>
      <trkpt lat="43.337150" lon="-3.809270"/>
      <trkpt lat="43.337170" lon="-3.809060"/>
      <trkpt lat="43.337180" lon="-3.808850"/>
      <trkpt lat="43.337200" lon="-3.808640"/>
      <trkpt lat="43.337220" lon="-3.808430"/>
      <trkpt lat="43.337240" lon="-3.808220"/>
      <trkpt lat="43.337260" lon="-3.808020"/>
      <trkpt lat="43.337280" lon="-3.807810"/>
      <trkpt lat="43.337300" lon="-3.807600"/>
      <trkpt lat="43.337320" lon="-3.807400"/>
      <trkpt lat="43.337340" lon="-3.807190"/>
      <trkpt lat="43.337360" lon="-3.806990"/>
      <trkpt lat="43.337390" lon="-3.806780"/>
      <trkpt lat="43.337420" lon="-3.806570"/>
      <trkpt lat="43.337450" lon="-3.806370"/>
      <trkpt lat="43.337480" lon="-3.806160"/>
      <trkpt lat="43.337510" lon="-3.805960"/>
      <trkpt lat="43.337540" lon="-3.805760"/>
      <trkpt lat="43.337580" lon="-3.805550"/>
      <trkpt lat="43.337610" lon="-3.805350"/>
      <trkpt lat="43.337650" lon="-3.805140"/>
      <trkpt lat="43.337690" lon="-3.804940"/>
      <trkpt lat="43.337730" lon="-3.804740"/>
      <trkpt lat="43.337770" lon="-3.804550"/>
      <trkpt lat="43.337810" lon="-3.804350"/>
      <trkpt lat="43.337850" lon="-3.804170"/>
      <trkpt lat="43.337900" lon="-3.803960"/>
      <trkpt lat="43.337950" lon="-3.803760"/>
      <trkpt lat="43.338010" lon="-3.803560"/>
      <trkpt lat="43.338060" lon="-3.803370"/>
      <trkpt lat="43.338110" lon="-3.803170"/>
      <trkpt lat="43.338170" lon="-3.802980"/>
      <trkpt lat="43.338230" lon="-3.802770"/>
      <trkpt lat="43.338290" lon="-3.802580"/>
      <trkpt lat="43.338350" lon="-3.802390"/>
      <trkpt lat="43.338410" lon="-3.802200"/>
      <trkpt lat="43.338480" lon="-3.802010"/>
      <trkpt lat="43.338550" lon="-3.801820"/>
      <trkpt lat="43.338610" lon="-3.801630"/>
      <trkpt lat="43.338680" lon="-3.801450"/>
      <trkpt lat="43.338750" lon="-3.801260"/>
      <trkpt lat="43.338820" lon="-3.801070"/>
      <trkpt lat="43.338890" lon="-3.800890"/>
      <trkpt lat="43.338970" lon="-3.800710"/>
      <trkpt lat="43.339040" lon="-3.800530"/>
      <trkpt lat="43.339120" lon="-3.800340"/>
      <trkpt lat="43.339200" lon="-3.800170"/>
      <trkpt lat="43.339280" lon="-3.799980"/>
      <trkpt lat="43.339360" lon="-3.799810"/>
      <trkpt lat="43.339440" lon="-3.799630"/>
      <trkpt lat="43.339520" lon="-3.799450"/>
      <trkpt lat="43.339600" lon="-3.799280"/>
      <trkpt lat="43.339680" lon="-3.799100"/>
      <trkpt lat="43.339760" lon="-3.798920"/>
      <trkpt lat="43.339850" lon="-3.798750"/>
      <trkpt lat="43.339930" lon="-3.798570"/>
      <trkpt lat="43.340010" lon="-3.798400"/>
      <trkpt lat="43.340100" lon="-3.798220"/>
      <trkpt lat="43.340180" lon="-3.798050"/>
      <trkpt lat="43.340260" lon="-3.797870"/>
      <trkpt lat="43.340340" lon="-3.797690"/>
      <trkpt lat="43.340420" lon="-3.797520"/>
      <trkpt lat="43.340500" lon="-3.797330"/>
      <trkpt lat="43.340570" lon="-3.797150"/>
      <trkpt lat="43.340640" lon="-3.796970"/>
      <trkpt lat="43.340710" lon="-3.796780"/>
      <trkpt lat="43.340770" lon="-3.796600"/>
      <trkpt lat="43.340840" lon="-3.796410"/>
      <trkpt lat="43.340900" lon="-3.796220"/>
      <trkpt lat="43.340960" lon="-3.796030"/>
      <trkpt lat="43.341020" lon="-3.795830"/>
      <trkpt lat="43.341070" lon="-3.795640"/>
      <trkpt lat="43.341120" lon="-3.795440"/>
      <trkpt lat="43.341170" lon="-3.795250"/>
      <trkpt lat="43.341210" lon="-3.795040"/>
      <trkpt lat="43.341260" lon="-3.794850"/>
      <trkpt lat="43.341300" lon="-3.794640"/>
      <trkpt lat="43.341340" lon="-3.794440"/>
      <trkpt lat="43.341370" lon="-3.794240"/>
      <trkpt lat="43.341410" lon="-3.794040"/>
      <trkpt lat="43.341450" lon="-3.793830"/>
      <trkpt lat="43.341490" lon="-3.793630"/>
      <trkpt lat="43.341520" lon="-3.793430"/>
      <trkpt lat="43.341560" lon="-3.793230"/>
      <trkpt lat="43.341600" lon="-3.793020"/>
      <trkpt lat="43.341640" lon="-3.792820"/>
      <trkpt lat="43.341680" lon="-3.792620"/>
      <trkpt lat="43.341730" lon="-3.792420"/>
      <trkpt lat="43.341780" lon="-3.792230"/>
      <trkpt lat="43.341830" lon="-3.792030"/>
      <trkpt lat="43.341880" lon="-3.791830"/>
      <trkpt lat="43.341940" lon="-3.791630"/>
      <trkpt lat="43.342000" lon="-3.791440"/>
      <trkpt lat="43.342060" lon="-3.791250"/>
      <trkpt lat="43.342120" lon="-3.791060"/>
      <trkpt lat="43.342190" lon="-3.790870"/>
      <trkpt lat="43.342250" lon="-3.790680"/>
      <trkpt lat="43.342320" lon="-3.790500"/>
      <trkpt lat="43.342390" lon="-3.790340"/>
      <trkpt lat="43.342410" lon="-3.790270"/>
      <trkpt lat="43.342470" lon="-3.790130"/>
      <trkpt lat="43.342550" lon="-3.789950"/>
      <trkpt lat="43.342630" lon="-3.789770"/>
      <trkpt lat="43.342710" lon="-3.789600"/>
      <trkpt lat="43.342790" lon="-3.789420"/>
      <trkpt lat="43.342880" lon="-3.789250"/>
      <trkpt lat="43.342930" lon="-3.789160"/>
      <trkpt lat="43.342970" lon="-3.789070"/>
      <trkpt lat="43.343060" lon="-3.788910"/>
      <trkpt lat="43.343160" lon="-3.788750"/>
      <trkpt lat="43.343250" lon="-3.788590"/>
      <trkpt lat="43.343350" lon="-3.788420"/>
      <trkpt lat="43.343450" lon="-3.788260"/>
      <trkpt lat="43.343550" lon="-3.788110"/>
      <trkpt lat="43.343650" lon="-3.787960"/>
      <trkpt lat="43.343760" lon="-3.787800"/>
      <trkpt lat="43.343870" lon="-3.787650"/>
      <trkpt lat="43.343980" lon="-3.787510"/>
      <trkpt lat="43.344090" lon="-3.787360"/>
      <trkpt lat="43.344200" lon="-3.787220"/>
      <trkpt lat="43.344320" lon="-3.787080"/>
      <trkpt lat="43.344430" lon="-3.786950"/>
      <trkpt lat="43.344550" lon="-3.786820"/>
      <trkpt lat="43.344670" lon="-3.786690"/>
      <trkpt lat="43.344790" lon="-3.786560"/>
      <trkpt lat="43.344910" lon="-3.786440"/>
      <trkpt lat="43.345040" lon="-3.786320"/>
      <trkpt lat="43.345170" lon="-3.786200"/>
      <trkpt lat="43.345300" lon="-3.786090"/>
      <trkpt lat="43.345430" lon="-3.785980"/>
      <trkpt lat="43.345560" lon="-3.785870"/>
      <trkpt lat="43.345690" lon="-3.785760"/>
      <trkpt lat="43.345820" lon="-3.785660"/>
      <trkpt lat="43.345960" lon="-3.785560"/>
      <trkpt lat="43.346090" lon="-3.785470"/>
      <trkpt lat="43.346230" lon="-3.785370"/>
      <trkpt lat="43.346370" lon="-3.785280"/>
      <trkpt lat="43.346500" lon="-3.785190"/>
      <trkpt lat="43.346640" lon="-3.785100"/>
      <trkpt lat="43.346780" lon="-3.785010"/>
      <trkpt lat="43.346920" lon="-3.784930"/>
      <trkpt lat="43.347060" lon="-3.784830"/>
      <trkpt lat="43.347200" lon="-3.784740"/>
      <trkpt lat="43.347330" lon="-3.784650"/>
      <trkpt lat="43.347470" lon="-3.784550"/>
      <trkpt lat="43.347600" lon="-3.784460"/>
      <trkpt lat="43.347740" lon="-3.784350"/>
      <trkpt lat="43.347870" lon="-3.784250"/>
      <trkpt lat="43.348010" lon="-3.784140"/>
      <trkpt lat="43.348140" lon="-3.784030"/>
      <trkpt lat="43.348270" lon="-3.783910"/>
      <trkpt lat="43.348400" lon="-3.783790"/>
      <trkpt lat="43.348520" lon="-3.783660"/>
      <trkpt lat="43.348630" lon="-3.783540"/>
      <trkpt lat="43.348740" lon="-3.783420"/>
      <trkpt lat="43.348850" lon="-3.783290"/>
      <trkpt lat="43.348960" lon="-3.783160"/>
      <trkpt lat="43.349070" lon="-3.783030"/>
      <trkpt lat="43.349180" lon="-3.782890"/>
      <trkpt lat="43.349280" lon="-3.782760"/>
      <trkpt lat="43.349390" lon="-3.782610"/>
      <trkpt lat="43.349490" lon="-3.782470"/>
      <trkpt lat="43.349600" lon="-3.782320"/>
      <trkpt lat="43.349690" lon="-3.782180"/>
      <trkpt lat="43.349790" lon="-3.782020"/>
      <trkpt lat="43.349890" lon="-3.781870"/>
      <trkpt lat="43.349980" lon="-3.781710"/>
      <trkpt lat="43.350070" lon="-3.781560"/>
      <trkpt lat="43.350160" lon="-3.781400"/>
      <trkpt lat="43.350250" lon="-3.781230"/>
      <trkpt lat="43.350330" lon="-3.781070"/>
      <trkpt lat="43.350420" lon="-3.780900"/>
      <trkpt lat="43.350500" lon="-3.780730"/>
      <trkpt lat="43.350580" lon="-3.780560"/>
      <trkpt lat="43.350660" lon="-3.780390"/>
      <trkpt lat="43.350740" lon="-3.780230"/>
      <trkpt lat="43.350820" lon="-3.780050"/>
      <trkpt lat="43.350900" lon="-3.779890"/>
      <trkpt lat="43.350980" lon="-3.779710"/>
      <trkpt lat="43.351060" lon="-3.779550"/>
      <trkpt lat="43.351140" lon="-3.779380"/>
      <trkpt lat="43.351220" lon="-3.779210"/>
      <trkpt lat="43.351300" lon="-3.779040"/>
      <trkpt lat="43.351380" lon="-3.778870"/>
      <trkpt lat="43.351460" lon="-3.778710"/>
      <trkpt lat="43.351550" lon="-3.778530"/>
      <trkpt lat="43.351630" lon="-3.778370"/>
      <trkpt lat="43.351710" lon="-3.778210"/>
      <trkpt lat="43.351800" lon="-3.778040"/>
      <trkpt lat="43.351880" lon="-3.777880"/>
      <trkpt lat="43.351970" lon="-3.777710"/>
      <trkpt lat="43.352050" lon="-3.777550"/>
      <trkpt lat="43.352140" lon="-3.777380"/>
      <trkpt lat="43.352220" lon="-3.777220"/>
      <trkpt lat="43.352310" lon="-3.777050"/>
      <trkpt lat="43.352390" lon="-3.776890"/>
      <trkpt lat="43.352480" lon="-3.776730"/>
      <trkpt lat="43.352560" lon="-3.776590"/>
      <trkpt lat="43.352660" lon="-3.776410"/>
      <trkpt lat="43.352750" lon="-3.776240"/>
      <trkpt lat="43.352840" lon="-3.776080"/>
      <trkpt lat="43.352930" lon="-3.775920"/>
      <trkpt lat="43.353010" lon="-3.775760"/>
      <trkpt lat="43.353110" lon="-3.775600"/>
      <trkpt lat="43.353200" lon="-3.775440"/>
      <trkpt lat="43.353290" lon="-3.775280"/>
      <trkpt lat="43.353380" lon="-3.775120"/>
      <trkpt lat="43.353470" lon="-3.774970"/>
      <trkpt lat="43.353560" lon="-3.774810"/>
      <trkpt lat="43.353650" lon="-3.774650"/>
      <trkpt lat="43.353740" lon="-3.774490"/>
      <trkpt lat="43.353830" lon="-3.774330"/>
      <trkpt lat="43.353920" lon="-3.774170"/>
      <trkpt lat="43.354010" lon="-3.774010"/>
      <trkpt lat="43.354090" lon="-3.773840"/>
      <trkpt lat="43.354180" lon="-3.773670"/>
      <trkpt lat="43.354260" lon="-3.773510"/>
      <trkpt lat="43.354340" lon="-3.773340"/>
      <trkpt lat="43.354420" lon="-3.773160"/>
      <trkpt lat="43.354490" lon="-3.772990"/>
      <trkpt lat="43.354560" lon="-3.772820"/>
      <trkpt lat="43.354640" lon="-3.772640"/>
      <trkpt lat="43.354700" lon="-3.772460"/>
      <trkpt lat="43.354770" lon="-3.772280"/>
      <trkpt lat="43.354840" lon="-3.772100"/>
      <trkpt lat="43.354900" lon="-3.771910"/>
      <trkpt lat="43.354960" lon="-3.771740"/>
      <trkpt lat="43.355020" lon="-3.771550"/>
      <trkpt lat="43.355070" lon="-3.771360"/>
      <trkpt lat="43.355130" lon="-3.771180"/>
      <trkpt lat="43.355180" lon="-3.770990"/>
      <trkpt lat="43.355230" lon="-3.770800"/>
      <trkpt lat="43.355290" lon="-3.770610"/>
      <trkpt lat="43.355340" lon="-3.770420"/>
      <trkpt lat="43.355390" lon="-3.770240"/>
      <trkpt lat="43.355450" lon="-3.770050"/>
      <trkpt lat="43.355500" lon="-3.769860"/>
      <trkpt lat="43.355560" lon="-3.769660"/>
      <trkpt lat="43.355610" lon="-3.769490"/>
      <trkpt lat="43.355670" lon="-3.769300"/>
      <trkpt lat="43.355730" lon="-3.769110"/>
      <trkpt lat="43.355780" lon="-3.768930"/>
      <trkpt lat="43.355840" lon="-3.768750"/>
      <trkpt lat="43.355910" lon="-3.768560"/>
      <trkpt lat="43.355970" lon="-3.768380"/>
      <trkpt lat="43.356030" lon="-3.768200"/>
      <trkpt lat="43.356100" lon="-3.768010"/>
      <trkpt lat="43.356170" lon="-3.767830"/>
      <trkpt lat="43.356240" lon="-3.767650"/>
      <trkpt lat="43.356310" lon="-3.767480"/>
      <trkpt lat="43.356380" lon="-3.767300"/>
      <trkpt lat="43.356460" lon="-3.767120"/>
      <trkpt lat="43.356530" lon="-3.766950"/>
      <trkpt lat="43.356610" lon="-3.766780"/>
      <trkpt lat="43.356680" lon="-3.766610"/>
      <trkpt lat="43.356760" lon="-3.766440"/>
      <trkpt lat="43.356840" lon="-3.766270"/>
      <trkpt lat="43.356930" lon="-3.766100"/>
      <trkpt lat="43.357010" lon="-3.765940"/>
      <trkpt lat="43.357090" lon="-3.765780"/>
      <trkpt lat="43.357180" lon="-3.765610"/>
      <trkpt lat="43.357270" lon="-3.765450"/>
      <trkpt lat="43.357360" lon="-3.765290"/>
      <trkpt lat="43.357450" lon="-3.765130"/>
      <trkpt lat="43.357540" lon="-3.764970"/>
      <trkpt lat="43.357640" lon="-3.764810"/>
      <trkpt lat="43.357730" lon="-3.764660"/>
      <trkpt lat="43.357830" lon="-3.764500"/>
      <trkpt lat="43.357920" lon="-3.764360"/>
      <trkpt lat="43.358030" lon="-3.764200"/>
      <trkpt lat="43.358130" lon="-3.764050"/>
      <trkpt lat="43.358220" lon="-3.763920"/>
      <trkpt lat="43.358330" lon="-3.763760"/>
      <trkpt lat="43.358430" lon="-3.763620"/>
      <trkpt lat="43.358540" lon="-3.763480"/>
      <trkpt lat="43.358650" lon="-3.763340"/>
      <trkpt lat="43.358750" lon="-3.763210"/>
      <trkpt lat="43.358860" lon="-3.763070"/>
      <trkpt lat="43.358970" lon="-3.762930"/>
      <trkpt lat="43.359080" lon="-3.762800"/>
      <trkpt lat="43.359200" lon="-3.762670"/>
      <trkpt lat="43.359310" lon="-3.762540"/>
      <trkpt lat="43.359430" lon="-3.762410"/>
      <trkpt lat="43.359540" lon="-3.762290"/>
      <trkpt lat="43.359660" lon="-3.762160"/>
      <trkpt lat="43.359780" lon="-3.762040"/>
      <trkpt lat="43.359890" lon="-3.761930"/>
      <trkpt lat="43.360020" lon="-3.761810"/>
      <trkpt lat="43.360140" lon="-3.761690"/>
      <trkpt lat="43.360260" lon="-3.761570"/>
      <trkpt lat="43.360380" lon="-3.761460"/>
      <trkpt lat="43.360500" lon="-3.761360"/>
      <trkpt lat="43.360630" lon="-3.761250"/>
      <trkpt lat="43.360760" lon="-3.761140"/>
      <trkpt lat="43.360880" lon="-3.761040"/>
      <trkpt lat="43.361010" lon="-3.760930"/>
      <trkpt lat="43.361140" lon="-3.760840"/>
      <trkpt lat="43.361270" lon="-3.760740"/>
      <trkpt lat="43.361400" lon="-3.760650"/>
      <trkpt lat="43.361530" lon="-3.760550"/>
      <trkpt lat="43.361660" lon="-3.760460"/>
      <trkpt lat="43.361790" lon="-3.760370"/>
      <trkpt lat="43.361930" lon="-3.760280"/>
      <trkpt lat="43.362060" lon="-3.760200"/>
      <trkpt lat="43.362190" lon="-3.760120"/>
      <trkpt lat="43.362330" lon="-3.760040"/>
      <trkpt lat="43.362470" lon="-3.759960"/>
      <trkpt lat="43.362600" lon="-3.759890"/>
      <trkpt lat="43.362730" lon="-3.759820"/>
      <trkpt lat="43.362900" lon="-3.759730"/>
      <trkpt lat="43.363020" lon="-3.759670"/>
      <trkpt lat="43.363160" lon="-3.759600"/>
      <trkpt lat="43.363430" lon="-3.759480"/>
      <trkpt lat="43.363710" lon="-3.759350"/>
      <trkpt lat="43.363990" lon="-3.759230"/>
      <trkpt lat="43.364140" lon="-3.759170"/>
      <trkpt lat="43.364420" lon="-3.759050"/>
      <trkpt lat="43.364700" lon="-3.758930"/>
      <trkpt lat="43.364980" lon="-3.758810"/>
      <trkpt lat="43.365270" lon="-3.758690"/>
      <trkpt lat="43.365550" lon="-3.758570"/>
      <trkpt lat="43.365830" lon="-3.758450"/>
      <trkpt lat="43.366250" lon="-3.758270"/>
      <trkpt lat="43.366530" lon="-3.758150"/>
      <trkpt lat="43.366810" lon="-3.758030"/>
      <trkpt lat="43.367220" lon="-3.757850"/>
      <trkpt lat="43.367510" lon="-3.757730"/>
      <trkpt lat="43.367800" lon="-3.757610"/>
      <trkpt lat="43.368100" lon="-3.757480"/>
      <trkpt lat="43.368380" lon="-3.757360"/>
      <trkpt lat="43.368670" lon="-3.757240"/>
      <trkpt lat="43.368950" lon="-3.757120"/>
      <trkpt lat="43.369230" lon="-3.756990"/>
      <trkpt lat="43.369650" lon="-3.756810"/>
      <trkpt lat="43.370070" lon="-3.756630"/>
      <trkpt lat="43.370500" lon="-3.756450"/>
      <trkpt lat="43.370920" lon="-3.756270"/>
      <trkpt lat="43.371210" lon="-3.756150"/>
      <trkpt lat="43.371500" lon="-3.756020"/>
      <trkpt lat="43.371740" lon="-3.755900"/>
      <trkpt lat="43.371890" lon="-3.755830"/>
      <trkpt lat="43.372070" lon="-3.755720"/>
      <trkpt lat="43.372210" lon="-3.755640"/>
      <trkpt lat="43.372350" lon="-3.755540"/>
      <trkpt lat="43.372490" lon="-3.755450"/>
      <trkpt lat="43.372620" lon="-3.755350"/>
      <trkpt lat="43.372750" lon="-3.755240"/>
      <trkpt lat="43.372880" lon="-3.755140"/>
      <trkpt lat="43.373010" lon="-3.755020"/>
      <trkpt lat="43.373140" lon="-3.754900"/>
      <trkpt lat="43.373260" lon="-3.754780"/>
      <trkpt lat="43.373380" lon="-3.754650"/>
      <trkpt lat="43.373500" lon="-3.754530"/>
      <trkpt lat="43.373620" lon="-3.754390"/>
      <trkpt lat="43.373740" lon="-3.754250"/>
      <trkpt lat="43.373840" lon="-3.754110"/>
      <trkpt lat="43.373960" lon="-3.753970"/>
      <trkpt lat="43.374060" lon="-3.753820"/>
      <trkpt lat="43.374170" lon="-3.753660"/>
      <trkpt lat="43.374270" lon="-3.753500"/>
      <trkpt lat="43.374370" lon="-3.753340"/>
      <trkpt lat="43.374470" lon="-3.753180"/>
      <trkpt lat="43.374560" lon="-3.753020"/>
      <trkpt lat="43.374650" lon="-3.752850"/>
      <trkpt lat="43.374830" lon="-3.752500"/>
      <trkpt lat="43.375000" lon="-3.752160"/>
      <trkpt lat="43.375150" lon="-3.751880"/>
      <trkpt lat="43.375280" lon="-3.751650"/>
      <trkpt lat="43.375370" lon="-3.751490"/>
      <trkpt lat="43.375470" lon="-3.751320"/>
      <trkpt lat="43.375570" lon="-3.751170"/>
      <trkpt lat="43.375670" lon="-3.751010"/>
      <trkpt lat="43.375780" lon="-3.750860"/>
      <trkpt lat="43.375890" lon="-3.750710"/>
      <trkpt lat="43.376000" lon="-3.750570"/>
      <trkpt lat="43.376120" lon="-3.750430"/>
      <trkpt lat="43.376230" lon="-3.750300"/>
      <trkpt lat="43.376350" lon="-3.750160"/>
      <trkpt lat="43.376470" lon="-3.750040"/>
      <trkpt lat="43.376600" lon="-3.749910"/>
      <trkpt lat="43.376730" lon="-3.749800"/>
      <trkpt lat="43.376860" lon="-3.749680"/>
      <trkpt lat="43.376990" lon="-3.749570"/>
      <trkpt lat="43.377120" lon="-3.749470"/>
      <trkpt lat="43.377260" lon="-3.749370"/>
      <trkpt lat="43.377400" lon="-3.749270"/>
      <trkpt lat="43.377530" lon="-3.749180"/>
      <trkpt lat="43.377670" lon="-3.749100"/>
      <trkpt lat="43.377810" lon="-3.749020"/>
      <trkpt lat="43.377960" lon="-3.748940"/>
      <trkpt lat="43.378100" lon="-3.748870"/>
      <trkpt lat="43.378250" lon="-3.748800"/>
      <trkpt lat="43.378390" lon="-3.748740"/>
      <trkpt lat="43.378540" lon="-3.748680"/>
      <trkpt lat="43.378690" lon="-3.748630"/>
      <trkpt lat="43.378840" lon="-3.748590"/>
      <trkpt lat="43.378990" lon="-3.748540"/>
      <trkpt lat="43.379290" lon="-3.748460"/>
      <trkpt lat="43.379580" lon="-3.748370"/>
      <trkpt lat="43.379730" lon="-3.748330"/>
      <trkpt lat="43.379880" lon="-3.748280"/>
      <trkpt lat="43.380030" lon="-3.748230"/>
      <trkpt lat="43.380180" lon="-3.748180"/>
      <trkpt lat="43.380330" lon="-3.748120"/>
      <trkpt lat="43.380470" lon="-3.748060"/>
      <trkpt lat="43.380620" lon="-3.748000"/>
      <trkpt lat="43.380770" lon="-3.747930"/>
      <trkpt lat="43.380910" lon="-3.747870"/>
      <trkpt lat="43.381060" lon="-3.747790"/>
      <trkpt lat="43.381200" lon="-3.747720"/>
      <trkpt lat="43.381340" lon="-3.747640"/>
      <trkpt lat="43.381480" lon="-3.747560"/>
      <trkpt lat="43.381620" lon="-3.747470"/>
      <trkpt lat="43.381750" lon="-3.747390"/>
      <trkpt lat="43.381900" lon="-3.747290"/>
      <trkpt lat="43.382040" lon="-3.747200"/>
      <trkpt lat="43.382170" lon="-3.747100"/>
      <trkpt lat="43.382300" lon="-3.747000"/>
      <trkpt lat="43.382440" lon="-3.746900"/>
      <trkpt lat="43.382570" lon="-3.746790"/>
      <trkpt lat="43.382760" lon="-3.746630"/>
      <trkpt lat="43.382930" lon="-3.746480"/>
      <trkpt lat="43.383050" lon="-3.746370"/>
      <trkpt lat="43.383250" lon="-3.746190"/>
      <trkpt lat="43.383430" lon="-3.746020"/>
      <trkpt lat="43.383590" lon="-3.745860"/>
      <trkpt lat="43.383790" lon="-3.745670"/>
      <trkpt lat="43.384080" lon="-3.745370"/>
      <trkpt lat="43.384330" lon="-3.745120"/>
      <trkpt lat="43.384580" lon="-3.744860"/>
      <trkpt lat="43.384830" lon="-3.744620"/>
      <trkpt lat="43.385080" lon="-3.744370"/>
      <trkpt lat="43.385330" lon="-3.744140"/>
      <trkpt lat="43.385580" lon="-3.743900"/>
      <trkpt lat="43.385810" lon="-3.743700"/>
      <trkpt lat="43.386000" lon="-3.743540"/>
      <trkpt lat="43.386190" lon="-3.743390"/>
      <trkpt lat="43.386360" lon="-3.743250"/>
      <trkpt lat="43.386500" lon="-3.743140"/>
      <trkpt lat="43.386640" lon="-3.743030"/>
      <trkpt lat="43.386800" lon="-3.742900"/>
      <trkpt lat="43.386910" lon="-3.742810"/>
      <trkpt lat="43.387000" lon="-3.742730"/>
      <trkpt lat="43.387070" lon="-3.742670"/>
      <trkpt lat="43.387160" lon="-3.742580"/>
      <trkpt lat="43.387250" lon="-3.742480"/>
      <trkpt lat="43.387320" lon="-3.742400"/>
      <trkpt lat="43.387380" lon="-3.742330"/>
      <trkpt lat="43.387430" lon="-3.742260"/>
      <trkpt lat="43.387500" lon="-3.742160"/>
      <trkpt lat="43.387550" lon="-3.742070"/>
      <trkpt lat="43.387600" lon="-3.741990"/>
      <trkpt lat="43.387650" lon="-3.741890"/>
      <trkpt lat="43.387700" lon="-3.741810"/>
      <trkpt lat="43.387730" lon="-3.741720"/>
      <trkpt lat="43.387780" lon="-3.741620"/>
      <trkpt lat="43.387820" lon="-3.741520"/>
      <trkpt lat="43.387860" lon="-3.741410"/>
      <trkpt lat="43.387900" lon="-3.741290"/>
      <trkpt lat="43.387950" lon="-3.741140"/>
      <trkpt lat="43.387980" lon="-3.741030"/>
      <trkpt lat="43.388010" lon="-3.740930"/>
      <trkpt lat="43.388040" lon="-3.740810"/>
      <trkpt lat="43.388090" lon="-3.740640"/>
      <trkpt lat="43.388120" lon="-3.740500"/>
      <trkpt lat="43.388150" lon="-3.740370"/>
      <trkpt lat="43.388190" lon="-3.740200"/>
      <trkpt lat="43.388220" lon="-3.740050"/>
      <trkpt lat="43.388250" lon="-3.739920"/>
      <trkpt lat="43.388280" lon="-3.739760"/>
      <trkpt lat="43.388300" lon="-3.739620"/>
      <trkpt lat="43.388320" lon="-3.739500"/>
      <trkpt lat="43.388340" lon="-3.739370"/>
      <trkpt lat="43.388360" lon="-3.739230"/>
      <trkpt lat="43.388370" lon="-3.739110"/>
      <trkpt lat="43.388380" lon="-3.738980"/>
      <trkpt lat="43.388400" lon="-3.738860"/>
      <trkpt lat="43.388410" lon="-3.738730"/>
      <trkpt lat="43.388420" lon="-3.738570"/>
      <trkpt lat="43.388430" lon="-3.738450"/>
      <trkpt lat="43.388430" lon="-3.738320"/>
      <trkpt lat="43.388440" lon="-3.738210"/>
      <trkpt lat="43.388450" lon="-3.738050"/>
      <trkpt lat="43.388450" lon="-3.737860"/>
      <trkpt lat="43.388450" lon="-3.737670"/>
      <trkpt lat="43.388460" lon="-3.737490"/>
      <trkpt lat="43.388460" lon="-3.737050"/>
      <trkpt lat="43.388460" lon="-3.736690"/>
      <trkpt lat="43.388470" lon="-3.736280"/>
      <trkpt lat="43.388480" lon="-3.734200"/>
      <trkpt lat="43.388470" lon="-3.731490"/>
      <trkpt lat="43.388460" lon="-3.729940"/>
      <trkpt lat="43.388460" lon="-3.728750"/>
      <trkpt lat="43.388460" lon="-3.727840"/>
      <trkpt lat="43.388480" lon="-3.727440"/>
      <trkpt lat="43.388530" lon="-3.727030"/>
      <trkpt lat="43.388580" lon="-3.726630"/>
      <trkpt lat="43.388650" lon="-3.726240"/>
      <trkpt lat="43.388730" lon="-3.725810"/>
      <trkpt lat="43.388870" lon="-3.725330"/>
      <trkpt lat="43.388990" lon="-3.724940"/>
      <trkpt lat="43.389170" lon="-3.724450"/>
      <trkpt lat="43.389480" lon="-3.723660"/>
      <trkpt lat="43.389640" lon="-3.723210"/>
      <trkpt lat="43.389760" lon="-3.722860"/>
      <trkpt lat="43.389880" lon="-3.722450"/>
      <trkpt lat="43.389970" lon="-3.722070"/>
      <trkpt lat="43.390120" lon="-3.721430"/>
      <trkpt lat="43.390220" lon="-3.720930"/>
      <trkpt lat="43.390300" lon="-3.720380"/>
      <trkpt lat="43.390370" lon="-3.719830"/>
      <trkpt lat="43.390400" lon="-3.719310"/>
      <trkpt lat="43.390430" lon="-3.718790"/>
      <trkpt lat="43.390430" lon="-3.718260"/>
      <trkpt lat="43.390420" lon="-3.717700"/>
      <trkpt lat="43.390400" lon="-3.717100"/>
      <trkpt lat="43.390340" lon="-3.715870"/>
      <trkpt lat="43.390340" lon="-3.714870"/>
      <trkpt lat="43.390380" lon="-3.713870"/>
      <trkpt lat="43.390550" lon="-3.712250"/>
      <trkpt lat="43.390650" lon="-3.711390"/>
      <trkpt lat="43.390990" lon="-3.708990"/>
      <trkpt lat="43.391100" lon="-3.707670"/>
      <trkpt lat="43.391170" lon="-3.706840"/>
      <trkpt lat="43.391360" lon="-3.704600"/>
      <trkpt lat="43.391430" lon="-3.704070"/>
      <trkpt lat="43.391610" lon="-3.702830"/>
      <trkpt lat="43.391880" lon="-3.701350"/>
      <trkpt lat="43.391940" lon="-3.700840"/>
      <trkpt lat="43.391960" lon="-3.699900"/>
      <trkpt lat="43.391960" lon="-3.699570"/>
      <trkpt lat="43.391930" lon="-3.699030"/>
      <trkpt lat="43.391860" lon="-3.698500"/>
      <trkpt lat="43.391780" lon="-3.698000"/>
      <trkpt lat="43.391700" lon="-3.697640"/>
      <trkpt lat="43.391590" lon="-3.697190"/>
      <trkpt lat="43.391420" lon="-3.696700"/>
      <trkpt lat="43.391300" lon="-3.696250"/>
      <trkpt lat="43.391060" lon="-3.695390"/>
      <trkpt lat="43.390860" lon="-3.694550"/>
      <trkpt lat="43.390670" lon="-3.693480"/>
      <trkpt lat="43.390540" lon="-3.692290"/>
      <trkpt lat="43.390470" lon="-3.691500"/>
      <trkpt lat="43.390390" lon="-3.690690"/>
      <trkpt lat="43.390320" lon="-3.690190"/>
      <trkpt lat="43.390250" lon="-3.689720"/>
      <trkpt lat="43.390070" lon="-3.688890"/>
      <trkpt lat="43.389920" lon="-3.688310"/>
      <trkpt lat="43.389820" lon="-3.687960"/>
      <trkpt lat="43.389590" lon="-3.686990"/>
      <trkpt lat="43.389450" lon="-3.686470"/>
      <trkpt lat="43.389330" lon="-3.685880"/>
      <trkpt lat="43.388940" lon="-3.683680"/>
      <trkpt lat="43.388720" lon="-3.682480"/>
      <trkpt lat="43.387920" lon="-3.679390"/>
      <trkpt lat="43.387700" lon="-3.678500"/>
      <trkpt lat="43.387530" lon="-3.677670"/>
      <trkpt lat="43.387380" lon="-3.676800"/>
      <trkpt lat="43.387320" lon="-3.676370"/>
      <trkpt lat="43.387280" lon="-3.675930"/>
      <trkpt lat="43.387170" lon="-3.674790"/>
      <trkpt lat="43.387130" lon="-3.673720"/>
      <trkpt lat="43.387130" lon="-3.673060"/>
      <trkpt lat="43.387150" lon="-3.672450"/>
      <trkpt lat="43.387180" lon="-3.671670"/>
      <trkpt lat="43.387230" lon="-3.671060"/>
      <trkpt lat="43.387270" lon="-3.670600"/>
      <trkpt lat="43.387300" lon="-3.670330"/>
      <trkpt lat="43.387430" lon="-3.669420"/>
      <trkpt lat="43.387490" lon="-3.669080"/>
      <trkpt lat="43.387550" lon="-3.668730"/>
      <trkpt lat="43.387670" lon="-3.668100"/>
      <trkpt lat="43.387830" lon="-3.667520"/>
      <trkpt lat="43.388020" lon="-3.666820"/>
      <trkpt lat="43.388150" lon="-3.666430"/>
      <trkpt lat="43.388290" lon="-3.666040"/>
      <trkpt lat="43.388510" lon="-3.665520"/>
      <trkpt lat="43.388730" lon="-3.665020"/>
      <trkpt lat="43.388930" lon="-3.664620"/>
      <trkpt lat="43.389270" lon="-3.664010"/>
      <trkpt lat="43.389540" lon="-3.663570"/>
      <trkpt lat="43.389820" lon="-3.663130"/>
      <trkpt lat="43.390100" lon="-3.662720"/>
      <trkpt lat="43.390370" lon="-3.662310"/>
      <trkpt lat="43.390790" lon="-3.661660"/>
      <trkpt lat="43.391010" lon="-3.661300"/>
      <trkpt lat="43.391200" lon="-3.660950"/>
      <trkpt lat="43.391470" lon="-3.660360"/>
      <trkpt lat="43.391700" lon="-3.659870"/>
      <trkpt lat="43.391890" lon="-3.659380"/>
      <trkpt lat="43.392100" lon="-3.658770"/>
      <trkpt lat="43.392300" lon="-3.658160"/>
      <trkpt lat="43.392700" lon="-3.656950"/>
      <trkpt lat="43.392790" lon="-3.656680"/>
      <trkpt lat="43.392910" lon="-3.656380"/>
      <trkpt lat="43.393140" lon="-3.655820"/>
      <trkpt lat="43.393490" lon="-3.655040"/>
      <trkpt lat="43.393990" lon="-3.654210"/>
      <trkpt lat="43.394340" lon="-3.653640"/>
      <trkpt lat="43.394690" lon="-3.653070"/>
      <trkpt lat="43.394930" lon="-3.652670"/>
      <trkpt lat="43.395140" lon="-3.652280"/>
      <trkpt lat="43.395450" lon="-3.651650"/>
      <trkpt lat="43.395630" lon="-3.651240"/>
      <trkpt lat="43.395800" lon="-3.650830"/>
      <trkpt lat="43.395940" lon="-3.650470"/>
      <trkpt lat="43.396060" lon="-3.650110"/>
      <trkpt lat="43.396170" lon="-3.649780"/>
      <trkpt lat="43.396270" lon="-3.649430"/>
      <trkpt lat="43.396400" lon="-3.648930"/>
      <trkpt lat="43.396530" lon="-3.648420"/>
      <trkpt lat="43.396740" lon="-3.647560"/>
      <trkpt lat="43.396850" lon="-3.647130"/>
      <trkpt lat="43.396980" lon="-3.646700"/>
      <trkpt lat="43.397150" lon="-3.646190"/>
      <trkpt lat="43.397350" lon="-3.645700"/>
      <trkpt lat="43.397500" lon="-3.645370"/>
      <trkpt lat="43.397660" lon="-3.645060"/>
      <trkpt lat="43.397820" lon="-3.644740"/>
      <trkpt lat="43.397990" lon="-3.644450"/>
      <trkpt lat="43.398160" lon="-3.644160"/>
      <trkpt lat="43.398400" lon="-3.643800"/>
      <trkpt lat="43.398870" lon="-3.643080"/>
      <trkpt lat="43.399180" lon="-3.642600"/>
      <trkpt lat="43.399500" lon="-3.642050"/>
      <trkpt lat="43.399930" lon="-3.641260"/>
      <trkpt lat="43.400220" lon="-3.640620"/>
      <trkpt lat="43.400510" lon="-3.639860"/>
      <trkpt lat="43.400730" lon="-3.639130"/>
      <trkpt lat="43.400970" lon="-3.638170"/>
      <trkpt lat="43.401150" lon="-3.637310"/>
      <trkpt lat="43.401250" lon="-3.636590"/>
      <trkpt lat="43.401310" lon="-3.636020"/>
      <trkpt lat="43.401360" lon="-3.635190"/>
      <trkpt lat="43.401360" lon="-3.634330"/>
      <trkpt lat="43.401350" lon="-3.633780"/>
      <trkpt lat="43.401320" lon="-3.633210"/>
      <trkpt lat="43.401280" lon="-3.632290"/>
      <trkpt lat="43.401280" lon="-3.631870"/>
      <trkpt lat="43.401300" lon="-3.631430"/>
      <trkpt lat="43.401310" lon="-3.631200"/>
      <trkpt lat="43.401330" lon="-3.630960"/>
      <trkpt lat="43.401380" lon="-3.630610"/>
      <trkpt lat="43.401450" lon="-3.630270"/>
      <trkpt lat="43.401630" lon="-3.629570"/>
      <trkpt lat="43.401750" lon="-3.629210"/>
      <trkpt lat="43.401880" lon="-3.628860"/>
      <trkpt lat="43.402180" lon="-3.628190"/>
      <trkpt lat="43.402490" lon="-3.627680"/>
      <trkpt lat="43.402980" lon="-3.627040"/>
      <trkpt lat="43.403620" lon="-3.626380"/>
      <trkpt lat="43.403950" lon="-3.626040"/>
      <trkpt lat="43.404250" lon="-3.625710"/>
      <trkpt lat="43.404490" lon="-3.625430"/>
      <trkpt lat="43.404690" lon="-3.625160"/>
      <trkpt lat="43.404920" lon="-3.624810"/>
      <trkpt lat="43.405120" lon="-3.624450"/>
      <trkpt lat="43.405280" lon="-3.624140"/>
      <trkpt lat="43.405450" lon="-3.623730"/>
      <trkpt lat="43.405600" lon="-3.623290"/>
      <trkpt lat="43.405720" lon="-3.622830"/>
      <trkpt lat="43.405830" lon="-3.622290"/>
      <trkpt lat="43.405910" lon="-3.621900"/>
      <trkpt lat="43.405990" lon="-3.621350"/>
      <trkpt lat="43.406070" lon="-3.620800"/>
      <trkpt lat="43.406140" lon="-3.620400"/>
      <trkpt lat="43.406230" lon="-3.620010"/>
      <trkpt lat="43.406320" lon="-3.619660"/>
      <trkpt lat="43.406420" lon="-3.619340"/>
      <trkpt lat="43.406610" lon="-3.618690"/>
      <trkpt lat="43.406790" lon="-3.618100"/>
      <trkpt lat="43.406920" lon="-3.617500"/>
      <trkpt lat="43.407030" lon="-3.616710"/>
      <trkpt lat="43.407090" lon="-3.616210"/>
      <trkpt lat="43.407150" lon="-3.615350"/>
      <trkpt lat="43.407160" lon="-3.614740"/>
      <trkpt lat="43.407130" lon="-3.614120"/>
      <trkpt lat="43.407090" lon="-3.613610"/>
      <trkpt lat="43.407020" lon="-3.613170"/>
      <trkpt lat="43.406970" lon="-3.612670"/>
      <trkpt lat="43.406910" lon="-3.612260"/>
      <trkpt lat="43.406850" lon="-3.611880"/>
      <trkpt lat="43.406820" lon="-3.611610"/>
      <trkpt lat="43.406780" lon="-3.611320"/>
      <trkpt lat="43.406720" lon="-3.610810"/>
      <trkpt lat="43.406690" lon="-3.610300"/>
      <trkpt lat="43.406680" lon="-3.609770"/>
      <trkpt lat="43.406700" lon="-3.609240"/>
      <trkpt lat="43.406710" lon="-3.608940"/>
      <trkpt lat="43.406750" lon="-3.608370"/>
      <trkpt lat="43.406780" lon="-3.607760"/>
      <trkpt lat="43.406810" lon="-3.606690"/>
      <trkpt lat="43.406800" lon="-3.606380"/>
      <trkpt lat="43.406780" lon="-3.606070"/>
      <trkpt lat="43.406730" lon="-3.605480"/>
      <trkpt lat="43.406670" lon="-3.604830"/>
      <trkpt lat="43.406630" lon="-3.604290"/>
      <trkpt lat="43.406600" lon="-3.603740"/>
      <trkpt lat="43.406600" lon="-3.603380"/>
      <trkpt lat="43.406610" lon="-3.603030"/>
      <trkpt lat="43.406650" lon="-3.602650"/>
      <trkpt lat="43.406700" lon="-3.602280"/>
      <trkpt lat="43.406750" lon="-3.602000"/>
      <trkpt lat="43.406810" lon="-3.601710"/>
      <trkpt lat="43.406940" lon="-3.601210"/>
      <trkpt lat="43.407110" lon="-3.600710"/>
      <trkpt lat="43.407240" lon="-3.600370"/>
      <trkpt lat="43.407390" lon="-3.600040"/>
      <trkpt lat="43.407560" lon="-3.599690"/>
      <trkpt lat="43.407730" lon="-3.599360"/>
      <trkpt lat="43.407930" lon="-3.599020"/>
      <trkpt lat="43.408140" lon="-3.598680"/>
      <trkpt lat="43.408570" lon="-3.598050"/>
      <trkpt lat="43.409020" lon="-3.597390"/>
      <trkpt lat="43.409430" lon="-3.596760"/>
      <trkpt lat="43.409880" lon="-3.595940"/>
      <trkpt lat="43.410200" lon="-3.595280"/>
      <trkpt lat="43.410360" lon="-3.594920"/>
      <trkpt lat="43.410510" lon="-3.594520"/>
      <trkpt lat="43.410650" lon="-3.594130"/>
      <trkpt lat="43.410780" lon="-3.593750"/>
      <trkpt lat="43.411010" lon="-3.592970"/>
      <trkpt lat="43.411080" lon="-3.592660"/>
      <trkpt lat="43.411160" lon="-3.592360"/>
      <trkpt lat="43.411200" lon="-3.592150"/>
      <trkpt lat="43.411240" lon="-3.591990"/>
      <trkpt lat="43.411290" lon="-3.591670"/>
      <trkpt lat="43.411350" lon="-3.591240"/>
      <trkpt lat="43.411400" lon="-3.590550"/>
      <trkpt lat="43.411400" lon="-3.589850"/>
      <trkpt lat="43.411380" lon="-3.589480"/>
      <trkpt lat="43.411340" lon="-3.589080"/>
      <trkpt lat="43.411230" lon="-3.588240"/>
      <trkpt lat="43.411100" lon="-3.587400"/>
      <trkpt lat="43.411040" lon="-3.586800"/>
      <trkpt lat="43.411010" lon="-3.586230"/>
      <trkpt lat="43.411000" lon="-3.585840"/>
      <trkpt lat="43.411020" lon="-3.585430"/>
      <trkpt lat="43.411050" lon="-3.585010"/>
      <trkpt lat="43.411120" lon="-3.584460"/>
      <trkpt lat="43.411230" lon="-3.583900"/>
      <trkpt lat="43.411450" lon="-3.582820"/>
      <trkpt lat="43.411570" lon="-3.582180"/>
      <trkpt lat="43.411630" lon="-3.581650"/>
      <trkpt lat="43.411660" lon="-3.581150"/>
      <trkpt lat="43.411650" lon="-3.580640"/>
      <trkpt lat="43.411620" lon="-3.580180"/>
      <trkpt lat="43.411600" lon="-3.579840"/>
      <trkpt lat="43.411590" lon="-3.579740"/>
      <trkpt lat="43.411570" lon="-3.579320"/>
      <trkpt lat="43.411560" lon="-3.579000"/>
      <trkpt lat="43.411560" lon="-3.578750"/>
      <trkpt lat="43.411570" lon="-3.578280"/>
      <trkpt lat="43.411610" lon="-3.577870"/>
      <trkpt lat="43.411660" lon="-3.577500"/>
      <trkpt lat="43.411710" lon="-3.577150"/>
      <trkpt lat="43.411780" lon="-3.576830"/>
      <trkpt lat="43.411890" lon="-3.576400"/>
      <trkpt lat="43.412110" lon="-3.575540"/>
      <trkpt lat="43.412270" lon="-3.574900"/>
      <trkpt lat="43.412390" lon="-3.574240"/>
      <trkpt lat="43.412490" lon="-3.573280"/>
      <trkpt lat="43.412500" lon="-3.572480"/>
      <trkpt lat="43.412490" lon="-3.572050"/>
      <trkpt lat="43.412430" lon="-3.571320"/>
      <trkpt lat="43.412380" lon="-3.570900"/>
      <trkpt lat="43.412320" lon="-3.570500"/>
      <trkpt lat="43.412170" lon="-3.569830"/>
      <trkpt lat="43.412050" lon="-3.569370"/>
      <trkpt lat="43.411910" lon="-3.568940"/>
      <trkpt lat="43.411640" lon="-3.568070"/>
      <trkpt lat="43.411470" lon="-3.567400"/>
      <trkpt lat="43.411390" lon="-3.566990"/>
      <trkpt lat="43.411310" lon="-3.566560"/>
      <trkpt lat="43.411200" lon="-3.565580"/>
      <trkpt lat="43.411200" lon="-3.565180"/>
      <trkpt lat="43.411200" lon="-3.564760"/>
      <trkpt lat="43.411230" lon="-3.564260"/>
      <trkpt lat="43.411280" lon="-3.563730"/>
      <trkpt lat="43.411340" lon="-3.563290"/>
      <trkpt lat="43.411420" lon="-3.562840"/>
      <trkpt lat="43.411490" lon="-3.562490"/>
      <trkpt lat="43.411580" lon="-3.562170"/>
      <trkpt lat="43.411690" lon="-3.561790"/>
      <trkpt lat="43.411820" lon="-3.561410"/>
      <trkpt lat="43.411970" lon="-3.561010"/>
      <trkpt lat="43.412150" lon="-3.560600"/>
      <trkpt lat="43.412360" lon="-3.560180"/>
      <trkpt lat="43.412480" lon="-3.559960"/>
      <trkpt lat="43.412600" lon="-3.559750"/>
      <trkpt lat="43.412810" lon="-3.559430"/>
      <trkpt lat="43.413040" lon="-3.559110"/>
      <trkpt lat="43.413250" lon="-3.558820"/>
      <trkpt lat="43.413490" lon="-3.558560"/>
      <trkpt lat="43.413860" lon="-3.558180"/>
      <trkpt lat="43.414240" lon="-3.557830"/>
      <trkpt lat="43.414620" lon="-3.557470"/>
      <trkpt lat="43.415000" lon="-3.557110"/>
      <trkpt lat="43.415200" lon="-3.556900"/>
      <trkpt lat="43.415380" lon="-3.556670"/>
      <trkpt lat="43.415700" lon="-3.556210"/>
      <trkpt lat="43.415880" lon="-3.555900"/>
      <trkpt lat="43.416050" lon="-3.555570"/>
      <trkpt lat="43.416170" lon="-3.555310"/>
      <trkpt lat="43.416280" lon="-3.555040"/>
      <trkpt lat="43.416430" lon="-3.554570"/>
      <trkpt lat="43.416490" lon="-3.554330"/>
      <trkpt lat="43.416590" lon="-3.553940"/>
      <trkpt lat="43.416660" lon="-3.553570"/>
      <trkpt lat="43.416700" lon="-3.553250"/>
      <trkpt lat="43.416750" lon="-3.552870"/>
      <trkpt lat="43.416770" lon="-3.552480"/>
      <trkpt lat="43.416770" lon="-3.551920"/>
      <trkpt lat="43.416760" lon="-3.551650"/>
      <trkpt lat="43.416730" lon="-3.551380"/>
      <trkpt lat="43.416680" lon="-3.550970"/>
      <trkpt lat="43.416610" lon="-3.550580"/>
      <trkpt lat="43.416520" lon="-3.550200"/>
      <trkpt lat="43.416420" lon="-3.549850"/>
      <trkpt lat="43.416330" lon="-3.549560"/>
      <trkpt lat="43.416220" lon="-3.549280"/>
      <trkpt lat="43.415950" lon="-3.548690"/>
      <trkpt lat="43.415790" lon="-3.548410"/>
      <trkpt lat="43.415630" lon="-3.548140"/>
      <trkpt lat="43.415170" lon="-3.547490"/>
      <trkpt lat="43.414430" lon="-3.546390"/>
      <trkpt lat="43.413970" lon="-3.545490"/>
      <trkpt lat="43.413760" lon="-3.544920"/>
      <trkpt lat="43.413560" lon="-3.544320"/>
      <trkpt lat="43.413380" lon="-3.543650"/>
      <trkpt lat="43.413330" lon="-3.543390"/>
      <trkpt lat="43.413290" lon="-3.543150"/>
      <trkpt lat="43.413240" lon="-3.542860"/>
      <trkpt lat="43.413220" lon="-3.542710"/>
      <trkpt lat="43.413200" lon="-3.542570"/>
      <trkpt lat="43.413190" lon="-3.542420"/>
      <trkpt lat="43.413170" lon="-3.542270"/>
      <trkpt lat="43.413150" lon="-3.541960"/>
      <trkpt lat="43.413120" lon="-3.541600"/>
      <trkpt lat="43.413120" lon="-3.541270"/>
      <trkpt lat="43.413120" lon="-3.541040"/>
      <trkpt lat="43.413120" lon="-3.540780"/>
      <trkpt lat="43.413130" lon="-3.540550"/>
      <trkpt lat="43.413150" lon="-3.540290"/>
      <trkpt lat="43.413170" lon="-3.540060"/>
      <trkpt lat="43.413200" lon="-3.539780"/>
      <trkpt lat="43.413230" lon="-3.539540"/>
      <trkpt lat="43.413280" lon="-3.539190"/>
      <trkpt lat="43.413330" lon="-3.538880"/>
      <trkpt lat="43.413470" lon="-3.538150"/>
      <trkpt lat="43.413540" lon="-3.537750"/>
      <trkpt lat="43.413600" lon="-3.537420"/>
      <trkpt lat="43.413640" lon="-3.537130"/>
      <trkpt lat="43.413660" lon="-3.536840"/>
      <trkpt lat="43.413680" lon="-3.536570"/>
      <trkpt lat="43.413690" lon="-3.536290"/>
      <trkpt lat="43.413700" lon="-3.536040"/>
      <trkpt lat="43.413690" lon="-3.535700"/>
      <trkpt lat="43.413680" lon="-3.535380"/>
      <trkpt lat="43.413650" lon="-3.535070"/>
      <trkpt lat="43.413630" lon="-3.534850"/>
      <trkpt lat="43.413600" lon="-3.534640"/>
      <trkpt lat="43.413580" lon="-3.534470"/>
      <trkpt lat="43.413520" lon="-3.534160"/>
      <trkpt lat="43.413460" lon="-3.533880"/>
      <trkpt lat="43.413410" lon="-3.533660"/>
      <trkpt lat="43.413360" lon="-3.533450"/>
      <trkpt lat="43.413310" lon="-3.533290"/>
      <trkpt lat="43.413240" lon="-3.533080"/>
      <trkpt lat="43.413170" lon="-3.532870"/>
      <trkpt lat="43.413130" lon="-3.532770"/>
      <trkpt lat="43.413060" lon="-3.532600"/>
      <trkpt lat="43.412950" lon="-3.532340"/>
      <trkpt lat="43.412830" lon="-3.532090"/>
      <trkpt lat="43.412690" lon="-3.531810"/>
      <trkpt lat="43.412080" lon="-3.530630"/>
      <trkpt lat="43.412030" lon="-3.530530"/>
      <trkpt lat="43.411880" lon="-3.530260"/>
      <trkpt lat="43.411740" lon="-3.529940"/>
      <trkpt lat="43.411640" lon="-3.529720"/>
      <trkpt lat="43.411560" lon="-3.529500"/>
      <trkpt lat="43.411500" lon="-3.529320"/>
      <trkpt lat="43.411440" lon="-3.529160"/>
      <trkpt lat="43.411410" lon="-3.529030"/>
      <trkpt lat="43.411360" lon="-3.528880"/>
      <trkpt lat="43.411300" lon="-3.528620"/>
      <trkpt lat="43.411270" lon="-3.528480"/>
      <trkpt lat="43.411240" lon="-3.528350"/>
      <trkpt lat="43.411210" lon="-3.528190"/>
      <trkpt lat="43.411180" lon="-3.528050"/>
      <trkpt lat="43.411160" lon="-3.527910"/>
      <trkpt lat="43.411130" lon="-3.527710"/>
      <trkpt lat="43.411110" lon="-3.527470"/>
      <trkpt lat="43.411090" lon="-3.527190"/>
      <trkpt lat="43.411080" lon="-3.526910"/>
      <trkpt lat="43.411080" lon="-3.526660"/>
      <trkpt lat="43.411080" lon="-3.526450"/>
      <trkpt lat="43.411090" lon="-3.526260"/>
      <trkpt lat="43.411100" lon="-3.526020"/>
      <trkpt lat="43.411130" lon="-3.525770"/>
      <trkpt lat="43.411180" lon="-3.525360"/>
      <trkpt lat="43.411240" lon="-3.524950"/>
      <trkpt lat="43.411390" lon="-3.524100"/>
      <trkpt lat="43.411460" lon="-3.523750"/>
      <trkpt lat="43.411510" lon="-3.523370"/>
      <trkpt lat="43.411560" lon="-3.523030"/>
      <trkpt lat="43.411590" lon="-3.522670"/>
      <trkpt lat="43.411610" lon="-3.522300"/>
      <trkpt lat="43.411620" lon="-3.522040"/>
      <trkpt lat="43.411620" lon="-3.521770"/>
      <trkpt lat="43.411620" lon="-3.521390"/>
      <trkpt lat="43.411610" lon="-3.521060"/>
      <trkpt lat="43.411590" lon="-3.520770"/>
      <trkpt lat="43.411560" lon="-3.520510"/>
      <trkpt lat="43.411530" lon="-3.520220"/>
      <trkpt lat="43.411480" lon="-3.519930"/>
      <trkpt lat="43.411420" lon="-3.519590"/>
      <trkpt lat="43.411380" lon="-3.519410"/>
      <trkpt lat="43.411350" lon="-3.519290"/>
      <trkpt lat="43.411290" lon="-3.519040"/>
      <trkpt lat="43.411200" lon="-3.518700"/>
      <trkpt lat="43.411060" lon="-3.518270"/>
      <trkpt lat="43.410930" lon="-3.517910"/>
      <trkpt lat="43.410790" lon="-3.517560"/>
      <trkpt lat="43.410640" lon="-3.517230"/>
      <trkpt lat="43.410490" lon="-3.516940"/>
      <trkpt lat="43.410340" lon="-3.516680"/>
      <trkpt lat="43.410030" lon="-3.516150"/>
      <trkpt lat="43.409710" lon="-3.515620"/>
      <trkpt lat="43.409410" lon="-3.515090"/>
      <trkpt lat="43.409230" lon="-3.514700"/>
      <trkpt lat="43.409060" lon="-3.514300"/>
      <trkpt lat="43.408910" lon="-3.513920"/>
      <trkpt lat="43.408780" lon="-3.513550"/>
      <trkpt lat="43.408660" lon="-3.513150"/>
      <trkpt lat="43.408570" lon="-3.512790"/>
      <trkpt lat="43.408510" lon="-3.512520"/>
      <trkpt lat="43.408450" lon="-3.512270"/>
      <trkpt lat="43.408400" lon="-3.512010"/>
      <trkpt lat="43.408360" lon="-3.511770"/>
      <trkpt lat="43.408320" lon="-3.511480"/>
      <trkpt lat="43.408290" lon="-3.511240"/>
      <trkpt lat="43.408260" lon="-3.510960"/>
      <trkpt lat="43.408250" lon="-3.510700"/>
      <trkpt lat="43.408230" lon="-3.510280"/>
      <trkpt lat="43.408220" lon="-3.509930"/>
      <trkpt lat="43.408230" lon="-3.509630"/>
      <trkpt lat="43.408240" lon="-3.509370"/>
      <trkpt lat="43.408260" lon="-3.509100"/>
      <trkpt lat="43.408310" lon="-3.508690"/>
      <trkpt lat="43.408340" lon="-3.508420"/>
      <trkpt lat="43.408380" lon="-3.508150"/>
      <trkpt lat="43.408430" lon="-3.507910"/>
      <trkpt lat="43.408480" lon="-3.507630"/>
      <trkpt lat="43.408550" lon="-3.507330"/>
      <trkpt lat="43.408630" lon="-3.507020"/>
      <trkpt lat="43.408710" lon="-3.506720"/>
      <trkpt lat="43.408770" lon="-3.506520"/>
      <trkpt lat="43.408810" lon="-3.506400"/>
      <trkpt lat="43.408970" lon="-3.505950"/>
      <trkpt lat="43.409200" lon="-3.505340"/>
      <trkpt lat="43.409320" lon="-3.504990"/>
      <trkpt lat="43.409430" lon="-3.504670"/>
      <trkpt lat="43.409520" lon="-3.504380"/>
      <trkpt lat="43.409580" lon="-3.504140"/>
      <trkpt lat="43.409620" lon="-3.503950"/>
      <trkpt lat="43.409670" lon="-3.503720"/>
      <trkpt lat="43.409710" lon="-3.503500"/>
      <trkpt lat="43.409730" lon="-3.503300"/>
      <trkpt lat="43.409760" lon="-3.503040"/>
      <trkpt lat="43.409780" lon="-3.502810"/>
      <trkpt lat="43.409790" lon="-3.502580"/>
      <trkpt lat="43.409800" lon="-3.502370"/>
      <trkpt lat="43.409800" lon="-3.502140"/>
      <trkpt lat="43.409800" lon="-3.501940"/>
      <trkpt lat="43.409780" lon="-3.501690"/>
      <trkpt lat="43.409760" lon="-3.501440"/>
      <trkpt lat="43.409730" lon="-3.501190"/>
      <trkpt lat="43.409690" lon="-3.500940"/>
      <trkpt lat="43.409660" lon="-3.500720"/>
      <trkpt lat="43.409620" lon="-3.500510"/>
      <trkpt lat="43.409570" lon="-3.500310"/>
      <trkpt lat="43.409520" lon="-3.500110"/>
      <trkpt lat="43.409440" lon="-3.499870"/>
      <trkpt lat="43.409370" lon="-3.499640"/>
      <trkpt lat="43.409300" lon="-3.499450"/>
      <trkpt lat="43.409230" lon="-3.499270"/>
      <trkpt lat="43.409140" lon="-3.499060"/>
      <trkpt lat="43.409030" lon="-3.498840"/>
      <trkpt lat="43.408930" lon="-3.498640"/>
      <trkpt lat="43.408820" lon="-3.498460"/>
      <trkpt lat="43.408720" lon="-3.498270"/>
      <trkpt lat="43.408600" lon="-3.498100"/>
      <trkpt lat="43.408450" lon="-3.497890"/>
      <trkpt lat="43.408360" lon="-3.497770"/>
      <trkpt lat="43.408220" lon="-3.497610"/>
      <trkpt lat="43.408100" lon="-3.497470"/>
      <trkpt lat="43.407980" lon="-3.497350"/>
      <trkpt lat="43.407860" lon="-3.497230"/>
      <trkpt lat="43.407730" lon="-3.497110"/>
      <trkpt lat="43.407600" lon="-3.497000"/>
      <trkpt lat="43.407460" lon="-3.496900"/>
      <trkpt lat="43.407320" lon="-3.496800"/>
      <trkpt lat="43.407170" lon="-3.496710"/>
      <trkpt lat="43.407000" lon="-3.496600"/>
      <trkpt lat="43.406870" lon="-3.496540"/>
      <trkpt lat="43.406760" lon="-3.496480"/>
      <trkpt lat="43.406700" lon="-3.496460"/>
      <trkpt lat="43.406590" lon="-3.496410"/>
      <trkpt lat="43.405910" lon="-3.496180"/>
      <trkpt lat="43.405610" lon="-3.496070"/>
      <trkpt lat="43.405260" lon="-3.495940"/>
      <trkpt lat="43.404970" lon="-3.495810"/>
      <trkpt lat="43.404820" lon="-3.495740"/>
      <trkpt lat="43.404610" lon="-3.495620"/>
      <trkpt lat="43.404500" lon="-3.495560"/>
      <trkpt lat="43.404380" lon="-3.495480"/>
      <trkpt lat="43.404270" lon="-3.495410"/>
      <trkpt lat="43.404040" lon="-3.495250"/>
      <trkpt lat="43.403880" lon="-3.495130"/>
      <trkpt lat="43.403720" lon="-3.495000"/>
      <trkpt lat="43.403410" lon="-3.494740"/>
      <trkpt lat="43.403010" lon="-3.494330"/>
      <trkpt lat="43.402810" lon="-3.494100"/>
      <trkpt lat="43.402410" lon="-3.493600"/>
      <trkpt lat="43.402070" lon="-3.493110"/>
      <trkpt lat="43.401740" lon="-3.492560"/>
      <trkpt lat="43.401580" lon="-3.492250"/>
      <trkpt lat="43.401430" lon="-3.491940"/>
      <trkpt lat="43.401290" lon="-3.491610"/>
      <trkpt lat="43.401150" lon="-3.491270"/>
      <trkpt lat="43.400810" lon="-3.490290"/>
      <trkpt lat="43.400490" lon="-3.489290"/>
      <trkpt lat="43.400380" lon="-3.488950"/>
      <trkpt lat="43.400250" lon="-3.488630"/>
      <trkpt lat="43.399960" lon="-3.487980"/>
      <trkpt lat="43.399730" lon="-3.487520"/>
      <trkpt lat="43.399320" lon="-3.486850"/>
      <trkpt lat="43.399110" lon="-3.486520"/>
      <trkpt lat="43.398760" lon="-3.486050"/>
      <trkpt lat="43.398710" lon="-3.486000"/>
      <trkpt lat="43.398600" lon="-3.485860"/>
      <trkpt lat="43.398440" lon="-3.485660"/>
      <trkpt lat="43.398310" lon="-3.485500"/>
      <trkpt lat="43.397780" lon="-3.484920"/>
      <trkpt lat="43.397320" lon="-3.484450"/>
      <trkpt lat="43.397080" lon="-3.484230"/>
      <trkpt lat="43.396840" lon="-3.484010"/>
      <trkpt lat="43.396370" lon="-3.483590"/>
      <trkpt lat="43.395950" lon="-3.483240"/>
      <trkpt lat="43.395510" lon="-3.482900"/>
      <trkpt lat="43.394650" lon="-3.482240"/>
      <trkpt lat="43.394140" lon="-3.481810"/>
      <trkpt lat="43.393890" lon="-3.481590"/>
      <trkpt lat="43.393640" lon="-3.481350"/>
      <trkpt lat="43.393400" lon="-3.481120"/>
      <trkpt lat="43.393160" lon="-3.480880"/>
      <trkpt lat="43.392810" lon="-3.480470"/>
      <trkpt lat="43.392470" lon="-3.480040"/>
      <trkpt lat="43.392110" lon="-3.479530"/>
      <trkpt lat="43.391770" lon="-3.478950"/>
      <trkpt lat="43.391550" lon="-3.478530"/>
      <trkpt lat="43.391330" lon="-3.478080"/>
      <trkpt lat="43.391210" lon="-3.477780"/>
      <trkpt lat="43.391080" lon="-3.477460"/>
      <trkpt lat="43.390970" lon="-3.477140"/>
      <trkpt lat="43.390860" lon="-3.476810"/>
      <trkpt lat="43.390740" lon="-3.476390"/>
      <trkpt lat="43.390630" lon="-3.475950"/>
      <trkpt lat="43.390580" lon="-3.475740"/>
      <trkpt lat="43.390540" lon="-3.475530"/>
      <trkpt lat="43.390450" lon="-3.475030"/>
      <trkpt lat="43.390400" lon="-3.474670"/>
      <trkpt lat="43.390350" lon="-3.474230"/>
      <trkpt lat="43.390330" lon="-3.474030"/>
      <trkpt lat="43.390320" lon="-3.473840"/>
      <trkpt lat="43.390300" lon="-3.473610"/>
      <trkpt lat="43.390300" lon="-3.473400"/>
      <trkpt lat="43.390290" lon="-3.473140"/>
      <trkpt lat="43.390280" lon="-3.472820"/>
      <trkpt lat="43.390280" lon="-3.472470"/>
      <trkpt lat="43.390290" lon="-3.472080"/>
      <trkpt lat="43.390310" lon="-3.471730"/>
      <trkpt lat="43.390350" lon="-3.470960"/>
      <trkpt lat="43.390420" lon="-3.470170"/>
      <trkpt lat="43.390510" lon="-3.469370"/>
      <trkpt lat="43.390690" lon="-3.467740"/>
      <trkpt lat="43.390790" lon="-3.466850"/>
      <trkpt lat="43.391370" lon="-3.461730"/>
      <trkpt lat="43.391480" lon="-3.460660"/>
      <trkpt lat="43.391520" lon="-3.460210"/>
      <trkpt lat="43.391560" lon="-3.459510"/>
      <trkpt lat="43.391560" lon="-3.458820"/>
      <trkpt lat="43.391540" lon="-3.458480"/>
      <trkpt lat="43.391510" lon="-3.458150"/>
      <trkpt lat="43.391470" lon="-3.457760"/>
      <trkpt lat="43.391410" lon="-3.457400"/>
      <trkpt lat="43.391340" lon="-3.457030"/>
      <trkpt lat="43.391270" lon="-3.456690"/>
      <trkpt lat="43.391220" lon="-3.456510"/>
      <trkpt lat="43.391160" lon="-3.456290"/>
      <trkpt lat="43.390940" lon="-3.455600"/>
      <trkpt lat="43.390670" lon="-3.454880"/>
      <trkpt lat="43.390370" lon="-3.454170"/>
      <trkpt lat="43.390080" lon="-3.453460"/>
      <trkpt lat="43.389940" lon="-3.453110"/>
      <trkpt lat="43.389800" lon="-3.452740"/>
      <trkpt lat="43.389680" lon="-3.452400"/>
      <trkpt lat="43.389580" lon="-3.452050"/>
      <trkpt lat="43.389490" lon="-3.451700"/>
      <trkpt lat="43.389420" lon="-3.451380"/>
      <trkpt lat="43.389340" lon="-3.451150"/>
      <trkpt lat="43.389300" lon="-3.450950"/>
      <trkpt lat="43.389240" lon="-3.450560"/>
      <trkpt lat="43.389210" lon="-3.450220"/>
      <trkpt lat="43.389190" lon="-3.450060"/>
      <trkpt lat="43.389170" lon="-3.449940"/>
      <trkpt lat="43.389140" lon="-3.449840"/>
      <trkpt lat="43.389110" lon="-3.449740"/>
      <trkpt lat="43.389060" lon="-3.449650"/>
      <trkpt lat="43.389010" lon="-3.449570"/>
      <trkpt lat="43.388950" lon="-3.449510"/>
      <trkpt lat="43.388890" lon="-3.449460"/>
      <trkpt lat="43.388760" lon="-3.449360"/>
      <trkpt lat="43.388670" lon="-3.449290"/>
      <trkpt lat="43.388620" lon="-3.449250"/>
      <trkpt lat="43.388570" lon="-3.449190"/>
      <trkpt lat="43.388510" lon="-3.449100"/>
      <trkpt lat="43.388450" lon="-3.448980"/>
      <trkpt lat="43.388430" lon="-3.448880"/>
      <trkpt lat="43.388420" lon="-3.448820"/>
      <trkpt lat="43.388410" lon="-3.448770"/>
      <trkpt lat="43.388410" lon="-3.448660"/>
      <trkpt lat="43.388400" lon="-3.448560"/>
      <trkpt lat="43.388410" lon="-3.448430"/>
      <trkpt lat="43.388420" lon="-3.448330"/>
      <trkpt lat="43.388430" lon="-3.448260"/>
      <trkpt lat="43.388420" lon="-3.448170"/>
      <trkpt lat="43.388410" lon="-3.448140"/>
      <trkpt lat="43.388400" lon="-3.448100"/>
      <trkpt lat="43.388400" lon="-3.448060"/>
      <trkpt lat="43.388400" lon="-3.448030"/>
      <trkpt lat="43.388390" lon="-3.447990"/>
      <trkpt lat="43.388370" lon="-3.447940"/>
      <trkpt lat="43.388350" lon="-3.447890"/>
      <trkpt lat="43.388320" lon="-3.447830"/>
      <trkpt lat="43.388280" lon="-3.447780"/>
      <trkpt lat="43.388130" lon="-3.447640"/>
      <trkpt lat="43.388010" lon="-3.447520"/>
      <trkpt lat="43.387880" lon="-3.447430"/>
      <trkpt lat="43.387730" lon="-3.447340"/>
      <trkpt lat="43.387630" lon="-3.447270"/>
      <trkpt lat="43.387490" lon="-3.447160"/>
      <trkpt lat="43.387350" lon="-3.447050"/>
      <trkpt lat="43.387300" lon="-3.447000"/>
      <trkpt lat="43.387250" lon="-3.446960"/>
      <trkpt lat="43.387160" lon="-3.446870"/>
      <trkpt lat="43.387030" lon="-3.446730"/>
      <trkpt lat="43.386850" lon="-3.446510"/>
      <trkpt lat="43.386740" lon="-3.446350"/>
      <trkpt lat="43.386620" lon="-3.446150"/>
      <trkpt lat="43.386520" lon="-3.445940"/>
      <trkpt lat="43.386420" lon="-3.445740"/>
      <trkpt lat="43.386310" lon="-3.445490"/>
      <trkpt lat="43.385880" lon="-3.444450"/>
      <trkpt lat="43.385650" lon="-3.443930"/>
      <trkpt lat="43.385410" lon="-3.443410"/>
      <trkpt lat="43.385340" lon="-3.443250"/>
      <trkpt lat="43.384790" lon="-3.442170"/>
      <trkpt lat="43.384560" lon="-3.441700"/>
      <trkpt lat="43.384250" lon="-3.441080"/>
      <trkpt lat="43.384160" lon="-3.440910"/>
      <trkpt lat="43.384080" lon="-3.440750"/>
      <trkpt lat="43.383980" lon="-3.440570"/>
      <trkpt lat="43.383870" lon="-3.440410"/>
      <trkpt lat="43.383700" lon="-3.440160"/>
      <trkpt lat="43.383600" lon="-3.440030"/>
      <trkpt lat="43.383510" lon="-3.439920"/>
      <trkpt lat="43.383410" lon="-3.439810"/>
      <trkpt lat="43.383310" lon="-3.439700"/>
      <trkpt lat="43.383210" lon="-3.439610"/>
      <trkpt lat="43.383110" lon="-3.439510"/>
      <trkpt lat="43.382970" lon="-3.439400"/>
      <trkpt lat="43.382830" lon="-3.439300"/>
      <trkpt lat="43.382550" lon="-3.439120"/>
      <trkpt lat="43.382480" lon="-3.439070"/>
      <trkpt lat="43.382130" lon="-3.438880"/>
      <trkpt lat="43.381950" lon="-3.438780"/>
      <trkpt lat="43.381790" lon="-3.438670"/>
      <trkpt lat="43.381590" lon="-3.438530"/>
      <trkpt lat="43.381410" lon="-3.438370"/>
      <trkpt lat="43.381290" lon="-3.438230"/>
      <trkpt lat="43.381130" lon="-3.438040"/>
      <trkpt lat="43.380980" lon="-3.437810"/>
      <trkpt lat="43.380850" lon="-3.437580"/>
      <trkpt lat="43.380690" lon="-3.437180"/>
      <trkpt lat="43.380150" lon="-3.435340"/>
      <trkpt lat="43.379990" lon="-3.434820"/>
      <trkpt lat="43.379940" lon="-3.434680"/>
      <trkpt lat="43.379830" lon="-3.434410"/>
      <trkpt lat="43.379700" lon="-3.434150"/>
      <trkpt lat="43.379600" lon="-3.433980"/>
      <trkpt lat="43.379500" lon="-3.433840"/>
      <trkpt lat="43.379430" lon="-3.433740"/>
      <trkpt lat="43.379340" lon="-3.433640"/>
      <trkpt lat="43.379260" lon="-3.433560"/>
      <trkpt lat="43.379190" lon="-3.433490"/>
      <trkpt lat="43.379110" lon="-3.433430"/>
      <trkpt lat="43.379040" lon="-3.433360"/>
      <trkpt lat="43.378870" lon="-3.433240"/>
      <trkpt lat="43.378350" lon="-3.432910"/>
      <trkpt lat="43.378210" lon="-3.432800"/>
      <trkpt lat="43.378070" lon="-3.432670"/>
      <trkpt lat="43.377950" lon="-3.432560"/>
      <trkpt lat="43.377830" lon="-3.432430"/>
      <trkpt lat="43.377730" lon="-3.432290"/>
      <trkpt lat="43.377620" lon="-3.432140"/>
      <trkpt lat="43.377470" lon="-3.431900"/>
      <trkpt lat="43.377320" lon="-3.431660"/>
      <trkpt lat="43.377170" lon="-3.431410"/>
      <trkpt lat="43.377010" lon="-3.431180"/>
      <trkpt lat="43.376880" lon="-3.430990"/>
      <trkpt lat="43.376740" lon="-3.430810"/>
      <trkpt lat="43.376550" lon="-3.430580"/>
      <trkpt lat="43.376430" lon="-3.430460"/>
      <trkpt lat="43.376170" lon="-3.430220"/>
      <trkpt lat="43.376010" lon="-3.430080"/>
      <trkpt lat="43.375840" lon="-3.429950"/>
      <trkpt lat="43.375640" lon="-3.429810"/>
      <trkpt lat="43.375440" lon="-3.429680"/>
      <trkpt lat="43.375280" lon="-3.429590"/>
      <trkpt lat="43.375120" lon="-3.429520"/>
      <trkpt lat="43.373960" lon="-3.429020"/>
      <trkpt lat="43.373760" lon="-3.428940"/>
      <trkpt lat="43.373060" lon="-3.428640"/>
      <trkpt lat="43.371350" lon="-3.427930"/>
      <trkpt lat="43.370880" lon="-3.427730"/>
      <trkpt lat="43.370440" lon="-3.427540"/>
      <trkpt lat="43.370170" lon="-3.427410"/>
      <trkpt lat="43.369960" lon="-3.427290"/>
      <trkpt lat="43.369840" lon="-3.427210"/>
      <trkpt lat="43.369740" lon="-3.427140"/>
      <trkpt lat="43.369530" lon="-3.426980"/>
      <trkpt lat="43.369350" lon="-3.426820"/>
      <trkpt lat="43.369190" lon="-3.426640"/>
      <trkpt lat="43.369090" lon="-3.426530"/>
      <trkpt lat="43.368990" lon="-3.426410"/>
      <trkpt lat="43.368900" lon="-3.426290"/>
      <trkpt lat="43.368800" lon="-3.426150"/>
      <trkpt lat="43.368680" lon="-3.425980"/>
      <trkpt lat="43.368570" lon="-3.425790"/>
      <trkpt lat="43.368470" lon="-3.425590"/>
      <trkpt lat="43.368370" lon="-3.425390"/>
      <trkpt lat="43.368280" lon="-3.425180"/>
      <trkpt lat="43.368140" lon="-3.424810"/>
      <trkpt lat="43.368040" lon="-3.424460"/>
      <trkpt lat="43.367950" lon="-3.424110"/>
      <trkpt lat="43.367890" lon="-3.423860"/>
      <trkpt lat="43.367390" lon="-3.421520"/>
      <trkpt lat="43.366390" lon="-3.417010"/>
      <trkpt lat="43.365990" lon="-3.415240"/>
      <trkpt lat="43.365890" lon="-3.414950"/>
      <trkpt lat="43.365790" lon="-3.414710"/>
      <trkpt lat="43.365680" lon="-3.414490"/>
      <trkpt lat="43.365580" lon="-3.414330"/>
      <trkpt lat="43.365460" lon="-3.414140"/>
      <trkpt lat="43.365330" lon="-3.413970"/>
      <trkpt lat="43.365230" lon="-3.413850"/>
      <trkpt lat="43.365120" lon="-3.413750"/>
      <trkpt lat="43.364890" lon="-3.413530"/>
      <trkpt lat="43.364650" lon="-3.413360"/>
      <trkpt lat="43.364440" lon="-3.413230"/>
      <trkpt lat="43.364310" lon="-3.413160"/>
      <trkpt lat="43.364050" lon="-3.413070"/>
      <trkpt lat="43.363900" lon="-3.413040"/>
      <trkpt lat="43.363750" lon="-3.413010"/>
      <trkpt lat="43.363590" lon="-3.413000"/>
      <trkpt lat="43.363370" lon="-3.413000"/>
      <trkpt lat="43.363160" lon="-3.413030"/>
      <trkpt lat="43.363000" lon="-3.413060"/>
      <trkpt lat="43.362840" lon="-3.413120"/>
      <trkpt lat="43.362570" lon="-3.413230"/>
      <trkpt lat="43.362400" lon="-3.413330"/>
      <trkpt lat="43.362170" lon="-3.413480"/>
      <trkpt lat="43.362000" lon="-3.413620"/>
      <trkpt lat="43.361900" lon="-3.413720"/>
      <trkpt lat="43.361800" lon="-3.413830"/>
      <trkpt lat="43.361670" lon="-3.413980"/>
      <trkpt lat="43.361550" lon="-3.414150"/>
      <trkpt lat="43.361420" lon="-3.414360"/>
      <trkpt lat="43.361290" lon="-3.414600"/>
      <trkpt lat="43.361140" lon="-3.414920"/>
      <trkpt lat="43.361050" lon="-3.415170"/>
      <trkpt lat="43.360820" lon="-3.415860"/>
      <trkpt lat="43.360730" lon="-3.416110"/>
      <trkpt lat="43.360610" lon="-3.416370"/>
      <trkpt lat="43.360530" lon="-3.416530"/>
      <trkpt lat="43.360440" lon="-3.416690"/>
      <trkpt lat="43.360330" lon="-3.416870"/>
      <trkpt lat="43.360080" lon="-3.417180"/>
      <trkpt lat="43.359880" lon="-3.417390"/>
      <trkpt lat="43.359610" lon="-3.417620"/>
      <trkpt lat="43.359360" lon="-3.417780"/>
      <trkpt lat="43.359150" lon="-3.417880"/>
      <trkpt lat="43.358950" lon="-3.417960"/>
      <trkpt lat="43.358770" lon="-3.418010"/>
      <trkpt lat="43.358470" lon="-3.418050"/>
      <trkpt lat="43.358280" lon="-3.418050"/>
      <trkpt lat="43.358130" lon="-3.418040"/>
      <trkpt lat="43.357980" lon="-3.418020"/>
      <trkpt lat="43.357760" lon="-3.417970"/>
      <trkpt lat="43.357530" lon="-3.417900"/>
      <trkpt lat="43.357170" lon="-3.417690"/>
      <trkpt lat="43.357040" lon="-3.417600"/>
      <trkpt lat="43.356810" lon="-3.417400"/>
      <trkpt lat="43.356590" lon="-3.417180"/>
      <trkpt lat="43.356440" lon="-3.417020"/>
      <trkpt lat="43.356210" lon="-3.416770"/>
      <trkpt lat="43.356140" lon="-3.416690"/>
      <trkpt lat="43.355990" lon="-3.416530"/>
      <trkpt lat="43.355850" lon="-3.416400"/>
      <trkpt lat="43.355490" lon="-3.416120"/>
      <trkpt lat="43.355380" lon="-3.416040"/>
      <trkpt lat="43.355240" lon="-3.415960"/>
      <trkpt lat="43.354990" lon="-3.415830"/>
      <trkpt lat="43.354750" lon="-3.415730"/>
      <trkpt lat="43.354560" lon="-3.415670"/>
      <trkpt lat="43.354380" lon="-3.415630"/>
      <trkpt lat="43.354080" lon="-3.415580"/>
      <trkpt lat="43.353770" lon="-3.415540"/>
      <trkpt lat="43.353380" lon="-3.415520"/>
      <trkpt lat="43.353150" lon="-3.415510"/>
      <trkpt lat="43.352810" lon="-3.415460"/>
      <trkpt lat="43.352640" lon="-3.415420"/>
      <trkpt lat="43.352470" lon="-3.415360"/>
      <trkpt lat="43.352210" lon="-3.415230"/>
      <trkpt lat="43.352060" lon="-3.415140"/>
      <trkpt lat="43.351810" lon="-3.414960"/>
      <trkpt lat="43.351670" lon="-3.414850"/>
      <trkpt lat="43.351540" lon="-3.414740"/>
      <trkpt lat="43.351400" lon="-3.414590"/>
      <trkpt lat="43.351150" lon="-3.414320"/>
      <trkpt lat="43.350730" lon="-3.413950"/>
      <trkpt lat="43.350430" lon="-3.413650"/>
      <trkpt lat="43.350050" lon="-3.413360"/>
      <trkpt lat="43.349570" lon="-3.413080"/>
      <trkpt lat="43.349170" lon="-3.412870"/>
      <trkpt lat="43.348880" lon="-3.412800"/>
      <trkpt lat="43.348770" lon="-3.412850"/>
      <trkpt lat="43.348670" lon="-3.412920"/>
      <trkpt lat="43.348610" lon="-3.412740"/>
      <trkpt lat="43.348580" lon="-3.412670"/>
      <trkpt lat="43.348530" lon="-3.412620"/>
      <trkpt lat="43.348090" lon="-3.412230"/>
      <trkpt lat="43.347690" lon="-3.411910"/>
      <trkpt lat="43.347410" lon="-3.411700"/>
      <trkpt lat="43.347030" lon="-3.411430"/>
      <trkpt lat="43.346390" lon="-3.411000"/>
      <trkpt lat="43.345230" lon="-3.410370"/>
      <trkpt lat="43.344650" lon="-3.410050"/>
      <trkpt lat="43.343890" lon="-3.409640"/>
      <trkpt lat="43.343620" lon="-3.409510"/>
      <trkpt lat="43.343360" lon="-3.409390"/>
      <trkpt lat="43.342920" lon="-3.409200"/>
      <trkpt lat="43.342490" lon="-3.409040"/>
      <trkpt lat="43.342060" lon="-3.408900"/>
      <trkpt lat="43.341810" lon="-3.408820"/>
      <trkpt lat="43.340700" lon="-3.408530"/>
      <trkpt lat="43.340460" lon="-3.408480"/>
      <trkpt lat="43.340210" lon="-3.408400"/>
      <trkpt lat="43.339860" lon="-3.408280"/>
      <trkpt lat="43.339640" lon="-3.408210"/>
      <trkpt lat="43.339420" lon="-3.408120"/>
      <trkpt lat="43.339140" lon="-3.408000"/>
      <trkpt lat="43.338860" lon="-3.407850"/>
      <trkpt lat="43.338670" lon="-3.407750"/>
      <trkpt lat="43.338450" lon="-3.407630"/>
      <trkpt lat="43.337250" lon="-3.406900"/>
      <trkpt lat="43.337070" lon="-3.406800"/>
      <trkpt lat="43.336880" lon="-3.406710"/>
      <trkpt lat="43.336560" lon="-3.406560"/>
      <trkpt lat="43.336370" lon="-3.406490"/>
      <trkpt lat="43.336170" lon="-3.406430"/>
      <trkpt lat="43.335810" lon="-3.406350"/>
      <trkpt lat="43.335410" lon="-3.406290"/>
      <trkpt lat="43.334080" lon="-3.406130"/>
      <trkpt lat="43.333730" lon="-3.406100"/>
      <trkpt lat="43.333380" lon="-3.406090"/>
      <trkpt lat="43.333120" lon="-3.406110"/>
      <trkpt lat="43.332880" lon="-3.406130"/>
      <trkpt lat="43.332500" lon="-3.406180"/>
      <trkpt lat="43.332270" lon="-3.406240"/>
      <trkpt lat="43.331970" lon="-3.406330"/>
      <trkpt lat="43.331670" lon="-3.406450"/>
      <trkpt lat="43.331410" lon="-3.406570"/>
      <trkpt lat="43.331200" lon="-3.406670"/>
      <trkpt lat="43.331010" lon="-3.406780"/>
      <trkpt lat="43.330660" lon="-3.406990"/>
      <trkpt lat="43.330090" lon="-3.407390"/>
      <trkpt lat="43.329040" lon="-3.408170"/>
      <trkpt lat="43.328870" lon="-3.408290"/>
      <trkpt lat="43.328470" lon="-3.408570"/>
      <trkpt lat="43.328100" lon="-3.408800"/>
      <trkpt lat="43.327820" lon="-3.408950"/>
      <trkpt lat="43.327550" lon="-3.409090"/>
      <trkpt lat="43.327360" lon="-3.409160"/>
      <trkpt lat="43.327180" lon="-3.409230"/>
      <trkpt lat="43.326880" lon="-3.409310"/>
      <trkpt lat="43.326710" lon="-3.409350"/>
      <trkpt lat="43.326550" lon="-3.409370"/>
      <trkpt lat="43.326390" lon="-3.409390"/>
      <trkpt lat="43.326220" lon="-3.409390"/>
      <trkpt lat="43.325880" lon="-3.409380"/>
      <trkpt lat="43.325680" lon="-3.409370"/>
      <trkpt lat="43.325480" lon="-3.409340"/>
      <trkpt lat="43.324960" lon="-3.409220"/>
      <trkpt lat="43.324710" lon="-3.409160"/>
      <trkpt lat="43.324470" lon="-3.409090"/>
      <trkpt lat="43.323930" lon="-3.408920"/>
      <trkpt lat="43.323680" lon="-3.408840"/>
      <trkpt lat="43.323400" lon="-3.408760"/>
      <trkpt lat="43.323260" lon="-3.408730"/>
      <trkpt lat="43.323130" lon="-3.408700"/>
      <trkpt lat="43.322900" lon="-3.408690"/>
      <trkpt lat="43.322630" lon="-3.408700"/>
      <trkpt lat="43.322500" lon="-3.408720"/>
      <trkpt lat="43.322370" lon="-3.408760"/>
      <trkpt lat="43.322100" lon="-3.408840"/>
      <trkpt lat="43.321980" lon="-3.408900"/>
      <trkpt lat="43.321850" lon="-3.408960"/>
      <trkpt lat="43.321730" lon="-3.409030"/>
      <trkpt lat="43.321610" lon="-3.409120"/>
      <trkpt lat="43.321490" lon="-3.409210"/>
      <trkpt lat="43.321430" lon="-3.409250"/>
      <trkpt lat="43.321380" lon="-3.409300"/>
      <trkpt lat="43.321270" lon="-3.409410"/>
      <trkpt lat="43.321160" lon="-3.409520"/>
      <trkpt lat="43.321060" lon="-3.409640"/>
      <trkpt lat="43.320950" lon="-3.409780"/>
      <trkpt lat="43.320860" lon="-3.409900"/>
      <trkpt lat="43.320770" lon="-3.410040"/>
      <trkpt lat="43.320620" lon="-3.410340"/>
      <trkpt lat="43.320500" lon="-3.410600"/>
      <trkpt lat="43.320110" lon="-3.411580"/>
      <trkpt lat="43.319990" lon="-3.411850"/>
      <trkpt lat="43.319870" lon="-3.412100"/>
      <trkpt lat="43.319660" lon="-3.412460"/>
      <trkpt lat="43.319430" lon="-3.412800"/>
      <trkpt lat="43.319170" lon="-3.413100"/>
      <trkpt lat="43.319030" lon="-3.413240"/>
      <trkpt lat="43.318890" lon="-3.413370"/>
      <trkpt lat="43.318640" lon="-3.413570"/>
      <trkpt lat="43.317960" lon="-3.414010"/>
      <trkpt lat="43.317580" lon="-3.414280"/>
      <trkpt lat="43.317300" lon="-3.414540"/>
      <trkpt lat="43.317170" lon="-3.414690"/>
      <trkpt lat="43.316950" lon="-3.415010"/>
      <trkpt lat="43.316820" lon="-3.415230"/>
      <trkpt lat="43.316660" lon="-3.415570"/>
      <trkpt lat="43.316530" lon="-3.415890"/>
      <trkpt lat="43.316410" lon="-3.416320"/>
      <trkpt lat="43.316270" lon="-3.416870"/>
      <trkpt lat="43.316090" lon="-3.417560"/>
      <trkpt lat="43.316000" lon="-3.417890"/>
      <trkpt lat="43.315900" lon="-3.418210"/>
      <trkpt lat="43.315760" lon="-3.418600"/>
      <trkpt lat="43.315600" lon="-3.419000"/>
      <trkpt lat="43.315430" lon="-3.419380"/>
      <trkpt lat="43.315250" lon="-3.419760"/>
      <trkpt lat="43.314990" lon="-3.420240"/>
      <trkpt lat="43.314590" lon="-3.421040"/>
      <trkpt lat="43.314460" lon="-3.421350"/>
      <trkpt lat="43.314320" lon="-3.421790"/>
      <trkpt lat="43.314200" lon="-3.422250"/>
      <trkpt lat="43.314150" lon="-3.422490"/>
      <trkpt lat="43.314120" lon="-3.422720"/>
      <trkpt lat="43.314070" lon="-3.423060"/>
      <trkpt lat="43.314050" lon="-3.423380"/>
      <trkpt lat="43.314040" lon="-3.423630"/>
      <trkpt lat="43.314020" lon="-3.423940"/>
      <trkpt lat="43.314000" lon="-3.424260"/>
      <trkpt lat="43.313960" lon="-3.424800"/>
      <trkpt lat="43.313900" lon="-3.425260"/>
      <trkpt lat="43.313860" lon="-3.425480"/>
      <trkpt lat="43.313810" lon="-3.425760"/>
      <trkpt lat="43.313740" lon="-3.426040"/>
      <trkpt lat="43.313660" lon="-3.426330"/>
      <trkpt lat="43.313570" lon="-3.426600"/>
      <trkpt lat="43.313470" lon="-3.426860"/>
      <trkpt lat="43.313360" lon="-3.427130"/>
      <trkpt lat="43.313250" lon="-3.427370"/>
      <trkpt lat="43.313120" lon="-3.427620"/>
      <trkpt lat="43.312910" lon="-3.427970"/>
      <trkpt lat="43.312690" lon="-3.428300"/>
      <trkpt lat="43.312540" lon="-3.428500"/>
      <trkpt lat="43.312370" lon="-3.428700"/>
      <trkpt lat="43.312200" lon="-3.428890"/>
      <trkpt lat="43.312030" lon="-3.429060"/>
      <trkpt lat="43.311850" lon="-3.429220"/>
      <trkpt lat="43.311660" lon="-3.429370"/>
      <trkpt lat="43.311460" lon="-3.429510"/>
      <trkpt lat="43.311270" lon="-3.429640"/>
      <trkpt lat="43.311070" lon="-3.429750"/>
      <trkpt lat="43.310860" lon="-3.429840"/>
      <trkpt lat="43.310650" lon="-3.429930"/>
      <trkpt lat="43.310400" lon="-3.430010"/>
      <trkpt lat="43.310090" lon="-3.430100"/>
      <trkpt lat="43.309110" lon="-3.430340"/>
      <trkpt lat="43.308750" lon="-3.430430"/>
      <trkpt lat="43.308160" lon="-3.430570"/>
      <trkpt lat="43.307550" lon="-3.430720"/>
      <trkpt lat="43.306930" lon="-3.430880"/>
      <trkpt lat="43.306490" lon="-3.431010"/>
      <trkpt lat="43.306120" lon="-3.431120"/>
      <trkpt lat="43.305760" lon="-3.431250"/>
      <trkpt lat="43.305470" lon="-3.431360"/>
      <trkpt lat="43.305040" lon="-3.431520"/>
      <trkpt lat="43.304610" lon="-3.431700"/>
      <trkpt lat="43.303970" lon="-3.431960"/>
      <trkpt lat="43.303580" lon="-3.432100"/>
      <trkpt lat="43.303190" lon="-3.432230"/>
      <trkpt lat="43.302870" lon="-3.432340"/>
      <trkpt lat="43.302540" lon="-3.432430"/>
      <trkpt lat="43.301950" lon="-3.432600"/>
      <trkpt lat="43.301480" lon="-3.432740"/>
      <trkpt lat="43.301230" lon="-3.432820"/>
      <trkpt lat="43.300990" lon="-3.432890"/>
      <trkpt lat="43.300650" lon="-3.433000"/>
      <trkpt lat="43.300370" lon="-3.433090"/>
      <trkpt lat="43.300000" lon="-3.433200"/>
      <trkpt lat="43.299670" lon="-3.433310"/>
      <trkpt lat="43.299340" lon="-3.433430"/>
      <trkpt lat="43.299020" lon="-3.433550"/>
      <trkpt lat="43.298710" lon="-3.433660"/>
      <trkpt lat="43.298490" lon="-3.433760"/>
      <trkpt lat="43.298290" lon="-3.433830"/>
      <trkpt lat="43.298150" lon="-3.433880"/>
      <trkpt lat="43.298020" lon="-3.433910"/>
      <trkpt lat="43.297850" lon="-3.433960"/>
      <trkpt lat="43.297600" lon="-3.433990"/>
      <trkpt lat="43.297360" lon="-3.434020"/>
      <trkpt lat="43.297060" lon="-3.434030"/>
      <trkpt lat="43.296840" lon="-3.434020"/>
      <trkpt lat="43.296720" lon="-3.434020"/>
      <trkpt lat="43.296570" lon="-3.434000"/>
      <trkpt lat="43.296450" lon="-3.433980"/>
      <trkpt lat="43.296350" lon="-3.433950"/>
      <trkpt lat="43.296030" lon="-3.433890"/>
      <trkpt lat="43.295830" lon="-3.433840"/>
      <trkpt lat="43.295600" lon="-3.433790"/>
      <trkpt lat="43.295480" lon="-3.433760"/>
      <trkpt lat="43.295360" lon="-3.433750"/>
      <trkpt lat="43.295220" lon="-3.433740"/>
      <trkpt lat="43.295040" lon="-3.433730"/>
      <trkpt lat="43.294830" lon="-3.433710"/>
      <trkpt lat="43.294630" lon="-3.433720"/>
      <trkpt lat="43.294500" lon="-3.433730"/>
      <trkpt lat="43.294410" lon="-3.433740"/>
      <trkpt lat="43.294140" lon="-3.433780"/>
      <trkpt lat="43.293750" lon="-3.433880"/>
      <trkpt lat="43.292790" lon="-3.434150"/>
      <trkpt lat="43.292160" lon="-3.434300"/>
      <trkpt lat="43.291680" lon="-3.434410"/>
      <trkpt lat="43.291230" lon="-3.434510"/>
      <trkpt lat="43.291070" lon="-3.434540"/>
      <trkpt lat="43.290860" lon="-3.434590"/>
      <trkpt lat="43.290620" lon="-3.434660"/>
      <trkpt lat="43.290530" lon="-3.434680"/>
      <trkpt lat="43.290380" lon="-3.434720"/>
      <trkpt lat="43.290080" lon="-3.434790"/>
      <trkpt lat="43.289750" lon="-3.434870"/>
      <trkpt lat="43.289500" lon="-3.434930"/>
      <trkpt lat="43.289310" lon="-3.434970"/>
      <trkpt lat="43.289080" lon="-3.435030"/>
      <trkpt lat="43.288870" lon="-3.435100"/>
      <trkpt lat="43.288730" lon="-3.435150"/>
      <trkpt lat="43.288520" lon="-3.435230"/>
      <trkpt lat="43.288330" lon="-3.435320"/>
      <trkpt lat="43.288160" lon="-3.435410"/>
      <trkpt lat="43.288040" lon="-3.435500"/>
      <trkpt lat="43.287880" lon="-3.435610"/>
      <trkpt lat="43.287730" lon="-3.435730"/>
      <trkpt lat="43.287590" lon="-3.435870"/>
      <trkpt lat="43.287450" lon="-3.436010"/>
      <trkpt lat="43.287320" lon="-3.436160"/>
      <trkpt lat="43.287190" lon="-3.436320"/>
      <trkpt lat="43.287070" lon="-3.436490"/>
      <trkpt lat="43.286950" lon="-3.436660"/>
      <trkpt lat="43.286850" lon="-3.436840"/>
      <trkpt lat="43.286780" lon="-3.436960"/>
      <trkpt lat="43.286720" lon="-3.437060"/>
      <trkpt lat="43.286650" lon="-3.437190"/>
      <trkpt lat="43.286580" lon="-3.437330"/>
      <trkpt lat="43.286520" lon="-3.437450"/>
      <trkpt lat="43.286450" lon="-3.437610"/>
      <trkpt lat="43.286390" lon="-3.437740"/>
      <trkpt lat="43.286300" lon="-3.437920"/>
      <trkpt lat="43.286220" lon="-3.438080"/>
      <trkpt lat="43.286140" lon="-3.438230"/>
      <trkpt lat="43.286060" lon="-3.438360"/>
      <trkpt lat="43.286020" lon="-3.438430"/>
      <trkpt lat="43.285850" lon="-3.438670"/>
      <trkpt lat="43.285720" lon="-3.438850"/>
      <trkpt lat="43.285670" lon="-3.438910"/>
      <trkpt lat="43.285540" lon="-3.439080"/>
      <trkpt lat="43.285400" lon="-3.439230"/>
      <trkpt lat="43.285250" lon="-3.439370"/>
      <trkpt lat="43.285100" lon="-3.439500"/>
      <trkpt lat="43.284950" lon="-3.439630"/>
      <trkpt lat="43.284840" lon="-3.439710"/>
      <trkpt lat="43.284730" lon="-3.439780"/>
      <trkpt lat="43.284610" lon="-3.439850"/>
      <trkpt lat="43.284530" lon="-3.439890"/>
      <trkpt lat="43.284430" lon="-3.439950"/>
      <trkpt lat="43.284330" lon="-3.439990"/>
      <trkpt lat="43.284210" lon="-3.440050"/>
      <trkpt lat="43.283490" lon="-3.440360"/>
      <trkpt lat="43.283300" lon="-3.440440"/>
      <trkpt lat="43.282920" lon="-3.440610"/>
      <trkpt lat="43.282730" lon="-3.440690"/>
      <trkpt lat="43.282510" lon="-3.440770"/>
      <trkpt lat="43.282330" lon="-3.440850"/>
      <trkpt lat="43.281920" lon="-3.441030"/>
      <trkpt lat="43.281820" lon="-3.441070"/>
      <trkpt lat="43.281710" lon="-3.441130"/>
      <trkpt lat="43.281550" lon="-3.441200"/>
      <trkpt lat="43.281350" lon="-3.441310"/>
      <trkpt lat="43.281240" lon="-3.441390"/>
      <trkpt lat="43.281070" lon="-3.441530"/>
      <trkpt lat="43.280900" lon="-3.441680"/>
      <trkpt lat="43.280750" lon="-3.441850"/>
      <trkpt lat="43.280640" lon="-3.441980"/>
      <trkpt lat="43.280530" lon="-3.442170"/>
      <trkpt lat="43.280400" lon="-3.442410"/>
      <trkpt lat="43.280330" lon="-3.442550"/>
      <trkpt lat="43.280220" lon="-3.442810"/>
      <trkpt lat="43.280130" lon="-3.443010"/>
      <trkpt lat="43.280040" lon="-3.443210"/>
      <trkpt lat="43.279990" lon="-3.443320"/>
      <trkpt lat="43.279930" lon="-3.443420"/>
      <trkpt lat="43.279810" lon="-3.443610"/>
      <trkpt lat="43.279680" lon="-3.443770"/>
      <trkpt lat="43.279570" lon="-3.443890"/>
      <trkpt lat="43.279480" lon="-3.444000"/>
      <trkpt lat="43.279410" lon="-3.444080"/>
      <trkpt lat="43.279270" lon="-3.444220"/>
      <trkpt lat="43.279110" lon="-3.444380"/>
      <trkpt lat="43.278930" lon="-3.444580"/>
      <trkpt lat="43.278810" lon="-3.444770"/>
      <trkpt lat="43.278700" lon="-3.444950"/>
      <trkpt lat="43.278610" lon="-3.445150"/>
      <trkpt lat="43.278530" lon="-3.445360"/>
      <trkpt lat="43.278480" lon="-3.445510"/>
      <trkpt lat="43.278440" lon="-3.445690"/>
      <trkpt lat="43.278390" lon="-3.445970"/>
      <trkpt lat="43.278340" lon="-3.446330"/>
      <trkpt lat="43.278290" lon="-3.446650"/>
      <trkpt lat="43.278240" lon="-3.447000"/>
      <trkpt lat="43.278170" lon="-3.447360"/>
      <trkpt lat="43.278120" lon="-3.447600"/>
      <trkpt lat="43.278050" lon="-3.447860"/>
      <trkpt lat="43.277960" lon="-3.448110"/>
      <trkpt lat="43.277880" lon="-3.448340"/>
      <trkpt lat="43.277790" lon="-3.448570"/>
      <trkpt lat="43.277690" lon="-3.448790"/>
      <trkpt lat="43.277590" lon="-3.449000"/>
      <trkpt lat="43.277470" lon="-3.449210"/>
      <trkpt lat="43.277350" lon="-3.449400"/>
      <trkpt lat="43.277210" lon="-3.449600"/>
      <trkpt lat="43.277120" lon="-3.449720"/>
      <trkpt lat="43.277070" lon="-3.449790"/>
      <trkpt lat="43.276920" lon="-3.449960"/>
      <trkpt lat="43.276780" lon="-3.450120"/>
      <trkpt lat="43.276620" lon="-3.450270"/>
      <trkpt lat="43.276440" lon="-3.450430"/>
      <trkpt lat="43.276260" lon="-3.450560"/>
      <trkpt lat="43.276100" lon="-3.450680"/>
      <trkpt lat="43.275940" lon="-3.450780"/>
      <trkpt lat="43.275620" lon="-3.450960"/>
      <trkpt lat="43.275280" lon="-3.451110"/>
      <trkpt lat="43.275060" lon="-3.451200"/>
      <trkpt lat="43.274790" lon="-3.451280"/>
      <trkpt lat="43.274480" lon="-3.451340"/>
      <trkpt lat="43.273810" lon="-3.451480"/>
      <trkpt lat="43.273140" lon="-3.451620"/>
      <trkpt lat="43.273000" lon="-3.451640"/>
      <trkpt lat="43.272870" lon="-3.451650"/>
      <trkpt lat="43.272760" lon="-3.451650"/>
      <trkpt lat="43.272650" lon="-3.451640"/>
      <trkpt lat="43.272550" lon="-3.451630"/>
      <trkpt lat="43.272450" lon="-3.451600"/>
      <trkpt lat="43.272320" lon="-3.451560"/>
      <trkpt lat="43.272170" lon="-3.451500"/>
      <trkpt lat="43.271990" lon="-3.451430"/>
      <trkpt lat="43.271790" lon="-3.451370"/>
      <trkpt lat="43.271620" lon="-3.451330"/>
      <trkpt lat="43.271450" lon="-3.451310"/>
      <trkpt lat="43.271090" lon="-3.451320"/>
      <trkpt lat="43.270740" lon="-3.451330"/>
      <trkpt lat="43.270480" lon="-3.451350"/>
      <trkpt lat="43.270260" lon="-3.451400"/>
      <trkpt lat="43.270080" lon="-3.451460"/>
      <trkpt lat="43.269970" lon="-3.451520"/>
      <trkpt lat="43.269860" lon="-3.451580"/>
      <trkpt lat="43.269730" lon="-3.451670"/>
      <trkpt lat="43.269610" lon="-3.451760"/>
      <trkpt lat="43.269480" lon="-3.451870"/>
      <trkpt lat="43.269380" lon="-3.451960"/>
      <trkpt lat="43.269050" lon="-3.452240"/>
      <trkpt lat="43.268340" lon="-3.452860"/>
      <trkpt lat="43.268140" lon="-3.453030"/>
      <trkpt lat="43.267940" lon="-3.453220"/>
      <trkpt lat="43.267590" lon="-3.453520"/>
      <trkpt lat="43.267350" lon="-3.453740"/>
      <trkpt lat="43.266990" lon="-3.454060"/>
      <trkpt lat="43.266860" lon="-3.454200"/>
      <trkpt lat="43.266710" lon="-3.454360"/>
      <trkpt lat="43.266430" lon="-3.454670"/>
      <trkpt lat="43.266170" lon="-3.455000"/>
      <trkpt lat="43.266050" lon="-3.455180"/>
      <trkpt lat="43.265890" lon="-3.455410"/>
      <trkpt lat="43.265730" lon="-3.455650"/>
      <trkpt lat="43.265570" lon="-3.455900"/>
      <trkpt lat="43.265370" lon="-3.456220"/>
      <trkpt lat="43.265260" lon="-3.456390"/>
      <trkpt lat="43.265150" lon="-3.456550"/>
      <trkpt lat="43.264990" lon="-3.456780"/>
      <trkpt lat="43.264870" lon="-3.456920"/>
      <trkpt lat="43.264670" lon="-3.457160"/>
      <trkpt lat="43.264540" lon="-3.457290"/>
      <trkpt lat="43.264450" lon="-3.457400"/>
      <trkpt lat="43.264290" lon="-3.457600"/>
      <trkpt lat="43.264170" lon="-3.457770"/>
      <trkpt lat="43.264090" lon="-3.457900"/>
      <trkpt lat="43.264010" lon="-3.458060"/>
      <trkpt lat="43.263830" lon="-3.458460"/>
      <trkpt lat="43.263630" lon="-3.458920"/>
      <trkpt lat="43.263420" lon="-3.459390"/>
      <trkpt lat="43.263340" lon="-3.459550"/>
      <trkpt lat="43.263260" lon="-3.459740"/>
      <trkpt lat="43.263180" lon="-3.459950"/>
      <trkpt lat="43.263100" lon="-3.460180"/>
      <trkpt lat="43.262800" lon="-3.461040"/>
      <trkpt lat="43.262480" lon="-3.461950"/>
      <trkpt lat="43.262050" lon="-3.463270"/>
      <trkpt lat="43.262020" lon="-3.463360"/>
      <trkpt lat="43.261910" lon="-3.463670"/>
      <trkpt lat="43.261850" lon="-3.463890"/>
      <trkpt lat="43.261740" lon="-3.464330"/>
      <trkpt lat="43.261710" lon="-3.464460"/>
      <trkpt lat="43.261660" lon="-3.464670"/>
      <trkpt lat="43.261540" lon="-3.465210"/>
      <trkpt lat="43.261500" lon="-3.465360"/>
      <trkpt lat="43.261460" lon="-3.465540"/>
      <trkpt lat="43.261430" lon="-3.465640"/>
      <trkpt lat="43.261410" lon="-3.465690"/>
      <trkpt lat="43.261400" lon="-3.465740"/>
      <trkpt lat="43.261370" lon="-3.465800"/>
      <trkpt lat="43.261340" lon="-3.465860"/>
      <trkpt lat="43.261300" lon="-3.465920"/>
      <trkpt lat="43.261280" lon="-3.465960"/>
      <trkpt lat="43.261250" lon="-3.466010"/>
      <trkpt lat="43.261200" lon="-3.466060"/>
      <trkpt lat="43.261150" lon="-3.466100"/>
      <trkpt lat="43.261120" lon="-3.466130"/>
      <trkpt lat="43.261080" lon="-3.466160"/>
      <trkpt lat="43.260990" lon="-3.466210"/>
      <trkpt lat="43.260940" lon="-3.466230"/>
      <trkpt lat="43.260930" lon="-3.466240"/>
      <trkpt lat="43.260910" lon="-3.466250"/>
      <trkpt lat="43.260870" lon="-3.466260"/>
      <trkpt lat="43.260810" lon="-3.466270"/>
      <trkpt lat="43.260780" lon="-3.466280"/>
      <trkpt lat="43.260750" lon="-3.466280"/>
      <trkpt lat="43.260680" lon="-3.466280"/>
      <trkpt lat="43.260620" lon="-3.466280"/>
      <trkpt lat="43.260590" lon="-3.466270"/>
      <trkpt lat="43.260560" lon="-3.466270"/>
      <trkpt lat="43.260520" lon="-3.466250"/>
      <trkpt lat="43.260460" lon="-3.466230"/>
      <trkpt lat="43.260420" lon="-3.466210"/>
      <trkpt lat="43.260330" lon="-3.466150"/>
      <trkpt lat="43.260220" lon="-3.466080"/>
      <trkpt lat="43.259840" lon="-3.465840"/>
      <trkpt lat="43.259740" lon="-3.465770"/>
      <trkpt lat="43.259710" lon="-3.465750"/>
      <trkpt lat="43.259580" lon="-3.465670"/>
      <trkpt lat="43.259250" lon="-3.465460"/>
      <trkpt lat="43.259080" lon="-3.465350"/>
      <trkpt lat="43.259020" lon="-3.465310"/>
      <trkpt lat="43.258930" lon="-3.465250"/>
      <trkpt lat="43.258800" lon="-3.465170"/>
      <trkpt lat="43.258750" lon="-3.465140"/>
      <trkpt lat="43.258700" lon="-3.465110"/>
      <trkpt lat="43.258650" lon="-3.465080"/>
      <trkpt lat="43.258520" lon="-3.465020"/>
      <trkpt lat="43.258510" lon="-3.465020"/>
      <trkpt lat="43.258500" lon="-3.465080"/>
      <trkpt lat="43.258440" lon="-3.465410"/>
      <trkpt lat="43.258420" lon="-3.465550"/>
      <trkpt lat="43.258390" lon="-3.465740"/>
      <trkpt lat="43.258310" lon="-3.465990"/>
      <trkpt lat="43.258270" lon="-3.466070"/>
      <trkpt lat="43.258240" lon="-3.466050"/>
      <trkpt lat="43.258210" lon="-3.466040"/>
      <trkpt lat="43.258190" lon="-3.466030"/>
      <trkpt lat="43.258160" lon="-3.466030"/>
      <trkpt lat="43.258130" lon="-3.466030"/>
      <trkpt lat="43.258120" lon="-3.466040"/>
      <trkpt lat="43.258100" lon="-3.466040"/>
      <trkpt lat="43.258080" lon="-3.466050"/>
      <trkpt lat="43.258060" lon="-3.466050"/>
      <trkpt lat="43.257930" lon="-3.465990"/>
      <trkpt lat="43.257860" lon="-3.465970"/>
      <trkpt lat="43.257820" lon="-3.465960"/>
      <trkpt lat="43.257800" lon="-3.465940"/>
      <trkpt lat="43.257780" lon="-3.465930"/>
      <trkpt lat="43.257770" lon="-3.465910"/>
      <trkpt lat="43.257740" lon="-3.465880"/>
      <trkpt lat="43.257730" lon="-3.465860"/>
      <trkpt lat="43.257720" lon="-3.465850"/>
      <trkpt lat="43.257700" lon="-3.465840"/>
      <trkpt lat="43.257690" lon="-3.465840"/>
      <trkpt lat="43.257670" lon="-3.465830"/>
      <trkpt lat="43.257660" lon="-3.465830"/>
      <trkpt lat="43.257610" lon="-3.465830"/>
      <trkpt lat="43.257500" lon="-3.465890"/>
      <trkpt lat="43.257310" lon="-3.465960"/>
      <trkpt lat="43.257260" lon="-3.465980"/>
      <trkpt lat="43.257210" lon="-3.466000"/>
      <trkpt lat="43.257010" lon="-3.466040"/>
      <trkpt lat="43.257000" lon="-3.466040"/>
      <trkpt lat="43.256960" lon="-3.466040"/>
      <trkpt lat="43.256960" lon="-3.465960"/>
      <trkpt lat="43.256980" lon="-3.465280"/>
      <trkpt lat="43.256980" lon="-3.465100"/>
      <trkpt lat="43.256990" lon="-3.464750"/>
      <trkpt lat="43.256990" lon="-3.464690"/>
      <trkpt lat="43.257050" lon="-3.464690"/>
      <trkpt lat="43.257120" lon="-3.464700"/>
      <trkpt lat="43.257170" lon="-3.464710"/>
      <trkpt lat="43.257280" lon="-3.464720"/>
      <trkpt lat="43.257320" lon="-3.464730"/>
      <trkpt lat="43.257360" lon="-3.464740"/>
      <trkpt lat="43.257420" lon="-3.464750"/>
      <trkpt lat="43.257600" lon="-3.464780"/>
      <trkpt lat="43.257790" lon="-3.464820"/>
      <trkpt lat="43.257930" lon="-3.464850"/>
      <trkpt lat="43.257990" lon="-3.464860"/>
      <trkpt lat="43.258210" lon="-3.464930"/>
      <trkpt lat="43.258270" lon="-3.464950"/>
      <trkpt lat="43.258350" lon="-3.464970"/>
      <trkpt lat="43.258510" lon="-3.465020"/>
      <trkpt lat="43.258520" lon="-3.465020"/>
      <trkpt lat="43.258650" lon="-3.465080"/>
      <trkpt lat="43.258700" lon="-3.465110"/>
      <trkpt lat="43.258750" lon="-3.465140"/>
      <trkpt lat="43.258800" lon="-3.465170"/>
      <trkpt lat="43.258930" lon="-3.465250"/>
      <trkpt lat="43.259020" lon="-3.465310"/>
      <trkpt lat="43.259080" lon="-3.465350"/>
      <trkpt lat="43.259250" lon="-3.465460"/>
      <trkpt lat="43.259580" lon="-3.465670"/>
      <trkpt lat="43.259710" lon="-3.465750"/>
      <trkpt lat="43.259740" lon="-3.465770"/>
      <trkpt lat="43.259840" lon="-3.465840"/>
      <trkpt lat="43.260220" lon="-3.466080"/>
      <trkpt lat="43.260330" lon="-3.466150"/>
      <trkpt lat="43.260420" lon="-3.466210"/>
      <trkpt lat="43.260460" lon="-3.466230"/>
      <trkpt lat="43.260520" lon="-3.466250"/>
      <trkpt lat="43.260560" lon="-3.466270"/>
      <trkpt lat="43.260590" lon="-3.466270"/>
      <trkpt lat="43.260620" lon="-3.466280"/>
      <trkpt lat="43.260680" lon="-3.466280"/>
      <trkpt lat="43.260750" lon="-3.466280"/>
      <trkpt lat="43.260780" lon="-3.466280"/>
      <trkpt lat="43.260810" lon="-3.466270"/>
      <trkpt lat="43.260870" lon="-3.466260"/>
      <trkpt lat="43.260910" lon="-3.466250"/>
      <trkpt lat="43.260930" lon="-3.466240"/>
      <trkpt lat="43.260940" lon="-3.466230"/>
      <trkpt lat="43.260990" lon="-3.466210"/>
      <trkpt lat="43.261080" lon="-3.466160"/>
      <trkpt lat="43.261120" lon="-3.466130"/>
      <trkpt lat="43.261150" lon="-3.466100"/>
      <trkpt lat="43.261200" lon="-3.466060"/>
      <trkpt lat="43.261250" lon="-3.466010"/>
      <trkpt lat="43.261280" lon="-3.465960"/>
      <trkpt lat="43.261300" lon="-3.465920"/>
      <trkpt lat="43.261340" lon="-3.465860"/>
      <trkpt lat="43.261370" lon="-3.465800"/>
      <trkpt lat="43.261400" lon="-3.465740"/>
      <trkpt lat="43.261410" lon="-3.465690"/>
      <trkpt lat="43.261430" lon="-3.465640"/>
      <trkpt lat="43.261460" lon="-3.465540"/>
      <trkpt lat="43.261500" lon="-3.465360"/>
      <trkpt lat="43.261540" lon="-3.465210"/>
      <trkpt lat="43.261660" lon="-3.464670"/>
      <trkpt lat="43.261710" lon="-3.464460"/>
      <trkpt lat="43.261740" lon="-3.464330"/>
      <trkpt lat="43.261850" lon="-3.463890"/>
      <trkpt lat="43.261910" lon="-3.463670"/>
      <trkpt lat="43.262020" lon="-3.463360"/>
      <trkpt lat="43.262050" lon="-3.463270"/>
      <trkpt lat="43.262480" lon="-3.461950"/>
      <trkpt lat="43.262800" lon="-3.461040"/>
      <trkpt lat="43.263100" lon="-3.460180"/>
      <trkpt lat="43.263180" lon="-3.459950"/>
      <trkpt lat="43.263260" lon="-3.459740"/>
      <trkpt lat="43.263340" lon="-3.459550"/>
      <trkpt lat="43.263420" lon="-3.459390"/>
      <trkpt lat="43.263630" lon="-3.458920"/>
      <trkpt lat="43.263830" lon="-3.458460"/>
      <trkpt lat="43.264010" lon="-3.458060"/>
      <trkpt lat="43.264090" lon="-3.457900"/>
      <trkpt lat="43.264170" lon="-3.457770"/>
      <trkpt lat="43.264290" lon="-3.457600"/>
      <trkpt lat="43.264450" lon="-3.457400"/>
      <trkpt lat="43.264540" lon="-3.457290"/>
      <trkpt lat="43.264670" lon="-3.457160"/>
      <trkpt lat="43.264870" lon="-3.456920"/>
      <trkpt lat="43.264990" lon="-3.456780"/>
      <trkpt lat="43.265150" lon="-3.456550"/>
      <trkpt lat="43.265260" lon="-3.456390"/>
      <trkpt lat="43.265370" lon="-3.456220"/>
      <trkpt lat="43.265570" lon="-3.455900"/>
      <trkpt lat="43.265730" lon="-3.455650"/>
      <trkpt lat="43.265890" lon="-3.455410"/>
      <trkpt lat="43.266050" lon="-3.455180"/>
      <trkpt lat="43.266170" lon="-3.455000"/>
      <trkpt lat="43.266430" lon="-3.454670"/>
      <trkpt lat="43.266710" lon="-3.454360"/>
      <trkpt lat="43.266860" lon="-3.454200"/>
      <trkpt lat="43.266990" lon="-3.454060"/>
      <trkpt lat="43.267350" lon="-3.453740"/>
      <trkpt lat="43.267590" lon="-3.453520"/>
      <trkpt lat="43.267940" lon="-3.453220"/>
      <trkpt lat="43.268140" lon="-3.453030"/>
      <trkpt lat="43.268340" lon="-3.452860"/>
      <trkpt lat="43.269050" lon="-3.452240"/>
      <trkpt lat="43.269380" lon="-3.451960"/>
      <trkpt lat="43.269480" lon="-3.451870"/>
      <trkpt lat="43.269610" lon="-3.451760"/>
      <trkpt lat="43.269730" lon="-3.451670"/>
      <trkpt lat="43.269860" lon="-3.451580"/>
      <trkpt lat="43.269970" lon="-3.451520"/>
      <trkpt lat="43.270080" lon="-3.451460"/>
      <trkpt lat="43.270260" lon="-3.451400"/>
      <trkpt lat="43.270480" lon="-3.451350"/>
      <trkpt lat="43.270740" lon="-3.451330"/>
      <trkpt lat="43.271090" lon="-3.451320"/>
      <trkpt lat="43.271450" lon="-3.451310"/>
      <trkpt lat="43.271620" lon="-3.451330"/>
      <trkpt lat="43.271790" lon="-3.451370"/>
      <trkpt lat="43.271990" lon="-3.451430"/>
      <trkpt lat="43.272170" lon="-3.451500"/>
      <trkpt lat="43.272320" lon="-3.451560"/>
      <trkpt lat="43.272450" lon="-3.451600"/>
      <trkpt lat="43.272550" lon="-3.451630"/>
      <trkpt lat="43.272650" lon="-3.451640"/>
      <trkpt lat="43.272760" lon="-3.451650"/>
      <trkpt lat="43.272870" lon="-3.451650"/>
      <trkpt lat="43.273000" lon="-3.451640"/>
      <trkpt lat="43.273140" lon="-3.451620"/>
      <trkpt lat="43.273810" lon="-3.451480"/>
      <trkpt lat="43.274480" lon="-3.451340"/>
      <trkpt lat="43.274790" lon="-3.451280"/>
      <trkpt lat="43.275060" lon="-3.451200"/>
      <trkpt lat="43.275280" lon="-3.451110"/>
      <trkpt lat="43.275620" lon="-3.450960"/>
      <trkpt lat="43.275940" lon="-3.450780"/>
      <trkpt lat="43.276100" lon="-3.450680"/>
      <trkpt lat="43.276260" lon="-3.450560"/>
      <trkpt lat="43.276440" lon="-3.450430"/>
      <trkpt lat="43.276620" lon="-3.450270"/>
      <trkpt lat="43.276780" lon="-3.450120"/>
      <trkpt lat="43.276920" lon="-3.449960"/>
      <trkpt lat="43.277070" lon="-3.449790"/>
      <trkpt lat="43.277120" lon="-3.449720"/>
      <trkpt lat="43.277210" lon="-3.449600"/>
      <trkpt lat="43.277350" lon="-3.449400"/>
      <trkpt lat="43.277470" lon="-3.449210"/>
      <trkpt lat="43.277590" lon="-3.449000"/>
      <trkpt lat="43.277690" lon="-3.448790"/>
      <trkpt lat="43.277790" lon="-3.448570"/>
      <trkpt lat="43.277880" lon="-3.448340"/>
      <trkpt lat="43.277960" lon="-3.448110"/>
      <trkpt lat="43.278050" lon="-3.447860"/>
      <trkpt lat="43.278120" lon="-3.447600"/>
      <trkpt lat="43.278170" lon="-3.447360"/>
      <trkpt lat="43.278240" lon="-3.447000"/>
      <trkpt lat="43.278290" lon="-3.446650"/>
      <trkpt lat="43.278340" lon="-3.446330"/>
      <trkpt lat="43.278390" lon="-3.445970"/>
      <trkpt lat="43.278440" lon="-3.445690"/>
      <trkpt lat="43.278480" lon="-3.445510"/>
      <trkpt lat="43.278530" lon="-3.445360"/>
      <trkpt lat="43.278610" lon="-3.445150"/>
      <trkpt lat="43.278700" lon="-3.444950"/>
      <trkpt lat="43.278810" lon="-3.444770"/>
      <trkpt lat="43.278930" lon="-3.444580"/>
      <trkpt lat="43.279110" lon="-3.444380"/>
      <trkpt lat="43.279210" lon="-3.444140"/>
      <trkpt lat="43.279250" lon="-3.443980"/>
      <trkpt lat="43.279240" lon="-3.443960"/>
      <trkpt lat="43.279240" lon="-3.443850"/>
      <trkpt lat="43.279210" lon="-3.443810"/>
      <trkpt lat="43.279140" lon="-3.443750"/>
      <trkpt lat="43.279080" lon="-3.443720"/>
      <trkpt lat="43.278970" lon="-3.443650"/>
      <trkpt lat="43.278840" lon="-3.443610"/>
      <trkpt lat="43.278320" lon="-3.443470"/>
      <trkpt lat="43.278150" lon="-3.443440"/>
      <trkpt lat="43.278060" lon="-3.443430"/>
      <trkpt lat="43.277970" lon="-3.443410"/>
      <trkpt lat="43.277910" lon="-3.443390"/>
      <trkpt lat="43.277780" lon="-3.443320"/>
      <trkpt lat="43.277670" lon="-3.443230"/>
      <trkpt lat="43.277570" lon="-3.443160"/>
      <trkpt lat="43.277480" lon="-3.443090"/>
      <trkpt lat="43.277360" lon="-3.443040"/>
      <trkpt lat="43.277220" lon="-3.442980"/>
      <trkpt lat="43.277060" lon="-3.442930"/>
      <trkpt lat="43.276890" lon="-3.442890"/>
      <trkpt lat="43.276770" lon="-3.442850"/>
      <trkpt lat="43.276670" lon="-3.442800"/>
      <trkpt lat="43.276550" lon="-3.442740"/>
      <trkpt lat="43.276430" lon="-3.442650"/>
      <trkpt lat="43.276310" lon="-3.442530"/>
      <trkpt lat="43.276190" lon="-3.442400"/>
      <trkpt lat="43.276050" lon="-3.442220"/>
      <trkpt lat="43.275870" lon="-3.441950"/>
      <trkpt lat="43.275780" lon="-3.441810"/>
      <trkpt lat="43.275690" lon="-3.441650"/>
      <trkpt lat="43.275610" lon="-3.441550"/>
      <trkpt lat="43.275540" lon="-3.441470"/>
      <trkpt lat="43.275430" lon="-3.441360"/>
      <trkpt lat="43.275270" lon="-3.441250"/>
      <trkpt lat="43.275110" lon="-3.441130"/>
      <trkpt lat="43.275030" lon="-3.441090"/>
      <trkpt lat="43.274930" lon="-3.441020"/>
      <trkpt lat="43.274900" lon="-3.441000"/>
      <trkpt lat="43.274790" lon="-3.440910"/>
      <trkpt lat="43.274670" lon="-3.440770"/>
      <trkpt lat="43.274610" lon="-3.440680"/>
      <trkpt lat="43.274550" lon="-3.440590"/>
      <trkpt lat="43.274470" lon="-3.440460"/>
      <trkpt lat="43.274380" lon="-3.440280"/>
      <trkpt lat="43.274300" lon="-3.440100"/>
      <trkpt lat="43.274230" lon="-3.439980"/>
      <trkpt lat="43.274160" lon="-3.439870"/>
      <trkpt lat="43.274070" lon="-3.439770"/>
      <trkpt lat="43.273990" lon="-3.439690"/>
      <trkpt lat="43.273910" lon="-3.439590"/>
      <trkpt lat="43.273870" lon="-3.439540"/>
      <trkpt lat="43.273820" lon="-3.439490"/>
      <trkpt lat="43.273750" lon="-3.439360"/>
      <trkpt lat="43.273670" lon="-3.439190"/>
      <trkpt lat="43.273600" lon="-3.439040"/>
      <trkpt lat="43.273550" lon="-3.438960"/>
      <trkpt lat="43.273490" lon="-3.438880"/>
      <trkpt lat="43.273430" lon="-3.438830"/>
      <trkpt lat="43.273340" lon="-3.438770"/>
      <trkpt lat="43.273120" lon="-3.438660"/>
      <trkpt lat="43.272870" lon="-3.438540"/>
      <trkpt lat="43.272700" lon="-3.438430"/>
      <trkpt lat="43.272610" lon="-3.438340"/>
      <trkpt lat="43.272520" lon="-3.438220"/>
      <trkpt lat="43.272410" lon="-3.438090"/>
      <trkpt lat="43.272320" lon="-3.437960"/>
      <trkpt lat="43.272240" lon="-3.437840"/>
      <trkpt lat="43.272180" lon="-3.437740"/>
      <trkpt lat="43.272110" lon="-3.437620"/>
      <trkpt lat="43.272060" lon="-3.437480"/>
      <trkpt lat="43.271980" lon="-3.437210"/>
      <trkpt lat="43.271950" lon="-3.437140"/>
      <trkpt lat="43.271910" lon="-3.437070"/>
      <trkpt lat="43.271870" lon="-3.436980"/>
      <trkpt lat="43.271820" lon="-3.436900"/>
      <trkpt lat="43.271760" lon="-3.436830"/>
      <trkpt lat="43.271680" lon="-3.436750"/>
      <trkpt lat="43.271380" lon="-3.436510"/>
      <trkpt lat="43.270860" lon="-3.436090"/>
      <trkpt lat="43.270580" lon="-3.435840"/>
      <trkpt lat="43.270300" lon="-3.435590"/>
      <trkpt lat="43.270260" lon="-3.435550"/>
      <trkpt lat="43.269870" lon="-3.435210"/>
      <trkpt lat="43.269670" lon="-3.435040"/>
      <trkpt lat="43.269520" lon="-3.434910"/>
      <trkpt lat="43.269390" lon="-3.434790"/>
      <trkpt lat="43.269280" lon="-3.434660"/>
      <trkpt lat="43.269190" lon="-3.434540"/>
      <trkpt lat="43.269120" lon="-3.434440"/>
      <trkpt lat="43.269030" lon="-3.434280"/>
      <trkpt lat="43.268920" lon="-3.434080"/>
      <trkpt lat="43.268840" lon="-3.433930"/>
      <trkpt lat="43.268780" lon="-3.433780"/>
      <trkpt lat="43.268700" lon="-3.433590"/>
      <trkpt lat="43.268630" lon="-3.433380"/>
      <trkpt lat="43.268580" lon="-3.433170"/>
      <trkpt lat="43.268540" lon="-3.433040"/>
      <trkpt lat="43.268480" lon="-3.432830"/>
      <trkpt lat="43.268430" lon="-3.432660"/>
      <trkpt lat="43.268400" lon="-3.432570"/>
      <trkpt lat="43.268320" lon="-3.432320"/>
      <trkpt lat="43.268310" lon="-3.432290"/>
      <trkpt lat="43.268150" lon="-3.431860"/>
      <trkpt lat="43.268040" lon="-3.431560"/>
      <trkpt lat="43.268000" lon="-3.431430"/>
      <trkpt lat="43.267950" lon="-3.431300"/>
      <trkpt lat="43.267910" lon="-3.431140"/>
      <trkpt lat="43.267710" lon="-3.430380"/>
      <trkpt lat="43.267680" lon="-3.430250"/>
      <trkpt lat="43.267600" lon="-3.429980"/>
      <trkpt lat="43.267560" lon="-3.429870"/>
      <trkpt lat="43.267540" lon="-3.429840"/>
      <trkpt lat="43.267520" lon="-3.429810"/>
      <trkpt lat="43.267470" lon="-3.429750"/>
      <trkpt lat="43.267460" lon="-3.429740"/>
      <trkpt lat="43.267450" lon="-3.429730"/>
      <trkpt lat="43.267440" lon="-3.429720"/>
      <trkpt lat="43.267420" lon="-3.429710"/>
      <trkpt lat="43.267420" lon="-3.429690"/>
      <trkpt lat="43.267410" lon="-3.429670"/>
      <trkpt lat="43.267400" lon="-3.429650"/>
      <trkpt lat="43.267400" lon="-3.429630"/>
      <trkpt lat="43.267390" lon="-3.429610"/>
      <trkpt lat="43.267390" lon="-3.429590"/>
      <trkpt lat="43.267390" lon="-3.429570"/>
      <trkpt lat="43.267400" lon="-3.429550"/>
      <trkpt lat="43.267400" lon="-3.429530"/>
      <trkpt lat="43.267410" lon="-3.429510"/>
      <trkpt lat="43.267420" lon="-3.429500"/>
      <trkpt lat="43.267430" lon="-3.429480"/>
      <trkpt lat="43.267410" lon="-3.429370"/>
      <trkpt lat="43.267400" lon="-3.429250"/>
      <trkpt lat="43.267330" lon="-3.429050"/>
      <trkpt lat="43.267190" lon="-3.428680"/>
      <trkpt lat="43.267020" lon="-3.428300"/>
      <trkpt lat="43.266860" lon="-3.427840"/>
      <trkpt lat="43.266690" lon="-3.427360"/>
      <trkpt lat="43.266620" lon="-3.427150"/>
      <trkpt lat="43.266540" lon="-3.427010"/>
      <trkpt lat="43.266470" lon="-3.426890"/>
      <trkpt lat="43.266280" lon="-3.426660"/>
      <trkpt lat="43.266150" lon="-3.426490"/>
      <trkpt lat="43.266080" lon="-3.426370"/>
      <trkpt lat="43.266010" lon="-3.426230"/>
      <trkpt lat="43.265940" lon="-3.426060"/>
      <trkpt lat="43.265380" lon="-3.424580"/>
      <trkpt lat="43.265330" lon="-3.424430"/>
      <trkpt lat="43.265240" lon="-3.424210"/>
      <trkpt lat="43.265050" lon="-3.423700"/>
      <trkpt lat="43.264840" lon="-3.423160"/>
      <trkpt lat="43.264790" lon="-3.423020"/>
      <trkpt lat="43.264600" lon="-3.422510"/>
      <trkpt lat="43.264500" lon="-3.422260"/>
      <trkpt lat="43.264390" lon="-3.421950"/>
      <trkpt lat="43.264300" lon="-3.421720"/>
      <trkpt lat="43.264210" lon="-3.421520"/>
      <trkpt lat="43.264130" lon="-3.421340"/>
      <trkpt lat="43.263850" lon="-3.420750"/>
      <trkpt lat="43.263570" lon="-3.420200"/>
      <trkpt lat="43.263350" lon="-3.419800"/>
      <trkpt lat="43.263290" lon="-3.419640"/>
      <trkpt lat="43.263190" lon="-3.419410"/>
      <trkpt lat="43.263040" lon="-3.419000"/>
      <trkpt lat="43.262910" lon="-3.418570"/>
      <trkpt lat="43.262830" lon="-3.418130"/>
      <trkpt lat="43.262760" lon="-3.417760"/>
      <trkpt lat="43.262690" lon="-3.417060"/>
      <trkpt lat="43.262590" lon="-3.416380"/>
      <trkpt lat="43.262560" lon="-3.416220"/>
      <trkpt lat="43.262520" lon="-3.416040"/>
      <trkpt lat="43.262460" lon="-3.415820"/>
      <trkpt lat="43.262430" lon="-3.415670"/>
      <trkpt lat="43.262400" lon="-3.415130"/>
      <trkpt lat="43.262380" lon="-3.414990"/>
      <trkpt lat="43.262350" lon="-3.414910"/>
      <trkpt lat="43.262290" lon="-3.414840"/>
      <trkpt lat="43.262240" lon="-3.414790"/>
      <trkpt lat="43.262170" lon="-3.414750"/>
      <trkpt lat="43.262100" lon="-3.414710"/>
      <trkpt lat="43.261940" lon="-3.414640"/>
      <trkpt lat="43.261820" lon="-3.414570"/>
      <trkpt lat="43.261710" lon="-3.414490"/>
      <trkpt lat="43.261630" lon="-3.414420"/>
      <trkpt lat="43.261550" lon="-3.414330"/>
      <trkpt lat="43.261490" lon="-3.414250"/>
      <trkpt lat="43.261440" lon="-3.414160"/>
      <trkpt lat="43.261410" lon="-3.414050"/>
      <trkpt lat="43.261390" lon="-3.413930"/>
      <trkpt lat="43.261380" lon="-3.413840"/>
      <trkpt lat="43.261380" lon="-3.413740"/>
      <trkpt lat="43.261390" lon="-3.413640"/>
      <trkpt lat="43.261410" lon="-3.413550"/>
      <trkpt lat="43.261450" lon="-3.413380"/>
      <trkpt lat="43.261540" lon="-3.413080"/>
      <trkpt lat="43.261570" lon="-3.412920"/>
      <trkpt lat="43.261590" lon="-3.412810"/>
      <trkpt lat="43.261600" lon="-3.412710"/>
      <trkpt lat="43.261610" lon="-3.412600"/>
      <trkpt lat="43.261610" lon="-3.412490"/>
      <trkpt lat="43.261600" lon="-3.412400"/>
      <trkpt lat="43.261590" lon="-3.412310"/>
      <trkpt lat="43.261570" lon="-3.412180"/>
      <trkpt lat="43.261480" lon="-3.411760"/>
      <trkpt lat="43.261450" lon="-3.411560"/>
      <trkpt lat="43.261420" lon="-3.411400"/>
      <trkpt lat="43.261400" lon="-3.411190"/>
      <trkpt lat="43.261370" lon="-3.411070"/>
      <trkpt lat="43.261340" lon="-3.410950"/>
      <trkpt lat="43.261320" lon="-3.410900"/>
      <trkpt lat="43.261260" lon="-3.410790"/>
      <trkpt lat="43.261170" lon="-3.410670"/>
      <trkpt lat="43.261060" lon="-3.410580"/>
      <trkpt lat="43.260890" lon="-3.410470"/>
      <trkpt lat="43.260790" lon="-3.410380"/>
      <trkpt lat="43.260710" lon="-3.410280"/>
      <trkpt lat="43.260630" lon="-3.410200"/>
      <trkpt lat="43.260550" lon="-3.410070"/>
      <trkpt lat="43.260470" lon="-3.409950"/>
      <trkpt lat="43.260410" lon="-3.409830"/>
      <trkpt lat="43.260280" lon="-3.409560"/>
      <trkpt lat="43.260050" lon="-3.409070"/>
      <trkpt lat="43.259920" lon="-3.408820"/>
      <trkpt lat="43.259720" lon="-3.408490"/>
      <trkpt lat="43.259650" lon="-3.408360"/>
      <trkpt lat="43.259590" lon="-3.408200"/>
      <trkpt lat="43.259540" lon="-3.408030"/>
      <trkpt lat="43.259520" lon="-3.407880"/>
      <trkpt lat="43.259510" lon="-3.407730"/>
      <trkpt lat="43.259500" lon="-3.407550"/>
      <trkpt lat="43.259500" lon="-3.407350"/>
      <trkpt lat="43.259500" lon="-3.407180"/>
      <trkpt lat="43.259500" lon="-3.407030"/>
      <trkpt lat="43.259480" lon="-3.406870"/>
      <trkpt lat="43.259450" lon="-3.406650"/>
      <trkpt lat="43.259420" lon="-3.406510"/>
      <trkpt lat="43.259380" lon="-3.406410"/>
      <trkpt lat="43.259320" lon="-3.406280"/>
      <trkpt lat="43.259280" lon="-3.406200"/>
      <trkpt lat="43.259170" lon="-3.406040"/>
      <trkpt lat="43.258870" lon="-3.405660"/>
      <trkpt lat="43.258620" lon="-3.405380"/>
      <trkpt lat="43.258430" lon="-3.405190"/>
      <trkpt lat="43.258280" lon="-3.405040"/>
      <trkpt lat="43.257830" lon="-3.404620"/>
      <trkpt lat="43.257610" lon="-3.404410"/>
      <trkpt lat="43.257470" lon="-3.404280"/>
      <trkpt lat="43.257380" lon="-3.404170"/>
      <trkpt lat="43.257250" lon="-3.404000"/>
      <trkpt lat="43.257130" lon="-3.403850"/>
      <trkpt lat="43.257070" lon="-3.403750"/>
      <trkpt lat="43.256970" lon="-3.403590"/>
      <trkpt lat="43.256850" lon="-3.403360"/>
      <trkpt lat="43.256740" lon="-3.403140"/>
      <trkpt lat="43.256620" lon="-3.402910"/>
      <trkpt lat="43.256540" lon="-3.402740"/>
      <trkpt lat="43.256430" lon="-3.402520"/>
      <trkpt lat="43.256360" lon="-3.402370"/>
      <trkpt lat="43.256280" lon="-3.402160"/>
      <trkpt lat="43.256240" lon="-3.401990"/>
      <trkpt lat="43.256210" lon="-3.401780"/>
      <trkpt lat="43.256150" lon="-3.401420"/>
      <trkpt lat="43.256120" lon="-3.401230"/>
      <trkpt lat="43.256110" lon="-3.401110"/>
      <trkpt lat="43.256110" lon="-3.400920"/>
      <trkpt lat="43.256110" lon="-3.400750"/>
      <trkpt lat="43.256090" lon="-3.400590"/>
      <trkpt lat="43.256050" lon="-3.400370"/>
      <trkpt lat="43.256010" lon="-3.400170"/>
      <trkpt lat="43.255970" lon="-3.399990"/>
      <trkpt lat="43.255910" lon="-3.399780"/>
      <trkpt lat="43.255850" lon="-3.399580"/>
      <trkpt lat="43.255750" lon="-3.399330"/>
      <trkpt lat="43.255630" lon="-3.399050"/>
      <trkpt lat="43.255460" lon="-3.398660"/>
      <trkpt lat="43.255390" lon="-3.398470"/>
      <trkpt lat="43.255300" lon="-3.398220"/>
      <trkpt lat="43.255190" lon="-3.397900"/>
      <trkpt lat="43.255100" lon="-3.397600"/>
      <trkpt lat="43.255020" lon="-3.397350"/>
      <trkpt lat="43.254950" lon="-3.397040"/>
      <trkpt lat="43.254850" lon="-3.396680"/>
      <trkpt lat="43.254790" lon="-3.396440"/>
      <trkpt lat="43.254670" lon="-3.396100"/>
      <trkpt lat="43.254550" lon="-3.395780"/>
      <trkpt lat="43.254380" lon="-3.395330"/>
      <trkpt lat="43.254200" lon="-3.394840"/>
      <trkpt lat="43.254080" lon="-3.394510"/>
      <trkpt lat="43.253890" lon="-3.394080"/>
      <trkpt lat="43.253690" lon="-3.393630"/>
      <trkpt lat="43.253480" lon="-3.393170"/>
      <trkpt lat="43.253320" lon="-3.392780"/>
      <trkpt lat="43.253190" lon="-3.392540"/>
      <trkpt lat="43.253040" lon="-3.392280"/>
      <trkpt lat="43.252900" lon="-3.392070"/>
      <trkpt lat="43.252750" lon="-3.391840"/>
      <trkpt lat="43.252710" lon="-3.391750"/>
      <trkpt lat="43.252690" lon="-3.391690"/>
      <trkpt lat="43.252640" lon="-3.391530"/>
      <trkpt lat="43.252610" lon="-3.391390"/>
      <trkpt lat="43.252500" lon="-3.390980"/>
      <trkpt lat="43.252370" lon="-3.390440"/>
      <trkpt lat="43.251110" lon="-3.385430"/>
      <trkpt lat="43.250960" lon="-3.384830"/>
      <trkpt lat="43.250660" lon="-3.383640"/>
      <trkpt lat="43.250500" lon="-3.382970"/>
      <trkpt lat="43.250410" lon="-3.382680"/>
      <trkpt lat="43.250100" lon="-3.381650"/>
      <trkpt lat="43.249840" lon="-3.380840"/>
      <trkpt lat="43.249710" lon="-3.380420"/>
      <trkpt lat="43.249530" lon="-3.379750"/>
      <trkpt lat="43.249410" lon="-3.379300"/>
      <trkpt lat="43.249330" lon="-3.378980"/>
      <trkpt lat="43.249200" lon="-3.378500"/>
      <trkpt lat="43.249160" lon="-3.378370"/>
      <trkpt lat="43.249120" lon="-3.378230"/>
      <trkpt lat="43.249040" lon="-3.378070"/>
      <trkpt lat="43.248920" lon="-3.377850"/>
      <trkpt lat="43.248820" lon="-3.377670"/>
      <trkpt lat="43.248720" lon="-3.377500"/>
      <trkpt lat="43.248650" lon="-3.377380"/>
      <trkpt lat="43.248580" lon="-3.377220"/>
      <trkpt lat="43.248540" lon="-3.377100"/>
      <trkpt lat="43.248520" lon="-3.376980"/>
      <trkpt lat="43.248510" lon="-3.376880"/>
      <trkpt lat="43.248510" lon="-3.376710"/>
      <trkpt lat="43.248540" lon="-3.376510"/>
      <trkpt lat="43.248570" lon="-3.376370"/>
      <trkpt lat="43.248610" lon="-3.376220"/>
      <trkpt lat="43.248700" lon="-3.375980"/>
      <trkpt lat="43.248800" lon="-3.375800"/>
      <trkpt lat="43.248930" lon="-3.375610"/>
      <trkpt lat="43.249040" lon="-3.375430"/>
      <trkpt lat="43.249110" lon="-3.375320"/>
      <trkpt lat="43.249170" lon="-3.375220"/>
      <trkpt lat="43.249200" lon="-3.375130"/>
      <trkpt lat="43.249250" lon="-3.374910"/>
      <trkpt lat="43.249270" lon="-3.374740"/>
      <trkpt lat="43.249270" lon="-3.374490"/>
      <trkpt lat="43.249260" lon="-3.374160"/>
      <trkpt lat="43.249250" lon="-3.373840"/>
      <trkpt lat="43.249240" lon="-3.373620"/>
      <trkpt lat="43.249230" lon="-3.373390"/>
      <trkpt lat="43.249220" lon="-3.373240"/>
      <trkpt lat="43.249190" lon="-3.373110"/>
      <trkpt lat="43.249130" lon="-3.372980"/>
      <trkpt lat="43.249080" lon="-3.372910"/>
      <trkpt lat="43.249010" lon="-3.372770"/>
      <trkpt lat="43.248950" lon="-3.372710"/>
      <trkpt lat="43.248840" lon="-3.372630"/>
      <trkpt lat="43.248700" lon="-3.372520"/>
      <trkpt lat="43.248480" lon="-3.372360"/>
      <trkpt lat="43.247860" lon="-3.371910"/>
      <trkpt lat="43.247540" lon="-3.371670"/>
      <trkpt lat="43.247110" lon="-3.371370"/>
      <trkpt lat="43.246830" lon="-3.371160"/>
      <trkpt lat="43.246720" lon="-3.371080"/>
      <trkpt lat="43.246630" lon="-3.371030"/>
      <trkpt lat="43.246550" lon="-3.371000"/>
      <trkpt lat="43.246450" lon="-3.370980"/>
      <trkpt lat="43.246210" lon="-3.370950"/>
      <trkpt lat="43.246110" lon="-3.370920"/>
      <trkpt lat="43.246060" lon="-3.370890"/>
      <trkpt lat="43.245990" lon="-3.370830"/>
      <trkpt lat="43.245940" lon="-3.370770"/>
      <trkpt lat="43.245880" lon="-3.370680"/>
      <trkpt lat="43.245800" lon="-3.370520"/>
      <trkpt lat="43.245640" lon="-3.370210"/>
      <trkpt lat="43.245570" lon="-3.370080"/>
      <trkpt lat="43.245490" lon="-3.369980"/>
      <trkpt lat="43.245390" lon="-3.369890"/>
      <trkpt lat="43.245190" lon="-3.369730"/>
      <trkpt lat="43.244860" lon="-3.369500"/>
      <trkpt lat="43.244610" lon="-3.369300"/>
      <trkpt lat="43.244580" lon="-3.369280"/>
      <trkpt lat="43.244300" lon="-3.369080"/>
      <trkpt lat="43.244190" lon="-3.368970"/>
      <trkpt lat="43.244050" lon="-3.368790"/>
      <trkpt lat="43.243860" lon="-3.368580"/>
      <trkpt lat="43.243710" lon="-3.368410"/>
      <trkpt lat="43.243640" lon="-3.368320"/>
      <trkpt lat="43.243550" lon="-3.368220"/>
      <trkpt lat="43.243330" lon="-3.367960"/>
      <trkpt lat="43.243170" lon="-3.367740"/>
      <trkpt lat="43.243070" lon="-3.367570"/>
      <trkpt lat="43.242980" lon="-3.367320"/>
      <trkpt lat="43.242920" lon="-3.366990"/>
      <trkpt lat="43.242830" lon="-3.366510"/>
      <trkpt lat="43.242750" lon="-3.366150"/>
      <trkpt lat="43.242680" lon="-3.365810"/>
      <trkpt lat="43.242650" lon="-3.365640"/>
      <trkpt lat="43.242610" lon="-3.365500"/>
      <trkpt lat="43.242560" lon="-3.365380"/>
      <trkpt lat="43.242500" lon="-3.365270"/>
      <trkpt lat="43.242430" lon="-3.365150"/>
      <trkpt lat="43.242310" lon="-3.364990"/>
      <trkpt lat="43.242120" lon="-3.364790"/>
      <trkpt lat="43.241940" lon="-3.364620"/>
      <trkpt lat="43.241560" lon="-3.364290"/>
      <trkpt lat="43.241420" lon="-3.364140"/>
      <trkpt lat="43.241380" lon="-3.364080"/>
      <trkpt lat="43.241360" lon="-3.364030"/>
      <trkpt lat="43.241320" lon="-3.363950"/>
      <trkpt lat="43.241280" lon="-3.363820"/>
      <trkpt lat="43.241260" lon="-3.363700"/>
      <trkpt lat="43.241270" lon="-3.363530"/>
      <trkpt lat="43.241300" lon="-3.363400"/>
      <trkpt lat="43.241380" lon="-3.363220"/>
      <trkpt lat="43.241640" lon="-3.362670"/>
      <trkpt lat="43.241790" lon="-3.362390"/>
      <trkpt lat="43.241850" lon="-3.362230"/>
      <trkpt lat="43.241890" lon="-3.362030"/>
      <trkpt lat="43.241900" lon="-3.361840"/>
      <trkpt lat="43.241900" lon="-3.361170"/>
      <trkpt lat="43.241900" lon="-3.360940"/>
      <trkpt lat="43.241900" lon="-3.360690"/>
      <trkpt lat="43.241890" lon="-3.360540"/>
      <trkpt lat="43.241860" lon="-3.360400"/>
      <trkpt lat="43.241800" lon="-3.360280"/>
      <trkpt lat="43.241430" lon="-3.359480"/>
      <trkpt lat="43.241270" lon="-3.359110"/>
      <trkpt lat="43.241200" lon="-3.358930"/>
      <trkpt lat="43.241130" lon="-3.358710"/>
      <trkpt lat="43.241010" lon="-3.358330"/>
      <trkpt lat="43.240940" lon="-3.358150"/>
      <trkpt lat="43.240870" lon="-3.358030"/>
      <trkpt lat="43.240770" lon="-3.357900"/>
      <trkpt lat="43.240640" lon="-3.357740"/>
      <trkpt lat="43.240470" lon="-3.357570"/>
      <trkpt lat="43.240410" lon="-3.357520"/>
      <trkpt lat="43.240030" lon="-3.357220"/>
      <trkpt lat="43.239880" lon="-3.357100"/>
      <trkpt lat="43.239730" lon="-3.356950"/>
      <trkpt lat="43.239630" lon="-3.356830"/>
      <trkpt lat="43.239440" lon="-3.356590"/>
      <trkpt lat="43.239310" lon="-3.356420"/>
      <trkpt lat="43.239230" lon="-3.356320"/>
      <trkpt lat="43.239180" lon="-3.356280"/>
      <trkpt lat="43.239150" lon="-3.356250"/>
      <trkpt lat="43.239020" lon="-3.356180"/>
      <trkpt lat="43.238850" lon="-3.356080"/>
      <trkpt lat="43.238320" lon="-3.355770"/>
      <trkpt lat="43.238230" lon="-3.355720"/>
      <trkpt lat="43.237200" lon="-3.355150"/>
      <trkpt lat="43.236650" lon="-3.354830"/>
      <trkpt lat="43.236450" lon="-3.354720"/>
      <trkpt lat="43.235690" lon="-3.354290"/>
      <trkpt lat="43.235590" lon="-3.354210"/>
      <trkpt lat="43.235530" lon="-3.354140"/>
      <trkpt lat="43.235470" lon="-3.354050"/>
      <trkpt lat="43.235410" lon="-3.353930"/>
      <trkpt lat="43.235290" lon="-3.353640"/>
      <trkpt lat="43.234990" lon="-3.352910"/>
      <trkpt lat="43.234200" lon="-3.350990"/>
      <trkpt lat="43.233780" lon="-3.349990"/>
      <trkpt lat="43.233680" lon="-3.349750"/>
      <trkpt lat="43.233630" lon="-3.349600"/>
      <trkpt lat="43.233590" lon="-3.349430"/>
      <trkpt lat="43.233550" lon="-3.349240"/>
      <trkpt lat="43.233520" lon="-3.349000"/>
      <trkpt lat="43.233330" lon="-3.346900"/>
      <trkpt lat="43.233140" lon="-3.344960"/>
      <trkpt lat="43.233100" lon="-3.344530"/>
      <trkpt lat="43.233110" lon="-3.344400"/>
      <trkpt lat="43.233130" lon="-3.344240"/>
      <trkpt lat="43.233210" lon="-3.343850"/>
      <trkpt lat="43.233220" lon="-3.343810"/>
      <trkpt lat="43.233290" lon="-3.343520"/>
      <trkpt lat="43.233340" lon="-3.343320"/>
      <trkpt lat="43.233430" lon="-3.343060"/>
      <trkpt lat="43.233770" lon="-3.341940"/>
      <trkpt lat="43.233830" lon="-3.341730"/>
      <trkpt lat="43.233860" lon="-3.341600"/>
      <trkpt lat="43.233880" lon="-3.341480"/>
      <trkpt lat="43.233910" lon="-3.341280"/>
      <trkpt lat="43.233920" lon="-3.341120"/>
      <trkpt lat="43.233940" lon="-3.340870"/>
      <trkpt lat="43.233990" lon="-3.340270"/>
      <trkpt lat="43.234000" lon="-3.340050"/>
      <trkpt lat="43.234080" lon="-3.338940"/>
      <trkpt lat="43.234170" lon="-3.337950"/>
      <trkpt lat="43.234180" lon="-3.337700"/>
      <trkpt lat="43.234210" lon="-3.337550"/>
      <trkpt lat="43.234230" lon="-3.337360"/>
      <trkpt lat="43.234240" lon="-3.337250"/>
      <trkpt lat="43.234200" lon="-3.337090"/>
      <trkpt lat="43.234100" lon="-3.336850"/>
      <trkpt lat="43.233950" lon="-3.336600"/>
      <trkpt lat="43.233780" lon="-3.336320"/>
      <trkpt lat="43.233540" lon="-3.335920"/>
      <trkpt lat="43.233430" lon="-3.335720"/>
      <trkpt lat="43.233370" lon="-3.335570"/>
      <trkpt lat="43.233330" lon="-3.335390"/>
      <trkpt lat="43.233300" lon="-3.335210"/>
      <trkpt lat="43.233270" lon="-3.334680"/>
      <trkpt lat="43.233220" lon="-3.333990"/>
      <trkpt lat="43.233220" lon="-3.333810"/>
      <trkpt lat="43.233220" lon="-3.333710"/>
      <trkpt lat="43.233250" lon="-3.333610"/>
      <trkpt lat="43.233400" lon="-3.333110"/>
      <trkpt lat="43.233510" lon="-3.332820"/>
      <trkpt lat="43.233560" lon="-3.332710"/>
      <trkpt lat="43.233780" lon="-3.332380"/>
      <trkpt lat="43.233870" lon="-3.332240"/>
      <trkpt lat="43.233930" lon="-3.332100"/>
      <trkpt lat="43.233980" lon="-3.332000"/>
      <trkpt lat="43.234090" lon="-3.331730"/>
      <trkpt lat="43.234190" lon="-3.331590"/>
      <trkpt lat="43.234300" lon="-3.331500"/>
      <trkpt lat="43.234400" lon="-3.331460"/>
      <trkpt lat="43.234510" lon="-3.331460"/>
      <trkpt lat="43.234800" lon="-3.331540"/>
      <trkpt lat="43.235360" lon="-3.331670"/>
      <trkpt lat="43.235530" lon="-3.331690"/>
      <trkpt lat="43.235620" lon="-3.331680"/>
      <trkpt lat="43.235690" lon="-3.331620"/>
      <trkpt lat="43.235780" lon="-3.331510"/>
      <trkpt lat="43.235890" lon="-3.331350"/>
      <trkpt lat="43.236030" lon="-3.331130"/>
      <trkpt lat="43.236290" lon="-3.330670"/>
      <trkpt lat="43.236350" lon="-3.330540"/>
      <trkpt lat="43.236370" lon="-3.330400"/>
      <trkpt lat="43.236350" lon="-3.330310"/>
      <trkpt lat="43.236300" lon="-3.330220"/>
      <trkpt lat="43.236230" lon="-3.330160"/>
      <trkpt lat="43.236140" lon="-3.330110"/>
      <trkpt lat="43.235840" lon="-3.329980"/>
      <trkpt lat="43.235410" lon="-3.329770"/>
      <trkpt lat="43.235040" lon="-3.329620"/>
      <trkpt lat="43.234930" lon="-3.329550"/>
      <trkpt lat="43.234860" lon="-3.329460"/>
      <trkpt lat="43.234830" lon="-3.329350"/>
      <trkpt lat="43.234820" lon="-3.329230"/>
      <trkpt lat="43.234830" lon="-3.329120"/>
      <trkpt lat="43.234860" lon="-3.328990"/>
      <trkpt lat="43.234960" lon="-3.328560"/>
      <trkpt lat="43.235100" lon="-3.328010"/>
      <trkpt lat="43.235160" lon="-3.327860"/>
      <trkpt lat="43.235210" lon="-3.327760"/>
      <trkpt lat="43.235300" lon="-3.327670"/>
      <trkpt lat="43.236350" lon="-3.326630"/>
      <trkpt lat="43.236540" lon="-3.326430"/>
      <trkpt lat="43.236660" lon="-3.326320"/>
      <trkpt lat="43.236800" lon="-3.326220"/>
      <trkpt lat="43.236920" lon="-3.326150"/>
      <trkpt lat="43.237050" lon="-3.326100"/>
      <trkpt lat="43.237510" lon="-3.325960"/>
      <trkpt lat="43.237860" lon="-3.325840"/>
      <trkpt lat="43.238380" lon="-3.325640"/>
      <trkpt lat="43.238550" lon="-3.325590"/>
      <trkpt lat="43.238640" lon="-3.325580"/>
      <trkpt lat="43.238730" lon="-3.325580"/>
      <trkpt lat="43.238840" lon="-3.325620"/>
      <trkpt lat="43.238960" lon="-3.325680"/>
      <trkpt lat="43.239070" lon="-3.325770"/>
      <trkpt lat="43.239150" lon="-3.325850"/>
      <trkpt lat="43.239260" lon="-3.326000"/>
      <trkpt lat="43.239520" lon="-3.326370"/>
      <trkpt lat="43.239620" lon="-3.326470"/>
      <trkpt lat="43.239690" lon="-3.326490"/>
      <trkpt lat="43.239770" lon="-3.326470"/>
      <trkpt lat="43.239810" lon="-3.326420"/>
      <trkpt lat="43.239840" lon="-3.326340"/>
      <trkpt lat="43.239850" lon="-3.326240"/>
      <trkpt lat="43.239820" lon="-3.326050"/>
      <trkpt lat="43.239760" lon="-3.325580"/>
      <trkpt lat="43.239730" lon="-3.325310"/>
      <trkpt lat="43.239730" lon="-3.325180"/>
      <trkpt lat="43.239750" lon="-3.325070"/>
      <trkpt lat="43.239800" lon="-3.324980"/>
      <trkpt lat="43.239850" lon="-3.324920"/>
      <trkpt lat="43.239940" lon="-3.324850"/>
      <trkpt lat="43.240470" lon="-3.324530"/>
      <trkpt lat="43.240610" lon="-3.324430"/>
      <trkpt lat="43.240690" lon="-3.324350"/>
      <trkpt lat="43.240740" lon="-3.324240"/>
      <trkpt lat="43.240770" lon="-3.324130"/>
      <trkpt lat="43.240780" lon="-3.324010"/>
      <trkpt lat="43.240770" lon="-3.323290"/>
      <trkpt lat="43.240750" lon="-3.323010"/>
      <trkpt lat="43.240660" lon="-3.322260"/>
      <trkpt lat="43.240590" lon="-3.321710"/>
      <trkpt lat="43.240560" lon="-3.321580"/>
      <trkpt lat="43.240520" lon="-3.321460"/>
      <trkpt lat="43.240460" lon="-3.321330"/>
      <trkpt lat="43.239890" lon="-3.320040"/>
      <trkpt lat="43.239810" lon="-3.319860"/>
      <trkpt lat="43.239760" lon="-3.319740"/>
      <trkpt lat="43.239730" lon="-3.319680"/>
      <trkpt lat="43.239650" lon="-3.319520"/>
      <trkpt lat="43.239440" lon="-3.319170"/>
      <trkpt lat="43.239150" lon="-3.318700"/>
      <trkpt lat="43.238830" lon="-3.318160"/>
      <trkpt lat="43.238340" lon="-3.317380"/>
      <trkpt lat="43.238280" lon="-3.317280"/>
      <trkpt lat="43.238250" lon="-3.317190"/>
      <trkpt lat="43.238230" lon="-3.317070"/>
      <trkpt lat="43.238240" lon="-3.316970"/>
      <trkpt lat="43.238290" lon="-3.316800"/>
      <trkpt lat="43.238460" lon="-3.316300"/>
      <trkpt lat="43.238580" lon="-3.315910"/>
      <trkpt lat="43.238610" lon="-3.315760"/>
      <trkpt lat="43.238620" lon="-3.315630"/>
      <trkpt lat="43.238610" lon="-3.315510"/>
      <trkpt lat="43.238590" lon="-3.315400"/>
      <trkpt lat="43.238540" lon="-3.315310"/>
      <trkpt lat="43.238470" lon="-3.315230"/>
      <trkpt lat="43.238390" lon="-3.315140"/>
      <trkpt lat="43.238140" lon="-3.314880"/>
      <trkpt lat="43.238080" lon="-3.314800"/>
      <trkpt lat="43.238010" lon="-3.314680"/>
      <trkpt lat="43.237970" lon="-3.314570"/>
      <trkpt lat="43.237960" lon="-3.314460"/>
      <trkpt lat="43.237970" lon="-3.314350"/>
      <trkpt lat="43.238010" lon="-3.314210"/>
      <trkpt lat="43.238240" lon="-3.313530"/>
      <trkpt lat="43.238390" lon="-3.313090"/>
      <trkpt lat="43.238830" lon="-3.311790"/>
      <trkpt lat="43.239010" lon="-3.311270"/>
      <trkpt lat="43.239060" lon="-3.311120"/>
      <trkpt lat="43.239130" lon="-3.310930"/>
      <trkpt lat="43.239190" lon="-3.310800"/>
      <trkpt lat="43.239640" lon="-3.309920"/>
      <trkpt lat="43.239760" lon="-3.309660"/>
      <trkpt lat="43.239820" lon="-3.309520"/>
      <trkpt lat="43.239890" lon="-3.309330"/>
      <trkpt lat="43.240060" lon="-3.308760"/>
      <trkpt lat="43.240120" lon="-3.308600"/>
      <trkpt lat="43.240170" lon="-3.308500"/>
      <trkpt lat="43.240240" lon="-3.308430"/>
      <trkpt lat="43.240520" lon="-3.308110"/>
      <trkpt lat="43.241010" lon="-3.307580"/>
      <trkpt lat="43.241090" lon="-3.307460"/>
      <trkpt lat="43.241140" lon="-3.307350"/>
      <trkpt lat="43.241170" lon="-3.307230"/>
      <trkpt lat="43.241170" lon="-3.307190"/>
      <trkpt lat="43.241180" lon="-3.307110"/>
      <trkpt lat="43.241140" lon="-3.306530"/>
      <trkpt lat="43.241160" lon="-3.306390"/>
      <trkpt lat="43.241200" lon="-3.306280"/>
      <trkpt lat="43.241250" lon="-3.306170"/>
      <trkpt lat="43.241660" lon="-3.305480"/>
      <trkpt lat="43.241840" lon="-3.305200"/>
      <trkpt lat="43.242090" lon="-3.304830"/>
      <trkpt lat="43.242220" lon="-3.304660"/>
      <trkpt lat="43.242310" lon="-3.304570"/>
      <trkpt lat="43.242570" lon="-3.304310"/>
      <trkpt lat="43.243210" lon="-3.303690"/>
      <trkpt lat="43.243600" lon="-3.303300"/>
      <trkpt lat="43.243980" lon="-3.302950"/>
      <trkpt lat="43.244470" lon="-3.302450"/>
      <trkpt lat="43.244510" lon="-3.302370"/>
      <trkpt lat="43.244520" lon="-3.302280"/>
      <trkpt lat="43.244510" lon="-3.302170"/>
      <trkpt lat="43.244460" lon="-3.301910"/>
      <trkpt lat="43.244350" lon="-3.301430"/>
      <trkpt lat="43.244320" lon="-3.301300"/>
      <trkpt lat="43.244150" lon="-3.300830"/>
      <trkpt lat="43.244110" lon="-3.300680"/>
      <trkpt lat="43.243890" lon="-3.299820"/>
      <trkpt lat="43.243860" lon="-3.299750"/>
      <trkpt lat="43.243810" lon="-3.299650"/>
      <trkpt lat="43.243750" lon="-3.299580"/>
      <trkpt lat="43.243690" lon="-3.299520"/>
      <trkpt lat="43.243610" lon="-3.299470"/>
      <trkpt lat="43.243530" lon="-3.299430"/>
      <trkpt lat="43.243450" lon="-3.299400"/>
      <trkpt lat="43.243380" lon="-3.299390"/>
      <trkpt lat="43.243310" lon="-3.299390"/>
      <trkpt lat="43.243070" lon="-3.299450"/>
      <trkpt lat="43.242980" lon="-3.299440"/>
      <trkpt lat="43.242870" lon="-3.299430"/>
      <trkpt lat="43.242760" lon="-3.299400"/>
      <trkpt lat="43.242640" lon="-3.299350"/>
      <trkpt lat="43.242540" lon="-3.299290"/>
      <trkpt lat="43.242480" lon="-3.299240"/>
      <trkpt lat="43.242420" lon="-3.299140"/>
      <trkpt lat="43.242390" lon="-3.299040"/>
      <trkpt lat="43.242360" lon="-3.298660"/>
      <trkpt lat="43.242340" lon="-3.298530"/>
      <trkpt lat="43.242320" lon="-3.298450"/>
      <trkpt lat="43.242290" lon="-3.298360"/>
      <trkpt lat="43.242240" lon="-3.298290"/>
      <trkpt lat="43.242180" lon="-3.298200"/>
      <trkpt lat="43.242070" lon="-3.298070"/>
      <trkpt lat="43.242010" lon="-3.298000"/>
      <trkpt lat="43.241940" lon="-3.297940"/>
      <trkpt lat="43.241780" lon="-3.297830"/>
      <trkpt lat="43.241700" lon="-3.297750"/>
      <trkpt lat="43.241650" lon="-3.297690"/>
      <trkpt lat="43.241600" lon="-3.297600"/>
      <trkpt lat="43.241570" lon="-3.297520"/>
      <trkpt lat="43.241520" lon="-3.297340"/>
      <trkpt lat="43.241490" lon="-3.297120"/>
      <trkpt lat="43.241390" lon="-3.296270"/>
      <trkpt lat="43.241370" lon="-3.296130"/>
      <trkpt lat="43.241370" lon="-3.296030"/>
      <trkpt lat="43.241380" lon="-3.295960"/>
      <trkpt lat="43.241390" lon="-3.295900"/>
      <trkpt lat="43.241410" lon="-3.295840"/>
      <trkpt lat="43.241500" lon="-3.295670"/>
      <trkpt lat="43.241660" lon="-3.295400"/>
      <trkpt lat="43.241720" lon="-3.295260"/>
      <trkpt lat="43.241760" lon="-3.295150"/>
      <trkpt lat="43.241780" lon="-3.295030"/>
      <trkpt lat="43.241790" lon="-3.294890"/>
      <trkpt lat="43.241800" lon="-3.294740"/>
      <trkpt lat="43.241790" lon="-3.294620"/>
      <trkpt lat="43.241770" lon="-3.294530"/>
      <trkpt lat="43.241740" lon="-3.294430"/>
      <trkpt lat="43.241700" lon="-3.294340"/>
      <trkpt lat="43.241650" lon="-3.294270"/>
      <trkpt lat="43.241420" lon="-3.294000"/>
      <trkpt lat="43.241270" lon="-3.293830"/>
      <trkpt lat="43.241190" lon="-3.293750"/>
      <trkpt lat="43.241130" lon="-3.293720"/>
      <trkpt lat="43.241060" lon="-3.293700"/>
      <trkpt lat="43.241000" lon="-3.293690"/>
      <trkpt lat="43.240940" lon="-3.293710"/>
      <trkpt lat="43.240850" lon="-3.293760"/>
      <trkpt lat="43.240560" lon="-3.293960"/>
      <trkpt lat="43.240430" lon="-3.294040"/>
      <trkpt lat="43.240290" lon="-3.294090"/>
      <trkpt lat="43.240180" lon="-3.294120"/>
      <trkpt lat="43.240070" lon="-3.294120"/>
      <trkpt lat="43.239960" lon="-3.294110"/>
      <trkpt lat="43.239870" lon="-3.294090"/>
      <trkpt lat="43.239790" lon="-3.294050"/>
      <trkpt lat="43.239660" lon="-3.293980"/>
      <trkpt lat="43.239430" lon="-3.293840"/>
      <trkpt lat="43.239240" lon="-3.293730"/>
      <trkpt lat="43.239180" lon="-3.293710"/>
      <trkpt lat="43.239110" lon="-3.293710"/>
      <trkpt lat="43.238980" lon="-3.293730"/>
      <trkpt lat="43.238730" lon="-3.293770"/>
      <trkpt lat="43.238640" lon="-3.293780"/>
      <trkpt lat="43.238540" lon="-3.293770"/>
      <trkpt lat="43.238450" lon="-3.293750"/>
      <trkpt lat="43.237970" lon="-3.293590"/>
      <trkpt lat="43.237810" lon="-3.293530"/>
      <trkpt lat="43.237650" lon="-3.293430"/>
      <trkpt lat="43.237470" lon="-3.293340"/>
      <trkpt lat="43.237420" lon="-3.293310"/>
      <trkpt lat="43.237330" lon="-3.293260"/>
      <trkpt lat="43.237180" lon="-3.293190"/>
      <trkpt lat="43.237030" lon="-3.293150"/>
      <trkpt lat="43.236680" lon="-3.293070"/>
      <trkpt lat="43.236370" lon="-3.293020"/>
      <trkpt lat="43.236120" lon="-3.292970"/>
      <trkpt lat="43.235990" lon="-3.292940"/>
      <trkpt lat="43.235900" lon="-3.292910"/>
      <trkpt lat="43.235660" lon="-3.292820"/>
      <trkpt lat="43.235030" lon="-3.292490"/>
      <trkpt lat="43.234850" lon="-3.292370"/>
      <trkpt lat="43.234800" lon="-3.292300"/>
      <trkpt lat="43.234790" lon="-3.292270"/>
      <trkpt lat="43.234740" lon="-3.292110"/>
      <trkpt lat="43.234750" lon="-3.291990"/>
      <trkpt lat="43.234810" lon="-3.291860"/>
      <trkpt lat="43.234880" lon="-3.291800"/>
      <trkpt lat="43.234990" lon="-3.291760"/>
      <trkpt lat="43.235170" lon="-3.291760"/>
      <trkpt lat="43.235740" lon="-3.291850"/>
      <trkpt lat="43.235950" lon="-3.291890"/>
      <trkpt lat="43.236110" lon="-3.291910"/>
      <trkpt lat="43.236440" lon="-3.291970"/>
      <trkpt lat="43.236690" lon="-3.291960"/>
      <trkpt lat="43.236920" lon="-3.291900"/>
      <trkpt lat="43.237110" lon="-3.291800"/>
      <trkpt lat="43.237330" lon="-3.291600"/>
      <trkpt lat="43.237450" lon="-3.291430"/>
      <trkpt lat="43.237550" lon="-3.291270"/>
      <trkpt lat="43.237580" lon="-3.291200"/>
      <trkpt lat="43.237630" lon="-3.291090"/>
      <trkpt lat="43.237720" lon="-3.290840"/>
      <trkpt lat="43.237830" lon="-3.290470"/>
      <trkpt lat="43.237890" lon="-3.289980"/>
      <trkpt lat="43.237920" lon="-3.289830"/>
      <trkpt lat="43.237960" lon="-3.289620"/>
      <trkpt lat="43.237980" lon="-3.289510"/>
      <trkpt lat="43.238060" lon="-3.289130"/>
      <trkpt lat="43.238100" lon="-3.288940"/>
      <trkpt lat="43.238150" lon="-3.288660"/>
      <trkpt lat="43.238180" lon="-3.288480"/>
      <trkpt lat="43.238210" lon="-3.288260"/>
      <trkpt lat="43.238270" lon="-3.288040"/>
      <trkpt lat="43.238330" lon="-3.287790"/>
      <trkpt lat="43.238390" lon="-3.287570"/>
      <trkpt lat="43.238430" lon="-3.287430"/>
      <trkpt lat="43.238510" lon="-3.287320"/>
      <trkpt lat="43.238620" lon="-3.287170"/>
      <trkpt lat="43.238740" lon="-3.287080"/>
      <trkpt lat="43.238840" lon="-3.287030"/>
      <trkpt lat="43.239000" lon="-3.287000"/>
      <trkpt lat="43.239140" lon="-3.287000"/>
      <trkpt lat="43.239280" lon="-3.287040"/>
      <trkpt lat="43.239420" lon="-3.287090"/>
      <trkpt lat="43.239520" lon="-3.287130"/>
      <trkpt lat="43.239660" lon="-3.287220"/>
      <trkpt lat="43.239710" lon="-3.287250"/>
      <trkpt lat="43.240250" lon="-3.287540"/>
      <trkpt lat="43.240840" lon="-3.287870"/>
      <trkpt lat="43.241130" lon="-3.288020"/>
      <trkpt lat="43.241240" lon="-3.288080"/>
      <trkpt lat="43.241330" lon="-3.288110"/>
      <trkpt lat="43.241410" lon="-3.288130"/>
      <trkpt lat="43.241490" lon="-3.288130"/>
      <trkpt lat="43.241600" lon="-3.288140"/>
      <trkpt lat="43.241740" lon="-3.288110"/>
      <trkpt lat="43.241890" lon="-3.288010"/>
      <trkpt lat="43.242100" lon="-3.287890"/>
      <trkpt lat="43.242270" lon="-3.287730"/>
      <trkpt lat="43.242350" lon="-3.287640"/>
      <trkpt lat="43.242540" lon="-3.287440"/>
      <trkpt lat="43.242730" lon="-3.287230"/>
      <trkpt lat="43.242890" lon="-3.287060"/>
      <trkpt lat="43.243180" lon="-3.286760"/>
      <trkpt lat="43.243280" lon="-3.286650"/>
      <trkpt lat="43.243350" lon="-3.286530"/>
      <trkpt lat="43.243420" lon="-3.286400"/>
      <trkpt lat="43.243470" lon="-3.286280"/>
      <trkpt lat="43.243500" lon="-3.286220"/>
      <trkpt lat="43.243740" lon="-3.285550"/>
      <trkpt lat="43.243800" lon="-3.285350"/>
      <trkpt lat="43.243840" lon="-3.285240"/>
      <trkpt lat="43.243900" lon="-3.285150"/>
      <trkpt lat="43.243970" lon="-3.285070"/>
      <trkpt lat="43.244050" lon="-3.285020"/>
      <trkpt lat="43.244100" lon="-3.284980"/>
      <trkpt lat="43.244160" lon="-3.284950"/>
      <trkpt lat="43.244230" lon="-3.284920"/>
      <trkpt lat="43.244300" lon="-3.284890"/>
      <trkpt lat="43.244370" lon="-3.284860"/>
      <trkpt lat="43.244420" lon="-3.284830"/>
      <trkpt lat="43.244480" lon="-3.284790"/>
      <trkpt lat="43.244560" lon="-3.284710"/>
      <trkpt lat="43.244700" lon="-3.284580"/>
      <trkpt lat="43.244990" lon="-3.284110"/>
      <trkpt lat="43.245230" lon="-3.283740"/>
      <trkpt lat="43.245390" lon="-3.283470"/>
      <trkpt lat="43.245520" lon="-3.283300"/>
      <trkpt lat="43.245570" lon="-3.283230"/>
      <trkpt lat="43.245720" lon="-3.283010"/>
      <trkpt lat="43.245850" lon="-3.282780"/>
      <trkpt lat="43.245960" lon="-3.282570"/>
      <trkpt lat="43.246080" lon="-3.282320"/>
      <trkpt lat="43.246190" lon="-3.282070"/>
      <trkpt lat="43.246270" lon="-3.281830"/>
      <trkpt lat="43.246350" lon="-3.281580"/>
      <trkpt lat="43.246460" lon="-3.281300"/>
      <trkpt lat="43.246680" lon="-3.280900"/>
      <trkpt lat="43.246770" lon="-3.280730"/>
      <trkpt lat="43.246850" lon="-3.280560"/>
      <trkpt lat="43.246930" lon="-3.280430"/>
      <trkpt lat="43.247000" lon="-3.280330"/>
      <trkpt lat="43.247080" lon="-3.280210"/>
      <trkpt lat="43.247210" lon="-3.280070"/>
      <trkpt lat="43.247350" lon="-3.279970"/>
      <trkpt lat="43.247470" lon="-3.279890"/>
      <trkpt lat="43.247750" lon="-3.279760"/>
      <trkpt lat="43.247920" lon="-3.279700"/>
      <trkpt lat="43.248130" lon="-3.279630"/>
      <trkpt lat="43.248320" lon="-3.279550"/>
      <trkpt lat="43.248430" lon="-3.279480"/>
      <trkpt lat="43.248520" lon="-3.279400"/>
      <trkpt lat="43.248580" lon="-3.279310"/>
      <trkpt lat="43.248620" lon="-3.279250"/>
      <trkpt lat="43.248640" lon="-3.279220"/>
      <trkpt lat="43.248670" lon="-3.279170"/>
      <trkpt lat="43.248690" lon="-3.279090"/>
      <trkpt lat="43.248720" lon="-3.278980"/>
      <trkpt lat="43.248740" lon="-3.278860"/>
      <trkpt lat="43.248750" lon="-3.278740"/>
      <trkpt lat="43.248770" lon="-3.278630"/>
      <trkpt lat="43.248810" lon="-3.278490"/>
      <trkpt lat="43.248850" lon="-3.278360"/>
      <trkpt lat="43.248880" lon="-3.278240"/>
      <trkpt lat="43.248900" lon="-3.278140"/>
      <trkpt lat="43.248930" lon="-3.278040"/>
      <trkpt lat="43.248960" lon="-3.277950"/>
      <trkpt lat="43.248990" lon="-3.277840"/>
      <trkpt lat="43.249130" lon="-3.277540"/>
      <trkpt lat="43.249250" lon="-3.277350"/>
      <trkpt lat="43.249350" lon="-3.277240"/>
      <trkpt lat="43.249440" lon="-3.277140"/>
      <trkpt lat="43.249600" lon="-3.277020"/>
      <trkpt lat="43.249870" lon="-3.276850"/>
      <trkpt lat="43.250110" lon="-3.276730"/>
      <trkpt lat="43.250270" lon="-3.276590"/>
      <trkpt lat="43.250470" lon="-3.276390"/>
      <trkpt lat="43.250600" lon="-3.276290"/>
      <trkpt lat="43.250700" lon="-3.276180"/>
      <trkpt lat="43.250800" lon="-3.276080"/>
      <trkpt lat="43.250850" lon="-3.276020"/>
      <trkpt lat="43.250950" lon="-3.275900"/>
      <trkpt lat="43.251070" lon="-3.275730"/>
      <trkpt lat="43.251180" lon="-3.275540"/>
      <trkpt lat="43.251240" lon="-3.275430"/>
      <trkpt lat="43.251270" lon="-3.275280"/>
      <trkpt lat="43.251270" lon="-3.275200"/>
      <trkpt lat="43.251250" lon="-3.275120"/>
      <trkpt lat="43.251210" lon="-3.275020"/>
      <trkpt lat="43.251130" lon="-3.274930"/>
      <trkpt lat="43.250950" lon="-3.274850"/>
      <trkpt lat="43.250700" lon="-3.274880"/>
      <trkpt lat="43.250340" lon="-3.274880"/>
      <trkpt lat="43.250120" lon="-3.274900"/>
      <trkpt lat="43.250030" lon="-3.274910"/>
      <trkpt lat="43.249960" lon="-3.274960"/>
      <trkpt lat="43.249870" lon="-3.275000"/>
      <trkpt lat="43.249760" lon="-3.275040"/>
      <trkpt lat="43.249660" lon="-3.275110"/>
      <trkpt lat="43.249510" lon="-3.275210"/>
      <trkpt lat="43.249390" lon="-3.275300"/>
      <trkpt lat="43.249150" lon="-3.275520"/>
      <trkpt lat="43.249020" lon="-3.275590"/>
      <trkpt lat="43.248930" lon="-3.275620"/>
      <trkpt lat="43.248820" lon="-3.275640"/>
      <trkpt lat="43.248730" lon="-3.275640"/>
      <trkpt lat="43.248630" lon="-3.275600"/>
      <trkpt lat="43.248520" lon="-3.275530"/>
      <trkpt lat="43.248420" lon="-3.275460"/>
      <trkpt lat="43.248200" lon="-3.275240"/>
      <trkpt lat="43.248060" lon="-3.275100"/>
      <trkpt lat="43.247910" lon="-3.275020"/>
      <trkpt lat="43.247720" lon="-3.274950"/>
      <trkpt lat="43.247580" lon="-3.274930"/>
      <trkpt lat="43.247430" lon="-3.274940"/>
      <trkpt lat="43.247310" lon="-3.274970"/>
      <trkpt lat="43.247180" lon="-3.275030"/>
      <trkpt lat="43.247100" lon="-3.275070"/>
      <trkpt lat="43.247020" lon="-3.275130"/>
      <trkpt lat="43.246910" lon="-3.275230"/>
      <trkpt lat="43.246820" lon="-3.275340"/>
      <trkpt lat="43.246790" lon="-3.275390"/>
      <trkpt lat="43.246750" lon="-3.275450"/>
      <trkpt lat="43.246680" lon="-3.275580"/>
      <trkpt lat="43.246590" lon="-3.275780"/>
      <trkpt lat="43.246470" lon="-3.276140"/>
      <trkpt lat="43.246380" lon="-3.276320"/>
      <trkpt lat="43.246280" lon="-3.276460"/>
      <trkpt lat="43.246130" lon="-3.276570"/>
      <trkpt lat="43.245920" lon="-3.276690"/>
      <trkpt lat="43.245800" lon="-3.276780"/>
      <trkpt lat="43.245720" lon="-3.276870"/>
      <trkpt lat="43.245620" lon="-3.277060"/>
      <trkpt lat="43.245530" lon="-3.277360"/>
      <trkpt lat="43.245470" lon="-3.277520"/>
      <trkpt lat="43.245390" lon="-3.277710"/>
      <trkpt lat="43.245310" lon="-3.277840"/>
      <trkpt lat="43.245210" lon="-3.277940"/>
      <trkpt lat="43.245100" lon="-3.278000"/>
      <trkpt lat="43.244980" lon="-3.278050"/>
      <trkpt lat="43.244880" lon="-3.278050"/>
      <trkpt lat="43.244770" lon="-3.278030"/>
      <trkpt lat="43.244510" lon="-3.277940"/>
      <trkpt lat="43.244410" lon="-3.277930"/>
      <trkpt lat="43.244330" lon="-3.277940"/>
      <trkpt lat="43.244250" lon="-3.277970"/>
      <trkpt lat="43.244170" lon="-3.278010"/>
      <trkpt lat="43.244090" lon="-3.278090"/>
      <trkpt lat="43.243990" lon="-3.278200"/>
      <trkpt lat="43.243860" lon="-3.278380"/>
      <trkpt lat="43.243790" lon="-3.278460"/>
      <trkpt lat="43.243710" lon="-3.278520"/>
      <trkpt lat="43.243640" lon="-3.278550"/>
      <trkpt lat="43.243550" lon="-3.278570"/>
      <trkpt lat="43.243450" lon="-3.278560"/>
      <trkpt lat="43.243290" lon="-3.278530"/>
      <trkpt lat="43.243150" lon="-3.278500"/>
      <trkpt lat="43.243040" lon="-3.278450"/>
      <trkpt lat="43.242970" lon="-3.278390"/>
      <trkpt lat="43.242930" lon="-3.278330"/>
      <trkpt lat="43.242870" lon="-3.278240"/>
      <trkpt lat="43.242840" lon="-3.278150"/>
      <trkpt lat="43.242820" lon="-3.278050"/>
      <trkpt lat="43.242820" lon="-3.277960"/>
      <trkpt lat="43.242830" lon="-3.277850"/>
      <trkpt lat="43.242890" lon="-3.277600"/>
      <trkpt lat="43.243110" lon="-3.276930"/>
      <trkpt lat="43.243170" lon="-3.276720"/>
      <trkpt lat="43.243230" lon="-3.276550"/>
      <trkpt lat="43.243310" lon="-3.276380"/>
      <trkpt lat="43.243390" lon="-3.276250"/>
      <trkpt lat="43.243810" lon="-3.275540"/>
      <trkpt lat="43.244010" lon="-3.275220"/>
      <trkpt lat="43.244090" lon="-3.275070"/>
      <trkpt lat="43.244140" lon="-3.274930"/>
      <trkpt lat="43.244180" lon="-3.274790"/>
      <trkpt lat="43.244210" lon="-3.274620"/>
      <trkpt lat="43.244230" lon="-3.274430"/>
      <trkpt lat="43.244210" lon="-3.274180"/>
      <trkpt lat="43.244190" lon="-3.273990"/>
      <trkpt lat="43.244170" lon="-3.273780"/>
      <trkpt lat="43.244170" lon="-3.273590"/>
      <trkpt lat="43.244210" lon="-3.273360"/>
      <trkpt lat="43.244250" lon="-3.273130"/>
      <trkpt lat="43.244650" lon="-3.271600"/>
      <trkpt lat="43.244840" lon="-3.270870"/>
      <trkpt lat="43.244930" lon="-3.270470"/>
      <trkpt lat="43.244980" lon="-3.270270"/>
      <trkpt lat="43.245020" lon="-3.270100"/>
      <trkpt lat="43.245030" lon="-3.269990"/>
      <trkpt lat="43.245040" lon="-3.269890"/>
      <trkpt lat="43.245040" lon="-3.269750"/>
      <trkpt lat="43.245040" lon="-3.269580"/>
      <trkpt lat="43.245030" lon="-3.269360"/>
      <trkpt lat="43.245020" lon="-3.269150"/>
      <trkpt lat="43.245010" lon="-3.268970"/>
      <trkpt lat="43.245000" lon="-3.268790"/>
      <trkpt lat="43.244990" lon="-3.268620"/>
      <trkpt lat="43.244990" lon="-3.268430"/>
      <trkpt lat="43.244980" lon="-3.268250"/>
      <trkpt lat="43.244960" lon="-3.268040"/>
      <trkpt lat="43.244950" lon="-3.267580"/>
      <trkpt lat="43.244950" lon="-3.267460"/>
      <trkpt lat="43.244950" lon="-3.267400"/>
      <trkpt lat="43.244920" lon="-3.266710"/>
      <trkpt lat="43.244900" lon="-3.265840"/>
      <trkpt lat="43.244880" lon="-3.265500"/>
      <trkpt lat="43.244880" lon="-3.265360"/>
      <trkpt lat="43.244860" lon="-3.265240"/>
      <trkpt lat="43.244850" lon="-3.265110"/>
      <trkpt lat="43.244810" lon="-3.265020"/>
      <trkpt lat="43.244780" lon="-3.264950"/>
      <trkpt lat="43.244710" lon="-3.264860"/>
      <trkpt lat="43.244540" lon="-3.264650"/>
      <trkpt lat="43.244460" lon="-3.264540"/>
      <trkpt lat="43.244310" lon="-3.264330"/>
      <trkpt lat="43.244100" lon="-3.264050"/>
      <trkpt lat="43.243920" lon="-3.263810"/>
      <trkpt lat="43.243790" lon="-3.263620"/>
      <trkpt lat="43.243740" lon="-3.263460"/>
      <trkpt lat="43.243700" lon="-3.263310"/>
      <trkpt lat="43.243680" lon="-3.263150"/>
      <trkpt lat="43.243700" lon="-3.263000"/>
      <trkpt lat="43.243730" lon="-3.262820"/>
      <trkpt lat="43.243820" lon="-3.262420"/>
      <trkpt lat="43.243890" lon="-3.262150"/>
      <trkpt lat="43.243930" lon="-3.261950"/>
      <trkpt lat="43.244000" lon="-3.261660"/>
      <trkpt lat="43.244070" lon="-3.261390"/>
      <trkpt lat="43.244170" lon="-3.260960"/>
      <trkpt lat="43.244290" lon="-3.260410"/>
      <trkpt lat="43.244530" lon="-3.259380"/>
      <trkpt lat="43.244680" lon="-3.258710"/>
      <trkpt lat="43.244820" lon="-3.258100"/>
      <trkpt lat="43.244880" lon="-3.257820"/>
      <trkpt lat="43.244930" lon="-3.257550"/>
      <trkpt lat="43.244950" lon="-3.257350"/>
      <trkpt lat="43.244940" lon="-3.257150"/>
      <trkpt lat="43.244920" lon="-3.256930"/>
      <trkpt lat="43.244890" lon="-3.256750"/>
      <trkpt lat="43.244840" lon="-3.256470"/>
      <trkpt lat="43.244810" lon="-3.256240"/>
      <trkpt lat="43.244760" lon="-3.255990"/>
      <trkpt lat="43.244740" lon="-3.255820"/>
      <trkpt lat="43.244750" lon="-3.255700"/>
      <trkpt lat="43.244770" lon="-3.255560"/>
      <trkpt lat="43.244810" lon="-3.255420"/>
      <trkpt lat="43.244860" lon="-3.255250"/>
      <trkpt lat="43.244910" lon="-3.255070"/>
      <trkpt lat="43.244930" lon="-3.254920"/>
      <trkpt lat="43.244910" lon="-3.254740"/>
      <trkpt lat="43.244840" lon="-3.254620"/>
      <trkpt lat="43.244750" lon="-3.254540"/>
      <trkpt lat="43.244660" lon="-3.254510"/>
      <trkpt lat="43.244570" lon="-3.254500"/>
      <trkpt lat="43.244320" lon="-3.254510"/>
      <trkpt lat="43.244240" lon="-3.254520"/>
      <trkpt lat="43.244110" lon="-3.254520"/>
      <trkpt lat="43.243590" lon="-3.254570"/>
      <trkpt lat="43.243290" lon="-3.254600"/>
      <trkpt lat="43.243130" lon="-3.254580"/>
      <trkpt lat="43.242980" lon="-3.254510"/>
      <trkpt lat="43.242860" lon="-3.254430"/>
      <trkpt lat="43.242740" lon="-3.254330"/>
      <trkpt lat="43.242630" lon="-3.254190"/>
      <trkpt lat="43.242600" lon="-3.254110"/>
      <trkpt lat="43.242570" lon="-3.254000"/>
      <trkpt lat="43.242560" lon="-3.253850"/>
      <trkpt lat="43.242580" lon="-3.253670"/>
      <trkpt lat="43.242650" lon="-3.253470"/>
      <trkpt lat="43.242750" lon="-3.253270"/>
      <trkpt lat="43.242940" lon="-3.252800"/>
      <trkpt lat="43.243090" lon="-3.252390"/>
      <trkpt lat="43.243240" lon="-3.251940"/>
      <trkpt lat="43.243290" lon="-3.251670"/>
      <trkpt lat="43.243310" lon="-3.251440"/>
      <trkpt lat="43.243310" lon="-3.251180"/>
      <trkpt lat="43.243290" lon="-3.250940"/>
      <trkpt lat="43.243240" lon="-3.250690"/>
      <trkpt lat="43.243180" lon="-3.250490"/>
      <trkpt lat="43.243130" lon="-3.250360"/>
      <trkpt lat="43.243050" lon="-3.250200"/>
      <trkpt lat="43.242960" lon="-3.250030"/>
      <trkpt lat="43.242780" lon="-3.249720"/>
      <trkpt lat="43.242600" lon="-3.249430"/>
      <trkpt lat="43.242530" lon="-3.249090"/>
      <trkpt lat="43.242670" lon="-3.248150"/>
      <trkpt lat="43.242660" lon="-3.247660"/>
      <trkpt lat="43.242530" lon="-3.247240"/>
      <trkpt lat="43.242170" lon="-3.246420"/>
      <trkpt lat="43.241620" lon="-3.245860"/>
      <trkpt lat="43.241180" lon="-3.245170"/>
      <trkpt lat="43.240840" lon="-3.244440"/>
      <trkpt lat="43.240660" lon="-3.244100"/>
      <trkpt lat="43.240610" lon="-3.243660"/>
      <trkpt lat="43.240640" lon="-3.243230"/>
      <trkpt lat="43.240630" lon="-3.242990"/>
      <trkpt lat="43.240560" lon="-3.242810"/>
      <trkpt lat="43.239960" lon="-3.241560"/>
      <trkpt lat="43.239900" lon="-3.241400"/>
      <trkpt lat="43.239850" lon="-3.241240"/>
      <trkpt lat="43.239780" lon="-3.241000"/>
      <trkpt lat="43.239730" lon="-3.240730"/>
      <trkpt lat="43.239720" lon="-3.240590"/>
      <trkpt lat="43.239740" lon="-3.240440"/>
      <trkpt lat="43.239760" lon="-3.240340"/>
      <trkpt lat="43.240040" lon="-3.239430"/>
      <trkpt lat="43.240140" lon="-3.239050"/>
      <trkpt lat="43.240180" lon="-3.238820"/>
      <trkpt lat="43.240200" lon="-3.238630"/>
      <trkpt lat="43.240230" lon="-3.238430"/>
      <trkpt lat="43.240270" lon="-3.238320"/>
      <trkpt lat="43.240290" lon="-3.238250"/>
      <trkpt lat="43.240350" lon="-3.238180"/>
      <trkpt lat="43.240410" lon="-3.238140"/>
      <trkpt lat="43.240480" lon="-3.238110"/>
      <trkpt lat="43.240570" lon="-3.238110"/>
      <trkpt lat="43.240690" lon="-3.238150"/>
      <trkpt lat="43.241000" lon="-3.238240"/>
      <trkpt lat="43.241160" lon="-3.238260"/>
      <trkpt lat="43.241310" lon="-3.238270"/>
      <trkpt lat="43.241550" lon="-3.238280"/>
      <trkpt lat="43.241860" lon="-3.238290"/>
      <trkpt lat="43.242000" lon="-3.238300"/>
      <trkpt lat="43.242140" lon="-3.238340"/>
      <trkpt lat="43.243010" lon="-3.238600"/>
      <trkpt lat="43.243150" lon="-3.238640"/>
      <trkpt lat="43.243230" lon="-3.238650"/>
      <trkpt lat="43.243310" lon="-3.238630"/>
      <trkpt lat="43.243400" lon="-3.238600"/>
      <trkpt lat="43.243480" lon="-3.238540"/>
      <trkpt lat="43.243560" lon="-3.238460"/>
      <trkpt lat="43.243650" lon="-3.238330"/>
      <trkpt lat="43.243700" lon="-3.238230"/>
      <trkpt lat="43.243720" lon="-3.238190"/>
      <trkpt lat="43.243760" lon="-3.238080"/>
      <trkpt lat="43.243800" lon="-3.237920"/>
      <trkpt lat="43.244110" lon="-3.236430"/>
      <trkpt lat="43.244190" lon="-3.236090"/>
      <trkpt lat="43.244290" lon="-3.235690"/>
      <trkpt lat="43.244320" lon="-3.235490"/>
      <trkpt lat="43.244320" lon="-3.235370"/>
      <trkpt lat="43.244310" lon="-3.235310"/>
      <trkpt lat="43.244300" lon="-3.235260"/>
      <trkpt lat="43.244260" lon="-3.235140"/>
      <trkpt lat="43.244200" lon="-3.235040"/>
      <trkpt lat="43.244110" lon="-3.234930"/>
      <trkpt lat="43.244010" lon="-3.234870"/>
      <trkpt lat="43.243890" lon="-3.234810"/>
      <trkpt lat="43.243650" lon="-3.234760"/>
      <trkpt lat="43.243330" lon="-3.234700"/>
      <trkpt lat="43.243080" lon="-3.234640"/>
      <trkpt lat="43.242970" lon="-3.234610"/>
      <trkpt lat="43.242880" lon="-3.234570"/>
      <trkpt lat="43.242800" lon="-3.234510"/>
      <trkpt lat="43.242750" lon="-3.234450"/>
      <trkpt lat="43.242730" lon="-3.234360"/>
      <trkpt lat="43.242740" lon="-3.234270"/>
      <trkpt lat="43.242770" lon="-3.234150"/>
      <trkpt lat="43.243150" lon="-3.233310"/>
      <trkpt lat="43.243180" lon="-3.233180"/>
      <trkpt lat="43.243180" lon="-3.232940"/>
      <trkpt lat="43.243160" lon="-3.232760"/>
      <trkpt lat="43.242860" lon="-3.232080"/>
      <trkpt lat="43.242660" lon="-3.231900"/>
      <trkpt lat="43.242460" lon="-3.231800"/>
      <trkpt lat="43.241890" lon="-3.231820"/>
      <trkpt lat="43.241740" lon="-3.231750"/>
      <trkpt lat="43.241660" lon="-3.231630"/>
      <trkpt lat="43.241650" lon="-3.231480"/>
      <trkpt lat="43.241680" lon="-3.231390"/>
      <trkpt lat="43.242150" lon="-3.230650"/>
      <trkpt lat="43.242240" lon="-3.230440"/>
      <trkpt lat="43.242260" lon="-3.230190"/>
      <trkpt lat="43.242250" lon="-3.230000"/>
      <trkpt lat="43.242060" lon="-3.229230"/>
      <trkpt lat="43.242020" lon="-3.229050"/>
      <trkpt lat="43.241900" lon="-3.228870"/>
      <trkpt lat="43.241690" lon="-3.228870"/>
      <trkpt lat="43.241160" lon="-3.229110"/>
      <trkpt lat="43.240140" lon="-3.229460"/>
      <trkpt lat="43.239970" lon="-3.229490"/>
      <trkpt lat="43.239840" lon="-3.229380"/>
      <trkpt lat="43.239840" lon="-3.229260"/>
      <trkpt lat="43.239890" lon="-3.229120"/>
      <trkpt lat="43.240360" lon="-3.228970"/>
      <trkpt lat="43.240520" lon="-3.228820"/>
      <trkpt lat="43.240830" lon="-3.228290"/>
      <trkpt lat="43.241270" lon="-3.227540"/>
      <trkpt lat="43.241350" lon="-3.227400"/>
      <trkpt lat="43.241420" lon="-3.227210"/>
      <trkpt lat="43.241480" lon="-3.226990"/>
      <trkpt lat="43.241530" lon="-3.226790"/>
      <trkpt lat="43.241540" lon="-3.226590"/>
      <trkpt lat="43.241530" lon="-3.226340"/>
      <trkpt lat="43.241480" lon="-3.225880"/>
      <trkpt lat="43.241460" lon="-3.225640"/>
      <trkpt lat="43.241470" lon="-3.225460"/>
      <trkpt lat="43.241490" lon="-3.225300"/>
      <trkpt lat="43.241550" lon="-3.225100"/>
      <trkpt lat="43.241640" lon="-3.224790"/>
      <trkpt lat="43.241660" lon="-3.224620"/>
      <trkpt lat="43.241650" lon="-3.224450"/>
      <trkpt lat="43.241640" lon="-3.224280"/>
      <trkpt lat="43.241600" lon="-3.224080"/>
      <trkpt lat="43.241510" lon="-3.223790"/>
      <trkpt lat="43.241420" lon="-3.223510"/>
      <trkpt lat="43.241310" lon="-3.223290"/>
      <trkpt lat="43.241170" lon="-3.223060"/>
      <trkpt lat="43.241080" lon="-3.222880"/>
      <trkpt lat="43.241030" lon="-3.222710"/>
      <trkpt lat="43.240960" lon="-3.222110"/>
      <trkpt lat="43.240920" lon="-3.221930"/>
      <trkpt lat="43.240870" lon="-3.221670"/>
      <trkpt lat="43.240860" lon="-3.221490"/>
      <trkpt lat="43.240850" lon="-3.221220"/>
      <trkpt lat="43.240850" lon="-3.221040"/>
      <trkpt lat="43.240810" lon="-3.220890"/>
      <trkpt lat="43.240740" lon="-3.220730"/>
      <trkpt lat="43.240560" lon="-3.220400"/>
      <trkpt lat="43.240430" lon="-3.220120"/>
      <trkpt lat="43.240370" lon="-3.219970"/>
      <trkpt lat="43.240330" lon="-3.219760"/>
      <trkpt lat="43.240260" lon="-3.219320"/>
      <trkpt lat="43.240200" lon="-3.219010"/>
      <trkpt lat="43.240140" lon="-3.218790"/>
      <trkpt lat="43.240020" lon="-3.218440"/>
      <trkpt lat="43.239980" lon="-3.218280"/>
      <trkpt lat="43.239960" lon="-3.218120"/>
      <trkpt lat="43.239930" lon="-3.217860"/>
      <trkpt lat="43.239890" lon="-3.217860"/>
      <trkpt lat="43.239860" lon="-3.217840"/>
      <trkpt lat="43.239830" lon="-3.217810"/>
      <trkpt lat="43.239810" lon="-3.217770"/>
      <trkpt lat="43.239800" lon="-3.217720"/>
      <trkpt lat="43.239800" lon="-3.217670"/>
      <trkpt lat="43.239820" lon="-3.217620"/>
      <trkpt lat="43.239850" lon="-3.217580"/>
      <trkpt lat="43.239880" lon="-3.217550"/>
      <trkpt lat="43.239920" lon="-3.217550"/>
      <trkpt lat="43.239920" lon="-3.217360"/>
      <trkpt lat="43.239920" lon="-3.217110"/>
      <trkpt lat="43.239940" lon="-3.216830"/>
      <trkpt lat="43.239990" lon="-3.216480"/>
      <trkpt lat="43.240050" lon="-3.216230"/>
      <trkpt lat="43.240070" lon="-3.216160"/>
      <trkpt lat="43.240110" lon="-3.216060"/>
      <trkpt lat="43.240180" lon="-3.215890"/>
      <trkpt lat="43.240220" lon="-3.215800"/>
      <trkpt lat="43.240240" lon="-3.215760"/>
      <trkpt lat="43.240310" lon="-3.215640"/>
      <trkpt lat="43.240460" lon="-3.215410"/>
      <trkpt lat="43.240820" lon="-3.214890"/>
      <trkpt lat="43.240980" lon="-3.214690"/>
      <trkpt lat="43.241070" lon="-3.214590"/>
      <trkpt lat="43.241290" lon="-3.214360"/>
      <trkpt lat="43.241400" lon="-3.214240"/>
      <trkpt lat="43.242040" lon="-3.213590"/>
      <trkpt lat="43.242600" lon="-3.213010"/>
      <trkpt lat="43.242630" lon="-3.212980"/>
      <trkpt lat="43.242800" lon="-3.212800"/>
      <trkpt lat="43.242890" lon="-3.212690"/>
      <trkpt lat="43.242930" lon="-3.212610"/>
      <trkpt lat="43.242970" lon="-3.212550"/>
      <trkpt lat="43.243030" lon="-3.212380"/>
      <trkpt lat="43.243110" lon="-3.212100"/>
      <trkpt lat="43.243230" lon="-3.211700"/>
      <trkpt lat="43.243270" lon="-3.211520"/>
      <trkpt lat="43.243370" lon="-3.211110"/>
      <trkpt lat="43.243390" lon="-3.210900"/>
      <trkpt lat="43.243370" lon="-3.210680"/>
      <trkpt lat="43.243320" lon="-3.210450"/>
      <trkpt lat="43.243230" lon="-3.210250"/>
      <trkpt lat="43.243100" lon="-3.210070"/>
      <trkpt lat="43.242980" lon="-3.209980"/>
      <trkpt lat="43.242820" lon="-3.209890"/>
      <trkpt lat="43.242650" lon="-3.209850"/>
      <trkpt lat="43.242540" lon="-3.209820"/>
      <trkpt lat="43.242210" lon="-3.209730"/>
      <trkpt lat="43.241990" lon="-3.209600"/>
      <trkpt lat="43.241810" lon="-3.209420"/>
      <trkpt lat="43.241650" lon="-3.209260"/>
      <trkpt lat="43.241500" lon="-3.209140"/>
      <trkpt lat="43.241390" lon="-3.209090"/>
      <trkpt lat="43.241130" lon="-3.209010"/>
      <trkpt lat="43.240090" lon="-3.208760"/>
      <trkpt lat="43.239800" lon="-3.208740"/>
      <trkpt lat="43.239520" lon="-3.208780"/>
      <trkpt lat="43.239270" lon="-3.208860"/>
      <trkpt lat="43.239080" lon="-3.208900"/>
      <trkpt lat="43.238920" lon="-3.208870"/>
      <trkpt lat="43.238700" lon="-3.208790"/>
      <trkpt lat="43.238320" lon="-3.208640"/>
      <trkpt lat="43.238170" lon="-3.208520"/>
      <trkpt lat="43.237490" lon="-3.207920"/>
      <trkpt lat="43.237320" lon="-3.207760"/>
      <trkpt lat="43.237190" lon="-3.207450"/>
      <trkpt lat="43.236990" lon="-3.207200"/>
      <trkpt lat="43.236740" lon="-3.207070"/>
      <trkpt lat="43.236560" lon="-3.207050"/>
      <trkpt lat="43.236420" lon="-3.206970"/>
      <trkpt lat="43.236360" lon="-3.206830"/>
      <trkpt lat="43.236340" lon="-3.206680"/>
      <trkpt lat="43.236340" lon="-3.206490"/>
      <trkpt lat="43.236290" lon="-3.206330"/>
      <trkpt lat="43.236190" lon="-3.206200"/>
      <trkpt lat="43.236090" lon="-3.206160"/>
      <trkpt lat="43.235950" lon="-3.206100"/>
      <trkpt lat="43.235860" lon="-3.206100"/>
      <trkpt lat="43.235730" lon="-3.206110"/>
      <trkpt lat="43.235550" lon="-3.206130"/>
      <trkpt lat="43.235470" lon="-3.206130"/>
      <trkpt lat="43.235390" lon="-3.206100"/>
      <trkpt lat="43.235330" lon="-3.206070"/>
      <trkpt lat="43.235260" lon="-3.206020"/>
      <trkpt lat="43.235160" lon="-3.205900"/>
      <trkpt lat="43.235120" lon="-3.205850"/>
      <trkpt lat="43.235050" lon="-3.205770"/>
      <trkpt lat="43.234940" lon="-3.205670"/>
      <trkpt lat="43.234860" lon="-3.205580"/>
      <trkpt lat="43.234800" lon="-3.205500"/>
      <trkpt lat="43.234750" lon="-3.205400"/>
      <trkpt lat="43.234710" lon="-3.205290"/>
      <trkpt lat="43.234570" lon="-3.204710"/>
      <trkpt lat="43.234540" lon="-3.204560"/>
      <trkpt lat="43.234520" lon="-3.204320"/>
      <trkpt lat="43.234500" lon="-3.204100"/>
      <trkpt lat="43.234470" lon="-3.203920"/>
      <trkpt lat="43.234420" lon="-3.203770"/>
      <trkpt lat="43.234360" lon="-3.203630"/>
      <trkpt lat="43.234270" lon="-3.203500"/>
      <trkpt lat="43.234170" lon="-3.203390"/>
      <trkpt lat="43.233940" lon="-3.203150"/>
      <trkpt lat="43.233830" lon="-3.203020"/>
      <trkpt lat="43.233760" lon="-3.202900"/>
      <trkpt lat="43.233670" lon="-3.202650"/>
      <trkpt lat="43.233500" lon="-3.202060"/>
      <trkpt lat="43.233370" lon="-3.201510"/>
      <trkpt lat="43.233250" lon="-3.200970"/>
      <trkpt lat="43.233140" lon="-3.200390"/>
      <trkpt lat="43.233110" lon="-3.200280"/>
      <trkpt lat="43.233040" lon="-3.199960"/>
      <trkpt lat="43.232960" lon="-3.199690"/>
      <trkpt lat="43.232850" lon="-3.199470"/>
      <trkpt lat="43.232810" lon="-3.199400"/>
      <trkpt lat="43.232700" lon="-3.199280"/>
      <trkpt lat="43.232580" lon="-3.199180"/>
      <trkpt lat="43.232400" lon="-3.199090"/>
      <trkpt lat="43.231560" lon="-3.198920"/>
      <trkpt lat="43.231300" lon="-3.198850"/>
      <trkpt lat="43.231200" lon="-3.198780"/>
      <trkpt lat="43.231120" lon="-3.198710"/>
      <trkpt lat="43.231070" lon="-3.198670"/>
      <trkpt lat="43.231000" lon="-3.198600"/>
      <trkpt lat="43.230960" lon="-3.198520"/>
      <trkpt lat="43.230880" lon="-3.198370"/>
      <trkpt lat="43.230850" lon="-3.198300"/>
      <trkpt lat="43.230720" lon="-3.197860"/>
      <trkpt lat="43.230610" lon="-3.197550"/>
      <trkpt lat="43.230520" lon="-3.197370"/>
      <trkpt lat="43.230280" lon="-3.196940"/>
      <trkpt lat="43.230020" lon="-3.196540"/>
      <trkpt lat="43.229840" lon="-3.196310"/>
      <trkpt lat="43.229750" lon="-3.196180"/>
      <trkpt lat="43.229670" lon="-3.196050"/>
      <trkpt lat="43.229610" lon="-3.195920"/>
      <trkpt lat="43.229540" lon="-3.195730"/>
      <trkpt lat="43.229480" lon="-3.195520"/>
      <trkpt lat="43.229350" lon="-3.194920"/>
      <trkpt lat="43.229280" lon="-3.194580"/>
      <trkpt lat="43.229240" lon="-3.194430"/>
      <trkpt lat="43.229190" lon="-3.194290"/>
      <trkpt lat="43.229130" lon="-3.194160"/>
      <trkpt lat="43.229020" lon="-3.193980"/>
      <trkpt lat="43.228700" lon="-3.193590"/>
      <trkpt lat="43.228550" lon="-3.193420"/>
      <trkpt lat="43.228000" lon="-3.192800"/>
      <trkpt lat="43.227500" lon="-3.192440"/>
      <trkpt lat="43.227360" lon="-3.192310"/>
      <trkpt lat="43.227280" lon="-3.192210"/>
      <trkpt lat="43.227210" lon="-3.192040"/>
      <trkpt lat="43.227100" lon="-3.191710"/>
      <trkpt lat="43.226870" lon="-3.190990"/>
      <trkpt lat="43.226730" lon="-3.190550"/>
      <trkpt lat="43.226640" lon="-3.190380"/>
      <trkpt lat="43.226550" lon="-3.190240"/>
      <trkpt lat="43.226480" lon="-3.190130"/>
      <trkpt lat="43.226400" lon="-3.190030"/>
      <trkpt lat="43.226290" lon="-3.189930"/>
      <trkpt lat="43.226160" lon="-3.189830"/>
      <trkpt lat="43.226040" lon="-3.189760"/>
      <trkpt lat="43.225920" lon="-3.189700"/>
      <trkpt lat="43.225810" lon="-3.189660"/>
      <trkpt lat="43.225710" lon="-3.189630"/>
      <trkpt lat="43.225460" lon="-3.189580"/>
      <trkpt lat="43.225340" lon="-3.189550"/>
      <trkpt lat="43.225240" lon="-3.189510"/>
      <trkpt lat="43.225160" lon="-3.189480"/>
      <trkpt lat="43.225050" lon="-3.189400"/>
      <trkpt lat="43.224970" lon="-3.189320"/>
      <trkpt lat="43.224760" lon="-3.189120"/>
      <trkpt lat="43.224600" lon="-3.189000"/>
      <trkpt lat="43.224500" lon="-3.188940"/>
      <trkpt lat="43.224400" lon="-3.188910"/>
      <trkpt lat="43.224290" lon="-3.188880"/>
      <trkpt lat="43.224030" lon="-3.188880"/>
      <trkpt lat="43.223880" lon="-3.188870"/>
      <trkpt lat="43.223790" lon="-3.188860"/>
      <trkpt lat="43.223710" lon="-3.188840"/>
      <trkpt lat="43.223610" lon="-3.188790"/>
      <trkpt lat="43.223510" lon="-3.188730"/>
      <trkpt lat="43.223430" lon="-3.188660"/>
      <trkpt lat="43.223360" lon="-3.188580"/>
      <trkpt lat="43.223260" lon="-3.188440"/>
      <trkpt lat="43.223130" lon="-3.188210"/>
      <trkpt lat="43.223040" lon="-3.188040"/>
      <trkpt lat="43.222960" lon="-3.187920"/>
      <trkpt lat="43.222870" lon="-3.187800"/>
      <trkpt lat="43.222750" lon="-3.187700"/>
      <trkpt lat="43.222640" lon="-3.187630"/>
      <trkpt lat="43.222380" lon="-3.187450"/>
      <trkpt lat="43.222280" lon="-3.187370"/>
      <trkpt lat="43.222190" lon="-3.187270"/>
      <trkpt lat="43.222070" lon="-3.187060"/>
      <trkpt lat="43.221980" lon="-3.186780"/>
      <trkpt lat="43.221960" lon="-3.186610"/>
      <trkpt lat="43.221970" lon="-3.186430"/>
      <trkpt lat="43.222000" lon="-3.186240"/>
      <trkpt lat="43.222040" lon="-3.186070"/>
      <trkpt lat="43.222130" lon="-3.185820"/>
      <trkpt lat="43.222200" lon="-3.185610"/>
      <trkpt lat="43.222270" lon="-3.185370"/>
      <trkpt lat="43.222430" lon="-3.184780"/>
      <trkpt lat="43.222500" lon="-3.184550"/>
      <trkpt lat="43.222710" lon="-3.184080"/>
      <trkpt lat="43.222820" lon="-3.183750"/>
      <trkpt lat="43.222840" lon="-3.183530"/>
      <trkpt lat="43.222830" lon="-3.183300"/>
      <trkpt lat="43.222780" lon="-3.183070"/>
      <trkpt lat="43.222720" lon="-3.182900"/>
      <trkpt lat="43.222480" lon="-3.182410"/>
      <trkpt lat="43.222400" lon="-3.182200"/>
      <trkpt lat="43.222360" lon="-3.181960"/>
      <trkpt lat="43.222360" lon="-3.181760"/>
      <trkpt lat="43.222370" lon="-3.181320"/>
      <trkpt lat="43.222380" lon="-3.181110"/>
      <trkpt lat="43.222360" lon="-3.180930"/>
      <trkpt lat="43.222350" lon="-3.180840"/>
      <trkpt lat="43.222340" lon="-3.180780"/>
      <trkpt lat="43.222310" lon="-3.180670"/>
      <trkpt lat="43.222230" lon="-3.180490"/>
      <trkpt lat="43.222150" lon="-3.180360"/>
      <trkpt lat="43.221950" lon="-3.180100"/>
      <trkpt lat="43.221800" lon="-3.179960"/>
      <trkpt lat="43.221660" lon="-3.179870"/>
      <trkpt lat="43.221510" lon="-3.179830"/>
      <trkpt lat="43.221370" lon="-3.179820"/>
      <trkpt lat="43.221240" lon="-3.179840"/>
      <trkpt lat="43.221090" lon="-3.179900"/>
      <trkpt lat="43.220960" lon="-3.179990"/>
      <trkpt lat="43.220490" lon="-3.180360"/>
      <trkpt lat="43.220390" lon="-3.180390"/>
      <trkpt lat="43.220350" lon="-3.180410"/>
      <trkpt lat="43.220210" lon="-3.180400"/>
      <trkpt lat="43.220100" lon="-3.180390"/>
      <trkpt lat="43.220040" lon="-3.180360"/>
      <trkpt lat="43.219940" lon="-3.180300"/>
      <trkpt lat="43.219860" lon="-3.180250"/>
      <trkpt lat="43.219650" lon="-3.180050"/>
      <trkpt lat="43.219510" lon="-3.179930"/>
      <trkpt lat="43.219380" lon="-3.179810"/>
      <trkpt lat="43.218860" lon="-3.179430"/>
      <trkpt lat="43.218730" lon="-3.179310"/>
      <trkpt lat="43.218440" lon="-3.179030"/>
      <trkpt lat="43.217830" lon="-3.178570"/>
      <trkpt lat="43.216840" lon="-3.177850"/>
      <trkpt lat="43.216580" lon="-3.177630"/>
      <trkpt lat="43.216480" lon="-3.177540"/>
      <trkpt lat="43.216390" lon="-3.177410"/>
      <trkpt lat="43.216370" lon="-3.177380"/>
      <trkpt lat="43.216340" lon="-3.177410"/>
      <trkpt lat="43.216310" lon="-3.177430"/>
      <trkpt lat="43.216280" lon="-3.177430"/>
      <trkpt lat="43.216250" lon="-3.177420"/>
      <trkpt lat="43.216220" lon="-3.177400"/>
      <trkpt lat="43.216200" lon="-3.177360"/>
      <trkpt lat="43.216190" lon="-3.177320"/>
      <trkpt lat="43.216190" lon="-3.177280"/>
      <trkpt lat="43.216190" lon="-3.177240"/>
      <trkpt lat="43.216160" lon="-3.177230"/>
      <trkpt lat="43.216130" lon="-3.177220"/>
      <trkpt lat="43.216050" lon="-3.177180"/>
      <trkpt lat="43.215940" lon="-3.177110"/>
      <trkpt lat="43.215620" lon="-3.176930"/>
      <trkpt lat="43.215420" lon="-3.176840"/>
      <trkpt lat="43.214970" lon="-3.176670"/>
      <trkpt lat="43.214540" lon="-3.176520"/>
      <trkpt lat="43.214280" lon="-3.176460"/>
      <trkpt lat="43.214130" lon="-3.176430"/>
      <trkpt lat="43.214020" lon="-3.176420"/>
      <trkpt lat="43.213880" lon="-3.176400"/>
      <trkpt lat="43.213700" lon="-3.176390"/>
      <trkpt lat="43.213470" lon="-3.176400"/>
      <trkpt lat="43.213140" lon="-3.176430"/>
      <trkpt lat="43.212530" lon="-3.176550"/>
      <trkpt lat="43.211910" lon="-3.176700"/>
      <trkpt lat="43.210960" lon="-3.176930"/>
      <trkpt lat="43.210070" lon="-3.177100"/>
      <trkpt lat="43.209800" lon="-3.177100"/>
      <trkpt lat="43.209610" lon="-3.177050"/>
      <trkpt lat="43.208630" lon="-3.176710"/>
      <trkpt lat="43.207880" lon="-3.176440"/>
      <trkpt lat="43.207630" lon="-3.176340"/>
      <trkpt lat="43.207260" lon="-3.176120"/>
      <trkpt lat="43.206670" lon="-3.175760"/>
      <trkpt lat="43.206560" lon="-3.175740"/>
      <trkpt lat="43.206460" lon="-3.175750"/>
      <trkpt lat="43.206370" lon="-3.175810"/>
      <trkpt lat="43.206270" lon="-3.175890"/>
      <trkpt lat="43.206080" lon="-3.176130"/>
      <trkpt lat="43.205960" lon="-3.176390"/>
      <trkpt lat="43.205930" lon="-3.176510"/>
      <trkpt lat="43.205840" lon="-3.176740"/>
      <trkpt lat="43.205750" lon="-3.176950"/>
      <trkpt lat="43.205620" lon="-3.177080"/>
      <trkpt lat="43.205180" lon="-3.177350"/>
      <trkpt lat="43.204510" lon="-3.177680"/>
      <trkpt lat="43.204120" lon="-3.177790"/>
      <trkpt lat="43.203850" lon="-3.177930"/>
      <trkpt lat="43.203600" lon="-3.178170"/>
      <trkpt lat="43.203430" lon="-3.178370"/>
      <trkpt lat="43.203350" lon="-3.178540"/>
      <trkpt lat="43.203280" lon="-3.178800"/>
      <trkpt lat="43.203230" lon="-3.178980"/>
      <trkpt lat="43.203130" lon="-3.179160"/>
      <trkpt lat="43.202850" lon="-3.179430"/>
      <trkpt lat="43.202720" lon="-3.179590"/>
      <trkpt lat="43.202660" lon="-3.179750"/>
      <trkpt lat="43.202620" lon="-3.179940"/>
      <trkpt lat="43.202610" lon="-3.180200"/>
      <trkpt lat="43.202600" lon="-3.180370"/>
      <trkpt lat="43.202590" lon="-3.180420"/>
      <trkpt lat="43.202570" lon="-3.180480"/>
      <trkpt lat="43.202520" lon="-3.180570"/>
      <trkpt lat="43.202460" lon="-3.180630"/>
      <trkpt lat="43.202380" lon="-3.180660"/>
      <trkpt lat="43.202140" lon="-3.180660"/>
      <trkpt lat="43.202000" lon="-3.180720"/>
      <trkpt lat="43.201820" lon="-3.180820"/>
      <trkpt lat="43.201400" lon="-3.181000"/>
      <trkpt lat="43.201180" lon="-3.181080"/>
      <trkpt lat="43.201000" lon="-3.181190"/>
      <trkpt lat="43.200920" lon="-3.181260"/>
      <trkpt lat="43.200370" lon="-3.181860"/>
      <trkpt lat="43.199880" lon="-3.182410"/>
      <trkpt lat="43.199700" lon="-3.182600"/>
      <trkpt lat="43.199640" lon="-3.182700"/>
      <trkpt lat="43.199610" lon="-3.182770"/>
      <trkpt lat="43.199600" lon="-3.182830"/>
      <trkpt lat="43.199600" lon="-3.182970"/>
      <trkpt lat="43.199760" lon="-3.183950"/>
      <trkpt lat="43.199800" lon="-3.184100"/>
      <trkpt lat="43.199900" lon="-3.184350"/>
      <trkpt lat="43.200000" lon="-3.184610"/>
      <trkpt lat="43.200150" lon="-3.185180"/>
      <trkpt lat="43.200180" lon="-3.185350"/>
      <trkpt lat="43.200280" lon="-3.185870"/>
      <trkpt lat="43.200350" lon="-3.186390"/>
      <trkpt lat="43.200370" lon="-3.186580"/>
      <trkpt lat="43.200380" lon="-3.186760"/>
      <trkpt lat="43.200350" lon="-3.187080"/>
      <trkpt lat="43.200250" lon="-3.187380"/>
      <trkpt lat="43.199900" lon="-3.188270"/>
      <trkpt lat="43.199740" lon="-3.188530"/>
      <trkpt lat="43.199610" lon="-3.188700"/>
      <trkpt lat="43.199270" lon="-3.189020"/>
      <trkpt lat="43.198910" lon="-3.189390"/>
      <trkpt lat="43.198840" lon="-3.189460"/>
      <trkpt lat="43.198610" lon="-3.189690"/>
      <trkpt lat="43.198360" lon="-3.189940"/>
      <trkpt lat="43.197870" lon="-3.190420"/>
      <trkpt lat="43.197630" lon="-3.190650"/>
      <trkpt lat="43.197600" lon="-3.190680"/>
      <trkpt lat="43.197550" lon="-3.190730"/>
      <trkpt lat="43.197060" lon="-3.191230"/>
      <trkpt lat="43.196640" lon="-3.191640"/>
      <trkpt lat="43.196570" lon="-3.191700"/>
      <trkpt lat="43.196480" lon="-3.191790"/>
      <trkpt lat="43.196460" lon="-3.191810"/>
      <trkpt lat="43.196450" lon="-3.191830"/>
      <trkpt lat="43.196440" lon="-3.191840"/>
      <trkpt lat="43.196410" lon="-3.191850"/>
      <trkpt lat="43.196390" lon="-3.191840"/>
      <trkpt lat="43.196370" lon="-3.191830"/>
      <trkpt lat="43.196360" lon="-3.191800"/>
      <trkpt lat="43.196360" lon="-3.191770"/>
      <trkpt lat="43.196360" lon="-3.191750"/>
      <trkpt lat="43.196370" lon="-3.191720"/>
      <trkpt lat="43.196380" lon="-3.191710"/>
      <trkpt lat="43.196290" lon="-3.191550"/>
      <trkpt lat="43.196280" lon="-3.191540"/>
      <trkpt lat="43.196060" lon="-3.191120"/>
      <trkpt lat="43.196050" lon="-3.191100"/>
      <trkpt lat="43.196010" lon="-3.191000"/>
      <trkpt lat="43.195960" lon="-3.190900"/>
      <trkpt lat="43.195950" lon="-3.190840"/>
      <trkpt lat="43.195940" lon="-3.190740"/>
      <trkpt lat="43.196040" lon="-3.190460"/>
      <trkpt lat="43.196050" lon="-3.190420"/>
      <trkpt lat="43.196290" lon="-3.189900"/>
      <trkpt lat="43.196560" lon="-3.189320"/>
      <trkpt lat="43.196640" lon="-3.189110"/>
      <trkpt lat="43.196690" lon="-3.188950"/>
      <trkpt lat="43.196710" lon="-3.188900"/>
      <trkpt lat="43.196980" lon="-3.188300"/>
      <trkpt lat="43.197030" lon="-3.188180"/>
      <trkpt lat="43.197430" lon="-3.187310"/>
      <trkpt lat="43.197480" lon="-3.187060"/>
      <trkpt lat="43.197480" lon="-3.186910"/>
      <trkpt lat="43.197470" lon="-3.186810"/>
      <trkpt lat="43.197450" lon="-3.186670"/>
      <trkpt lat="43.197430" lon="-3.186560"/>
      <trkpt lat="43.197380" lon="-3.186470"/>
      <trkpt lat="43.197270" lon="-3.186390"/>
      <trkpt lat="43.197140" lon="-3.186370"/>
      <trkpt lat="43.197060" lon="-3.186430"/>
      <trkpt lat="43.196870" lon="-3.186710"/>
      <trkpt lat="43.196680" lon="-3.186980"/>
      <trkpt lat="43.196290" lon="-3.187450"/>
      <trkpt lat="43.196010" lon="-3.187700"/>
      <trkpt lat="43.195780" lon="-3.187880"/>
      <trkpt lat="43.195590" lon="-3.188020"/>
      <trkpt lat="43.195300" lon="-3.188200"/>
      <trkpt lat="43.195240" lon="-3.188230"/>
      <trkpt lat="43.195170" lon="-3.188260"/>
      <trkpt lat="43.195040" lon="-3.188260"/>
      <trkpt lat="43.194370" lon="-3.188600"/>
      <trkpt lat="43.193430" lon="-3.189070"/>
      <trkpt lat="43.192600" lon="-3.189500"/>
      <trkpt lat="43.192180" lon="-3.189740"/>
      <trkpt lat="43.192010" lon="-3.189870"/>
      <trkpt lat="43.191840" lon="-3.190000"/>
      <trkpt lat="43.191550" lon="-3.190280"/>
      <trkpt lat="43.191380" lon="-3.190460"/>
      <trkpt lat="43.191340" lon="-3.190520"/>
      <trkpt lat="43.191020" lon="-3.190980"/>
      <trkpt lat="43.190980" lon="-3.191040"/>
      <trkpt lat="43.190750" lon="-3.191470"/>
      <trkpt lat="43.190600" lon="-3.191760"/>
      <trkpt lat="43.190180" lon="-3.192910"/>
      <trkpt lat="43.189800" lon="-3.194080"/>
      <trkpt lat="43.189520" lon="-3.194890"/>
      <trkpt lat="43.189130" lon="-3.195820"/>
      <trkpt lat="43.189040" lon="-3.196040"/>
      <trkpt lat="43.188570" lon="-3.196940"/>
      <trkpt lat="43.188120" lon="-3.197700"/>
      <trkpt lat="43.187630" lon="-3.198440"/>
      <trkpt lat="43.187240" lon="-3.198950"/>
      <trkpt lat="43.187030" lon="-3.199240"/>
      <trkpt lat="43.186820" lon="-3.199540"/>
      <trkpt lat="43.186590" lon="-3.199900"/>
      <trkpt lat="43.186460" lon="-3.200140"/>
      <trkpt lat="43.186380" lon="-3.200320"/>
      <trkpt lat="43.186240" lon="-3.200630"/>
      <trkpt lat="43.186170" lon="-3.200810"/>
      <trkpt lat="43.186090" lon="-3.201040"/>
      <trkpt lat="43.186010" lon="-3.201330"/>
      <trkpt lat="43.185940" lon="-3.201640"/>
      <trkpt lat="43.185920" lon="-3.201760"/>
      <trkpt lat="43.185860" lon="-3.202080"/>
      <trkpt lat="43.185810" lon="-3.202460"/>
      <trkpt lat="43.185760" lon="-3.202850"/>
      <trkpt lat="43.185730" lon="-3.203070"/>
      <trkpt lat="43.185680" lon="-3.203280"/>
      <trkpt lat="43.185610" lon="-3.203560"/>
      <trkpt lat="43.185570" lon="-3.203660"/>
      <trkpt lat="43.185480" lon="-3.204040"/>
      <trkpt lat="43.185460" lon="-3.204110"/>
      <trkpt lat="43.185460" lon="-3.204170"/>
      <trkpt lat="43.185460" lon="-3.204200"/>
      <trkpt lat="43.185490" lon="-3.204240"/>
      <trkpt lat="43.185530" lon="-3.204270"/>
      <trkpt lat="43.185590" lon="-3.204280"/>
      <trkpt lat="43.185680" lon="-3.204270"/>
      <trkpt lat="43.185710" lon="-3.204220"/>
      <trkpt lat="43.185740" lon="-3.204170"/>
      <trkpt lat="43.185760" lon="-3.204070"/>
      <trkpt lat="43.185810" lon="-3.203860"/>
      <trkpt lat="43.185830" lon="-3.203760"/>
      <trkpt lat="43.185830" lon="-3.203720"/>
      <trkpt lat="43.185820" lon="-3.203640"/>
      <trkpt lat="43.185810" lon="-3.203610"/>
      <trkpt lat="43.185810" lon="-3.203580"/>
      <trkpt lat="43.185810" lon="-3.203540"/>
      <trkpt lat="43.185830" lon="-3.203510"/>
      <trkpt lat="43.185850" lon="-3.203490"/>
      <trkpt lat="43.185880" lon="-3.203330"/>
      <trkpt lat="43.185880" lon="-3.203300"/>
      <trkpt lat="43.185850" lon="-3.203220"/>
      <trkpt lat="43.185650" lon="-3.202700"/>
      <trkpt lat="43.185590" lon="-3.202620"/>
      <trkpt lat="43.185540" lon="-3.202600"/>
      <trkpt lat="43.185490" lon="-3.202590"/>
      <trkpt lat="43.185360" lon="-3.202630"/>
      <trkpt lat="43.185210" lon="-3.202670"/>
      <trkpt lat="43.184690" lon="-3.202900"/>
      <trkpt lat="43.183940" lon="-3.203420"/>
      <trkpt lat="43.183410" lon="-3.203730"/>
      <trkpt lat="43.183300" lon="-3.203770"/>
      <trkpt lat="43.183240" lon="-3.203780"/>
      <trkpt lat="43.183130" lon="-3.203840"/>
      <trkpt lat="43.183000" lon="-3.203930"/>
      <trkpt lat="43.182880" lon="-3.204030"/>
      <trkpt lat="43.182660" lon="-3.204230"/>
      <trkpt lat="43.182510" lon="-3.204350"/>
      <trkpt lat="43.182280" lon="-3.204520"/>
      <trkpt lat="43.182040" lon="-3.204780"/>
      <trkpt lat="43.181920" lon="-3.204900"/>
      <trkpt lat="43.181830" lon="-3.204970"/>
      <trkpt lat="43.181760" lon="-3.205000"/>
      <trkpt lat="43.181370" lon="-3.205160"/>
      <trkpt lat="43.181010" lon="-3.205330"/>
      <trkpt lat="43.180830" lon="-3.205470"/>
      <trkpt lat="43.180440" lon="-3.205800"/>
      <trkpt lat="43.180120" lon="-3.206260"/>
      <trkpt lat="43.180000" lon="-3.206460"/>
      <trkpt lat="43.179880" lon="-3.206620"/>
      <trkpt lat="43.179790" lon="-3.206700"/>
      <trkpt lat="43.179700" lon="-3.206730"/>
      <trkpt lat="43.179630" lon="-3.206730"/>
      <trkpt lat="43.179540" lon="-3.206710"/>
      <trkpt lat="43.179150" lon="-3.206530"/>
      <trkpt lat="43.179010" lon="-3.206500"/>
      <trkpt lat="43.178880" lon="-3.206480"/>
      <trkpt lat="43.178730" lon="-3.206460"/>
      <trkpt lat="43.178620" lon="-3.206440"/>
      <trkpt lat="43.178560" lon="-3.206400"/>
      <trkpt lat="43.178490" lon="-3.206330"/>
      <trkpt lat="43.178420" lon="-3.206230"/>
      <trkpt lat="43.178230" lon="-3.205910"/>
      <trkpt lat="43.178150" lon="-3.205810"/>
      <trkpt lat="43.178060" lon="-3.205710"/>
      <trkpt lat="43.177940" lon="-3.205610"/>
      <trkpt lat="43.177780" lon="-3.205500"/>
      <trkpt lat="43.177550" lon="-3.205380"/>
      <trkpt lat="43.177450" lon="-3.205310"/>
      <trkpt lat="43.177320" lon="-3.205180"/>
      <trkpt lat="43.177170" lon="-3.205000"/>
      <trkpt lat="43.177090" lon="-3.204900"/>
      <trkpt lat="43.177030" lon="-3.204850"/>
      <trkpt lat="43.176850" lon="-3.204710"/>
      <trkpt lat="43.176730" lon="-3.204600"/>
      <trkpt lat="43.176590" lon="-3.204450"/>
      <trkpt lat="43.176410" lon="-3.204270"/>
      <trkpt lat="43.176250" lon="-3.204070"/>
      <trkpt lat="43.176170" lon="-3.203990"/>
      <trkpt lat="43.176120" lon="-3.203950"/>
      <trkpt lat="43.176030" lon="-3.203900"/>
      <trkpt lat="43.175950" lon="-3.203880"/>
      <trkpt lat="43.175880" lon="-3.203870"/>
      <trkpt lat="43.175820" lon="-3.203880"/>
      <trkpt lat="43.175680" lon="-3.203900"/>
      <trkpt lat="43.175520" lon="-3.203900"/>
      <trkpt lat="43.175300" lon="-3.203890"/>
      <trkpt lat="43.175160" lon="-3.203870"/>
      <trkpt lat="43.175040" lon="-3.203820"/>
      <trkpt lat="43.174930" lon="-3.203740"/>
      <trkpt lat="43.174730" lon="-3.203590"/>
      <trkpt lat="43.174660" lon="-3.203510"/>
      <trkpt lat="43.174600" lon="-3.203390"/>
      <trkpt lat="43.174560" lon="-3.203230"/>
      <trkpt lat="43.174520" lon="-3.202790"/>
      <trkpt lat="43.174490" lon="-3.202650"/>
      <trkpt lat="43.174430" lon="-3.202520"/>
      <trkpt lat="43.174330" lon="-3.202390"/>
      <trkpt lat="43.174110" lon="-3.202180"/>
      <trkpt lat="43.173790" lon="-3.201860"/>
      <trkpt lat="43.173680" lon="-3.201710"/>
      <trkpt lat="43.173570" lon="-3.201550"/>
      <trkpt lat="43.173490" lon="-3.201370"/>
      <trkpt lat="43.173440" lon="-3.201260"/>
      <trkpt lat="43.173360" lon="-3.201170"/>
      <trkpt lat="43.173160" lon="-3.200980"/>
      <trkpt lat="43.172640" lon="-3.200600"/>
      <trkpt lat="43.172450" lon="-3.200420"/>
      <trkpt lat="43.172200" lon="-3.200140"/>
      <trkpt lat="43.171870" lon="-3.199720"/>
      <trkpt lat="43.171630" lon="-3.199410"/>
      <trkpt lat="43.171580" lon="-3.199320"/>
      <trkpt lat="43.171530" lon="-3.199210"/>
      <trkpt lat="43.171470" lon="-3.199010"/>
      <trkpt lat="43.171290" lon="-3.198460"/>
      <trkpt lat="43.171180" lon="-3.198060"/>
      <trkpt lat="43.171130" lon="-3.197790"/>
      <trkpt lat="43.171110" lon="-3.197540"/>
      <trkpt lat="43.171100" lon="-3.197430"/>
      <trkpt lat="43.171040" lon="-3.197100"/>
      <trkpt lat="43.171000" lon="-3.196870"/>
      <trkpt lat="43.170940" lon="-3.196330"/>
      <trkpt lat="43.170900" lon="-3.196020"/>
      <trkpt lat="43.170840" lon="-3.195640"/>
      <trkpt lat="43.170710" lon="-3.195040"/>
      <trkpt lat="43.170660" lon="-3.194890"/>
      <trkpt lat="43.170610" lon="-3.194800"/>
      <trkpt lat="43.170550" lon="-3.194730"/>
      <trkpt lat="43.170350" lon="-3.194570"/>
      <trkpt lat="43.170170" lon="-3.194420"/>
      <trkpt lat="43.169980" lon="-3.194260"/>
      <trkpt lat="43.169930" lon="-3.194220"/>
      <trkpt lat="43.169920" lon="-3.194210"/>
      <trkpt lat="43.169880" lon="-3.194200"/>
      <trkpt lat="43.169820" lon="-3.194210"/>
      <trkpt lat="43.169750" lon="-3.194230"/>
      <trkpt lat="43.169620" lon="-3.194370"/>
      <trkpt lat="43.169560" lon="-3.194430"/>
      <trkpt lat="43.169510" lon="-3.194460"/>
      <trkpt lat="43.169450" lon="-3.194480"/>
      <trkpt lat="43.169380" lon="-3.194490"/>
      <trkpt lat="43.169260" lon="-3.194460"/>
      <trkpt lat="43.169170" lon="-3.194430"/>
      <trkpt lat="43.169100" lon="-3.194420"/>
      <trkpt lat="43.168980" lon="-3.194420"/>
      <trkpt lat="43.168880" lon="-3.194410"/>
      <trkpt lat="43.168750" lon="-3.194380"/>
      <trkpt lat="43.168660" lon="-3.194360"/>
      <trkpt lat="43.168570" lon="-3.194340"/>
      <trkpt lat="43.168500" lon="-3.194330"/>
      <trkpt lat="43.168400" lon="-3.194320"/>
      <trkpt lat="43.168300" lon="-3.194320"/>
      <trkpt lat="43.168190" lon="-3.194340"/>
      <trkpt lat="43.168050" lon="-3.194380"/>
      <trkpt lat="43.167640" lon="-3.194550"/>
      <trkpt lat="43.167480" lon="-3.194620"/>
      <trkpt lat="43.167410" lon="-3.194640"/>
      <trkpt lat="43.167320" lon="-3.194650"/>
      <trkpt lat="43.167170" lon="-3.194670"/>
      <trkpt lat="43.166980" lon="-3.194670"/>
      <trkpt lat="43.166900" lon="-3.194660"/>
      <trkpt lat="43.166810" lon="-3.194650"/>
      <trkpt lat="43.166720" lon="-3.194630"/>
      <trkpt lat="43.166590" lon="-3.194580"/>
      <trkpt lat="43.166430" lon="-3.194520"/>
      <trkpt lat="43.166280" lon="-3.194460"/>
      <trkpt lat="43.166230" lon="-3.194440"/>
      <trkpt lat="43.166180" lon="-3.194410"/>
      <trkpt lat="43.166130" lon="-3.194360"/>
      <trkpt lat="43.166050" lon="-3.194280"/>
      <trkpt lat="43.165980" lon="-3.194200"/>
      <trkpt lat="43.165870" lon="-3.194060"/>
      <trkpt lat="43.165810" lon="-3.193990"/>
      <trkpt lat="43.165780" lon="-3.193920"/>
      <trkpt lat="43.165730" lon="-3.193830"/>
      <trkpt lat="43.165670" lon="-3.193670"/>
      <trkpt lat="43.165550" lon="-3.193380"/>
      <trkpt lat="43.165460" lon="-3.193130"/>
      <trkpt lat="43.165400" lon="-3.193010"/>
      <trkpt lat="43.165360" lon="-3.192930"/>
      <trkpt lat="43.165320" lon="-3.192860"/>
      <trkpt lat="43.165280" lon="-3.192820"/>
      <trkpt lat="43.165240" lon="-3.192790"/>
      <trkpt lat="43.165170" lon="-3.192740"/>
      <trkpt lat="43.165090" lon="-3.192700"/>
      <trkpt lat="43.164990" lon="-3.192660"/>
      <trkpt lat="43.164860" lon="-3.192630"/>
      <trkpt lat="43.164730" lon="-3.192610"/>
      <trkpt lat="43.164570" lon="-3.192590"/>
      <trkpt lat="43.164420" lon="-3.192590"/>
      <trkpt lat="43.164310" lon="-3.192600"/>
      <trkpt lat="43.164140" lon="-3.192680"/>
      <trkpt lat="43.163890" lon="-3.192820"/>
      <trkpt lat="43.163650" lon="-3.192930"/>
      <trkpt lat="43.163580" lon="-3.192960"/>
      <trkpt lat="43.163520" lon="-3.192960"/>
      <trkpt lat="43.163430" lon="-3.192960"/>
      <trkpt lat="43.163330" lon="-3.192950"/>
      <trkpt lat="43.163160" lon="-3.192910"/>
      <trkpt lat="43.163100" lon="-3.192890"/>
      <trkpt lat="43.162900" lon="-3.192850"/>
      <trkpt lat="43.162790" lon="-3.192830"/>
      <trkpt lat="43.162590" lon="-3.192780"/>
      <trkpt lat="43.162470" lon="-3.192760"/>
      <trkpt lat="43.162400" lon="-3.192750"/>
      <trkpt lat="43.162280" lon="-3.192720"/>
      <trkpt lat="43.162190" lon="-3.192690"/>
      <trkpt lat="43.162100" lon="-3.192650"/>
      <trkpt lat="43.162010" lon="-3.192600"/>
      <trkpt lat="43.161920" lon="-3.192550"/>
      <trkpt lat="43.161810" lon="-3.192460"/>
      <trkpt lat="43.161720" lon="-3.192380"/>
      <trkpt lat="43.161640" lon="-3.192280"/>
      <trkpt lat="43.161570" lon="-3.192150"/>
      <trkpt lat="43.161460" lon="-3.191950"/>
      <trkpt lat="43.161270" lon="-3.191600"/>
      <trkpt lat="43.161100" lon="-3.191290"/>
      <trkpt lat="43.160900" lon="-3.190950"/>
      <trkpt lat="43.160730" lon="-3.190680"/>
      <trkpt lat="43.160670" lon="-3.190590"/>
      <trkpt lat="43.160590" lon="-3.190490"/>
      <trkpt lat="43.160450" lon="-3.190320"/>
      <trkpt lat="43.160320" lon="-3.190160"/>
      <trkpt lat="43.160240" lon="-3.190050"/>
      <trkpt lat="43.160170" lon="-3.189940"/>
      <trkpt lat="43.160090" lon="-3.189780"/>
      <trkpt lat="43.159980" lon="-3.189570"/>
      <trkpt lat="43.159820" lon="-3.189210"/>
      <trkpt lat="43.159700" lon="-3.188970"/>
      <trkpt lat="43.159540" lon="-3.188630"/>
      <trkpt lat="43.159420" lon="-3.188350"/>
      <trkpt lat="43.159320" lon="-3.188130"/>
      <trkpt lat="43.159300" lon="-3.188090"/>
      <trkpt lat="43.159180" lon="-3.187800"/>
      <trkpt lat="43.159140" lon="-3.187650"/>
      <trkpt lat="43.159100" lon="-3.187520"/>
      <trkpt lat="43.159070" lon="-3.187340"/>
      <trkpt lat="43.159040" lon="-3.187130"/>
      <trkpt lat="43.159030" lon="-3.186990"/>
      <trkpt lat="43.159020" lon="-3.186830"/>
      <trkpt lat="43.159020" lon="-3.186700"/>
      <trkpt lat="43.159030" lon="-3.186590"/>
      <trkpt lat="43.159050" lon="-3.186490"/>
      <trkpt lat="43.159080" lon="-3.186220"/>
      <trkpt lat="43.159100" lon="-3.186010"/>
      <trkpt lat="43.159130" lon="-3.185680"/>
      <trkpt lat="43.159150" lon="-3.185410"/>
      <trkpt lat="43.159170" lon="-3.185210"/>
      <trkpt lat="43.159180" lon="-3.184980"/>
      <trkpt lat="43.159180" lon="-3.184840"/>
      <trkpt lat="43.159170" lon="-3.184740"/>
      <trkpt lat="43.159160" lon="-3.184640"/>
      <trkpt lat="43.159140" lon="-3.184520"/>
      <trkpt lat="43.159110" lon="-3.184400"/>
      <trkpt lat="43.159080" lon="-3.184310"/>
      <trkpt lat="43.159030" lon="-3.184190"/>
      <trkpt lat="43.158940" lon="-3.183980"/>
      <trkpt lat="43.158880" lon="-3.183780"/>
      <trkpt lat="43.158780" lon="-3.183500"/>
      <trkpt lat="43.158740" lon="-3.183350"/>
      <trkpt lat="43.158690" lon="-3.183230"/>
      <trkpt lat="43.158620" lon="-3.183110"/>
      <trkpt lat="43.158540" lon="-3.182960"/>
      <trkpt lat="43.158420" lon="-3.182740"/>
      <trkpt lat="43.158330" lon="-3.182580"/>
      <trkpt lat="43.158270" lon="-3.182470"/>
      <trkpt lat="43.158220" lon="-3.182360"/>
      <trkpt lat="43.158180" lon="-3.182230"/>
      <trkpt lat="43.158160" lon="-3.182120"/>
      <trkpt lat="43.158150" lon="-3.181940"/>
      <trkpt lat="43.158130" lon="-3.181800"/>
      <trkpt lat="43.158100" lon="-3.181700"/>
      <trkpt lat="43.158060" lon="-3.181600"/>
      <trkpt lat="43.158010" lon="-3.181520"/>
      <trkpt lat="43.157960" lon="-3.181440"/>
      <trkpt lat="43.157800" lon="-3.181270"/>
      <trkpt lat="43.157710" lon="-3.181150"/>
      <trkpt lat="43.157590" lon="-3.181000"/>
      <trkpt lat="43.157510" lon="-3.180870"/>
      <trkpt lat="43.157440" lon="-3.180760"/>
      <trkpt lat="43.157400" lon="-3.180660"/>
      <trkpt lat="43.157330" lon="-3.180500"/>
      <trkpt lat="43.157260" lon="-3.180280"/>
      <trkpt lat="43.157190" lon="-3.180110"/>
      <trkpt lat="43.157140" lon="-3.180000"/>
      <trkpt lat="43.157080" lon="-3.179920"/>
      <trkpt lat="43.157020" lon="-3.179840"/>
      <trkpt lat="43.156900" lon="-3.179720"/>
      <trkpt lat="43.156830" lon="-3.179650"/>
      <trkpt lat="43.156740" lon="-3.179550"/>
      <trkpt lat="43.156660" lon="-3.179440"/>
      <trkpt lat="43.156610" lon="-3.179370"/>
      <trkpt lat="43.156570" lon="-3.179280"/>
      <trkpt lat="43.156550" lon="-3.179170"/>
      <trkpt lat="43.156530" lon="-3.179070"/>
      <trkpt lat="43.156500" lon="-3.178990"/>
      <trkpt lat="43.156470" lon="-3.178920"/>
      <trkpt lat="43.156420" lon="-3.178860"/>
      <trkpt lat="43.156350" lon="-3.178800"/>
      <trkpt lat="43.156210" lon="-3.178710"/>
      <trkpt lat="43.156100" lon="-3.178640"/>
      <trkpt lat="43.156020" lon="-3.178570"/>
      <trkpt lat="43.155940" lon="-3.178500"/>
      <trkpt lat="43.155800" lon="-3.178360"/>
      <trkpt lat="43.155700" lon="-3.178260"/>
      <trkpt lat="43.155600" lon="-3.178130"/>
      <trkpt lat="43.155520" lon="-3.177990"/>
      <trkpt lat="43.155410" lon="-3.177800"/>
      <trkpt lat="43.155310" lon="-3.177610"/>
      <trkpt lat="43.155200" lon="-3.177430"/>
      <trkpt lat="43.155120" lon="-3.177310"/>
      <trkpt lat="43.155050" lon="-3.177200"/>
      <trkpt lat="43.154960" lon="-3.177070"/>
      <trkpt lat="43.154860" lon="-3.176950"/>
      <trkpt lat="43.154750" lon="-3.176820"/>
      <trkpt lat="43.154580" lon="-3.176630"/>
      <trkpt lat="43.154540" lon="-3.176590"/>
      <trkpt lat="43.154470" lon="-3.176500"/>
      <trkpt lat="43.154310" lon="-3.176270"/>
      <trkpt lat="43.154210" lon="-3.176120"/>
      <trkpt lat="43.154070" lon="-3.175940"/>
      <trkpt lat="43.153930" lon="-3.175760"/>
      <trkpt lat="43.153770" lon="-3.175560"/>
      <trkpt lat="43.153510" lon="-3.175250"/>
      <trkpt lat="43.153370" lon="-3.175050"/>
      <trkpt lat="43.153290" lon="-3.174910"/>
      <trkpt lat="43.153160" lon="-3.174680"/>
      <trkpt lat="43.153030" lon="-3.174460"/>
      <trkpt lat="43.152980" lon="-3.174350"/>
      <trkpt lat="43.152930" lon="-3.174230"/>
      <trkpt lat="43.152870" lon="-3.174040"/>
      <trkpt lat="43.152770" lon="-3.173740"/>
      <trkpt lat="43.152710" lon="-3.173570"/>
      <trkpt lat="43.152660" lon="-3.173450"/>
      <trkpt lat="43.152600" lon="-3.173320"/>
      <trkpt lat="43.152490" lon="-3.173100"/>
      <trkpt lat="43.152400" lon="-3.172910"/>
      <trkpt lat="43.152310" lon="-3.172700"/>
      <trkpt lat="43.152220" lon="-3.172530"/>
      <trkpt lat="43.152150" lon="-3.172400"/>
      <trkpt lat="43.152050" lon="-3.172260"/>
      <trkpt lat="43.151970" lon="-3.172130"/>
      <trkpt lat="43.151870" lon="-3.171980"/>
      <trkpt lat="43.151700" lon="-3.171730"/>
      <trkpt lat="43.151600" lon="-3.171540"/>
      <trkpt lat="43.151460" lon="-3.171270"/>
      <trkpt lat="43.151350" lon="-3.171060"/>
      <trkpt lat="43.151310" lon="-3.170990"/>
      <trkpt lat="43.151210" lon="-3.170770"/>
      <trkpt lat="43.151150" lon="-3.170630"/>
      <trkpt lat="43.151110" lon="-3.170520"/>
      <trkpt lat="43.151060" lon="-3.170330"/>
      <trkpt lat="43.151030" lon="-3.170190"/>
      <trkpt lat="43.150990" lon="-3.170030"/>
      <trkpt lat="43.150940" lon="-3.169820"/>
      <trkpt lat="43.150900" lon="-3.169670"/>
      <trkpt lat="43.150860" lon="-3.169530"/>
      <trkpt lat="43.150800" lon="-3.169370"/>
      <trkpt lat="43.150750" lon="-3.169240"/>
      <trkpt lat="43.150630" lon="-3.168930"/>
      <trkpt lat="43.150560" lon="-3.168740"/>
      <trkpt lat="43.150440" lon="-3.168460"/>
      <trkpt lat="43.150350" lon="-3.168220"/>
      <trkpt lat="43.150320" lon="-3.168140"/>
      <trkpt lat="43.150240" lon="-3.167940"/>
      <trkpt lat="43.150130" lon="-3.167640"/>
      <trkpt lat="43.150020" lon="-3.167370"/>
      <trkpt lat="43.149910" lon="-3.167090"/>
      <trkpt lat="43.149830" lon="-3.166870"/>
      <trkpt lat="43.149780" lon="-3.166750"/>
      <trkpt lat="43.149740" lon="-3.166660"/>
      <trkpt lat="43.149690" lon="-3.166590"/>
      <trkpt lat="43.149650" lon="-3.166550"/>
      <trkpt lat="43.149610" lon="-3.166520"/>
      <trkpt lat="43.149530" lon="-3.166480"/>
      <trkpt lat="43.149470" lon="-3.166460"/>
      <trkpt lat="43.149400" lon="-3.166460"/>
      <trkpt lat="43.149330" lon="-3.166460"/>
      <trkpt lat="43.149250" lon="-3.166490"/>
      <trkpt lat="43.149180" lon="-3.166520"/>
      <trkpt lat="43.149100" lon="-3.166600"/>
      <trkpt lat="43.149030" lon="-3.166680"/>
      <trkpt lat="43.148900" lon="-3.166900"/>
      <trkpt lat="43.148650" lon="-3.167310"/>
      <trkpt lat="43.148580" lon="-3.167420"/>
      <trkpt lat="43.148530" lon="-3.167480"/>
      <trkpt lat="43.148470" lon="-3.167550"/>
      <trkpt lat="43.148350" lon="-3.167660"/>
      <trkpt lat="43.148210" lon="-3.167780"/>
      <trkpt lat="43.147960" lon="-3.167970"/>
      <trkpt lat="43.147750" lon="-3.168150"/>
      <trkpt lat="43.147680" lon="-3.168220"/>
      <trkpt lat="43.147590" lon="-3.168300"/>
      <trkpt lat="43.147500" lon="-3.168400"/>
      <trkpt lat="43.147440" lon="-3.168450"/>
      <trkpt lat="43.147380" lon="-3.168500"/>
      <trkpt lat="43.147310" lon="-3.168540"/>
      <trkpt lat="43.147230" lon="-3.168560"/>
      <trkpt lat="43.147110" lon="-3.168580"/>
      <trkpt lat="43.146950" lon="-3.168600"/>
      <trkpt lat="43.146710" lon="-3.168610"/>
      <trkpt lat="43.146470" lon="-3.168610"/>
      <trkpt lat="43.146330" lon="-3.168600"/>
      <trkpt lat="43.146250" lon="-3.168570"/>
      <trkpt lat="43.146190" lon="-3.168540"/>
      <trkpt lat="43.146130" lon="-3.168490"/>
      <trkpt lat="43.146070" lon="-3.168410"/>
      <trkpt lat="43.146010" lon="-3.168260"/>
      <trkpt lat="43.145970" lon="-3.168150"/>
      <trkpt lat="43.145930" lon="-3.168080"/>
      <trkpt lat="43.145900" lon="-3.168020"/>
      <trkpt lat="43.145850" lon="-3.167960"/>
      <trkpt lat="43.145790" lon="-3.167890"/>
      <trkpt lat="43.145700" lon="-3.167820"/>
      <trkpt lat="43.145640" lon="-3.167760"/>
      <trkpt lat="43.145580" lon="-3.167710"/>
      <trkpt lat="43.145530" lon="-3.167640"/>
      <trkpt lat="43.145450" lon="-3.167500"/>
      <trkpt lat="43.145330" lon="-3.167300"/>
      <trkpt lat="43.145190" lon="-3.167020"/>
      <trkpt lat="43.145070" lon="-3.166780"/>
      <trkpt lat="43.145030" lon="-3.166690"/>
      <trkpt lat="43.144980" lon="-3.166630"/>
      <trkpt lat="43.144920" lon="-3.166570"/>
      <trkpt lat="43.144870" lon="-3.166530"/>
      <trkpt lat="43.144790" lon="-3.166480"/>
      <trkpt lat="43.144730" lon="-3.166430"/>
      <trkpt lat="43.144680" lon="-3.166390"/>
      <trkpt lat="43.144630" lon="-3.166330"/>
      <trkpt lat="43.144580" lon="-3.166240"/>
      <trkpt lat="43.144530" lon="-3.166120"/>
      <trkpt lat="43.144460" lon="-3.165910"/>
      <trkpt lat="43.144320" lon="-3.165440"/>
      <trkpt lat="43.144230" lon="-3.165120"/>
      <trkpt lat="43.144120" lon="-3.164650"/>
      <trkpt lat="43.144040" lon="-3.164330"/>
      <trkpt lat="43.143970" lon="-3.164090"/>
      <trkpt lat="43.143900" lon="-3.163870"/>
      <trkpt lat="43.143840" lon="-3.163710"/>
      <trkpt lat="43.143760" lon="-3.163520"/>
      <trkpt lat="43.143690" lon="-3.163350"/>
      <trkpt lat="43.143610" lon="-3.163180"/>
      <trkpt lat="43.143560" lon="-3.163030"/>
      <trkpt lat="43.143510" lon="-3.162880"/>
      <trkpt lat="43.143470" lon="-3.162720"/>
      <trkpt lat="43.143440" lon="-3.162580"/>
      <trkpt lat="43.143410" lon="-3.162440"/>
      <trkpt lat="43.143390" lon="-3.162250"/>
      <trkpt lat="43.143390" lon="-3.162110"/>
      <trkpt lat="43.143390" lon="-3.162050"/>
      <trkpt lat="43.143410" lon="-3.161860"/>
      <trkpt lat="43.143470" lon="-3.161520"/>
      <trkpt lat="43.143520" lon="-3.161260"/>
      <trkpt lat="43.143560" lon="-3.161070"/>
      <trkpt lat="43.143570" lon="-3.160960"/>
      <trkpt lat="43.143580" lon="-3.160840"/>
      <trkpt lat="43.143570" lon="-3.160770"/>
      <trkpt lat="43.143550" lon="-3.160710"/>
      <trkpt lat="43.143510" lon="-3.160630"/>
      <trkpt lat="43.143420" lon="-3.160540"/>
      <trkpt lat="43.143270" lon="-3.160430"/>
      <trkpt lat="43.142990" lon="-3.160210"/>
      <trkpt lat="43.142890" lon="-3.160140"/>
      <trkpt lat="43.142800" lon="-3.160090"/>
      <trkpt lat="43.142720" lon="-3.160060"/>
      <trkpt lat="43.142610" lon="-3.160030"/>
      <trkpt lat="43.142320" lon="-3.160010"/>
      <trkpt lat="43.142230" lon="-3.159990"/>
      <trkpt lat="43.142160" lon="-3.159970"/>
      <trkpt lat="43.142090" lon="-3.159940"/>
      <trkpt lat="43.142030" lon="-3.159900"/>
      <trkpt lat="43.141980" lon="-3.159850"/>
      <trkpt lat="43.141910" lon="-3.159790"/>
      <trkpt lat="43.141820" lon="-3.159650"/>
      <trkpt lat="43.141680" lon="-3.159420"/>
      <trkpt lat="43.141480" lon="-3.159100"/>
      <trkpt lat="43.140940" lon="-3.158650"/>
      <trkpt lat="43.140420" lon="-3.158190"/>
      <trkpt lat="43.140350" lon="-3.158120"/>
      <trkpt lat="43.140280" lon="-3.158020"/>
      <trkpt lat="43.140260" lon="-3.157920"/>
      <trkpt lat="43.140240" lon="-3.157780"/>
      <trkpt lat="43.140240" lon="-3.157330"/>
      <trkpt lat="43.140220" lon="-3.157180"/>
      <trkpt lat="43.140220" lon="-3.157150"/>
      <trkpt lat="43.140170" lon="-3.156910"/>
      <trkpt lat="43.140080" lon="-3.156760"/>
      <trkpt lat="43.139840" lon="-3.156550"/>
      <trkpt lat="43.139640" lon="-3.156320"/>
      <trkpt lat="43.139550" lon="-3.156240"/>
      <trkpt lat="43.139510" lon="-3.156210"/>
      <trkpt lat="43.139460" lon="-3.156190"/>
      <trkpt lat="43.139280" lon="-3.156200"/>
      <trkpt lat="43.139170" lon="-3.156190"/>
      <trkpt lat="43.139090" lon="-3.156180"/>
      <trkpt lat="43.138990" lon="-3.156120"/>
      <trkpt lat="43.138890" lon="-3.156040"/>
      <trkpt lat="43.138820" lon="-3.155950"/>
      <trkpt lat="43.138720" lon="-3.155790"/>
      <trkpt lat="43.138560" lon="-3.155540"/>
      <trkpt lat="43.138520" lon="-3.155450"/>
      <trkpt lat="43.138500" lon="-3.155370"/>
      <trkpt lat="43.138510" lon="-3.155270"/>
      <trkpt lat="43.138520" lon="-3.155170"/>
      <trkpt lat="43.138580" lon="-3.154930"/>
      <trkpt lat="43.138650" lon="-3.154610"/>
      <trkpt lat="43.138720" lon="-3.154340"/>
      <trkpt lat="43.138800" lon="-3.154040"/>
      <trkpt lat="43.138830" lon="-3.153920"/>
      <trkpt lat="43.138840" lon="-3.153830"/>
      <trkpt lat="43.138840" lon="-3.153770"/>
      <trkpt lat="43.138840" lon="-3.153700"/>
      <trkpt lat="43.138820" lon="-3.153620"/>
      <trkpt lat="43.138800" lon="-3.153550"/>
      <trkpt lat="43.138770" lon="-3.153480"/>
      <trkpt lat="43.138720" lon="-3.153400"/>
      <trkpt lat="43.138680" lon="-3.153340"/>
      <trkpt lat="43.138610" lon="-3.153260"/>
      <trkpt lat="43.138490" lon="-3.153160"/>
      <trkpt lat="43.138240" lon="-3.152970"/>
      <trkpt lat="43.138000" lon="-3.152780"/>
      <trkpt lat="43.137880" lon="-3.152700"/>
      <trkpt lat="43.137750" lon="-3.152590"/>
      <trkpt lat="43.137680" lon="-3.152520"/>
      <trkpt lat="43.137620" lon="-3.152430"/>
      <trkpt lat="43.137570" lon="-3.152300"/>
      <trkpt lat="43.137510" lon="-3.152090"/>
      <trkpt lat="43.137430" lon="-3.151770"/>
      <trkpt lat="43.137270" lon="-3.150920"/>
      <trkpt lat="43.137160" lon="-3.150370"/>
      <trkpt lat="43.137120" lon="-3.150230"/>
      <trkpt lat="43.137080" lon="-3.150110"/>
      <trkpt lat="43.137060" lon="-3.150060"/>
      <trkpt lat="43.137000" lon="-3.149960"/>
      <trkpt lat="43.136950" lon="-3.149880"/>
      <trkpt lat="43.136880" lon="-3.149820"/>
      <trkpt lat="43.136840" lon="-3.149790"/>
      <trkpt lat="43.136750" lon="-3.149750"/>
      <trkpt lat="43.136700" lon="-3.149740"/>
      <trkpt lat="43.136640" lon="-3.149740"/>
      <trkpt lat="43.136120" lon="-3.149800"/>
      <trkpt lat="43.136010" lon="-3.149790"/>
      <trkpt lat="43.135910" lon="-3.149760"/>
      <trkpt lat="43.135810" lon="-3.149690"/>
      <trkpt lat="43.135740" lon="-3.149580"/>
      <trkpt lat="43.135670" lon="-3.149390"/>
      <trkpt lat="43.135620" lon="-3.149300"/>
      <trkpt lat="43.135540" lon="-3.149230"/>
      <trkpt lat="43.135480" lon="-3.149200"/>
      <trkpt lat="43.135400" lon="-3.149180"/>
      <trkpt lat="43.135030" lon="-3.149160"/>
      <trkpt lat="43.134930" lon="-3.149120"/>
      <trkpt lat="43.134850" lon="-3.149060"/>
      <trkpt lat="43.134800" lon="-3.148970"/>
      <trkpt lat="43.134770" lon="-3.148860"/>
      <trkpt lat="43.134800" lon="-3.148310"/>
      <trkpt lat="43.134800" lon="-3.148180"/>
      <trkpt lat="43.134780" lon="-3.148010"/>
      <trkpt lat="43.134720" lon="-3.147780"/>
      <trkpt lat="43.134630" lon="-3.147490"/>
      <trkpt lat="43.134570" lon="-3.147070"/>
      <trkpt lat="43.134510" lon="-3.146480"/>
      <trkpt lat="43.134520" lon="-3.146240"/>
      <trkpt lat="43.134540" lon="-3.146100"/>
      <trkpt lat="43.134570" lon="-3.146020"/>
      <trkpt lat="43.134690" lon="-3.145740"/>
      <trkpt lat="43.134760" lon="-3.145450"/>
      <trkpt lat="43.134820" lon="-3.145170"/>
      <trkpt lat="43.134830" lon="-3.145000"/>
      <trkpt lat="43.134810" lon="-3.144840"/>
      <trkpt lat="43.134720" lon="-3.144350"/>
      <trkpt lat="43.134660" lon="-3.144180"/>
      <trkpt lat="43.134640" lon="-3.144130"/>
      <trkpt lat="43.134570" lon="-3.144030"/>
      <trkpt lat="43.134200" lon="-3.143580"/>
      <trkpt lat="43.134020" lon="-3.143370"/>
      <trkpt lat="43.133840" lon="-3.143210"/>
      <trkpt lat="43.133650" lon="-3.143020"/>
      <trkpt lat="43.133440" lon="-3.142920"/>
      <trkpt lat="43.133290" lon="-3.142850"/>
      <trkpt lat="43.133170" lon="-3.142740"/>
      <trkpt lat="43.132920" lon="-3.142360"/>
      <trkpt lat="43.132740" lon="-3.142110"/>
      <trkpt lat="43.132490" lon="-3.141760"/>
      <trkpt lat="43.132420" lon="-3.141670"/>
      <trkpt lat="43.132340" lon="-3.141600"/>
      <trkpt lat="43.132240" lon="-3.141590"/>
      <trkpt lat="43.132160" lon="-3.141600"/>
      <trkpt lat="43.132070" lon="-3.141620"/>
      <trkpt lat="43.132020" lon="-3.141600"/>
      <trkpt lat="43.131980" lon="-3.141560"/>
      <trkpt lat="43.131970" lon="-3.141510"/>
      <trkpt lat="43.131990" lon="-3.141460"/>
      <trkpt lat="43.132050" lon="-3.141400"/>
      <trkpt lat="43.132220" lon="-3.141330"/>
      <trkpt lat="43.132340" lon="-3.141300"/>
      <trkpt lat="43.132420" lon="-3.141300"/>
      <trkpt lat="43.132490" lon="-3.141330"/>
      <trkpt lat="43.132560" lon="-3.141370"/>
      <trkpt lat="43.132660" lon="-3.141430"/>
      <trkpt lat="43.132750" lon="-3.141510"/>
      <trkpt lat="43.132840" lon="-3.141570"/>
      <trkpt lat="43.132920" lon="-3.141600"/>
      <trkpt lat="43.132990" lon="-3.141590"/>
      <trkpt lat="43.133020" lon="-3.141540"/>
      <trkpt lat="43.133050" lon="-3.141470"/>
      <trkpt lat="43.133040" lon="-3.141370"/>
      <trkpt lat="43.133010" lon="-3.141250"/>
      <trkpt lat="43.132810" lon="-3.140670"/>
      <trkpt lat="43.132730" lon="-3.140380"/>
      <trkpt lat="43.132680" lon="-3.140260"/>
      <trkpt lat="43.132590" lon="-3.140110"/>
      <trkpt lat="43.132360" lon="-3.139820"/>
      <trkpt lat="43.132100" lon="-3.139540"/>
      <trkpt lat="43.131880" lon="-3.139310"/>
      <trkpt lat="43.131120" lon="-3.138800"/>
      <trkpt lat="43.131040" lon="-3.138740"/>
      <trkpt lat="43.130530" lon="-3.138240"/>
      <trkpt lat="43.130160" lon="-3.137910"/>
      <trkpt lat="43.130060" lon="-3.137830"/>
      <trkpt lat="43.129970" lon="-3.137770"/>
      <trkpt lat="43.129880" lon="-3.137730"/>
      <trkpt lat="43.129710" lon="-3.137650"/>
      <trkpt lat="43.129620" lon="-3.137580"/>
      <trkpt lat="43.129470" lon="-3.137400"/>
      <trkpt lat="43.129400" lon="-3.137330"/>
      <trkpt lat="43.129340" lon="-3.137280"/>
      <trkpt lat="43.129230" lon="-3.137240"/>
      <trkpt lat="43.129090" lon="-3.137210"/>
      <trkpt lat="43.128960" lon="-3.137150"/>
      <trkpt lat="43.128890" lon="-3.137100"/>
      <trkpt lat="43.128840" lon="-3.137040"/>
      <trkpt lat="43.128780" lon="-3.136970"/>
      <trkpt lat="43.128660" lon="-3.136830"/>
      <trkpt lat="43.128560" lon="-3.136750"/>
      <trkpt lat="43.128330" lon="-3.136610"/>
      <trkpt lat="43.128110" lon="-3.136440"/>
      <trkpt lat="43.127980" lon="-3.136310"/>
      <trkpt lat="43.127870" lon="-3.136100"/>
      <trkpt lat="43.127620" lon="-3.135570"/>
      <trkpt lat="43.127560" lon="-3.135460"/>
      <trkpt lat="43.127420" lon="-3.135340"/>
      <trkpt lat="43.127370" lon="-3.135320"/>
      <trkpt lat="43.127330" lon="-3.135310"/>
      <trkpt lat="43.127250" lon="-3.135290"/>
      <trkpt lat="43.127200" lon="-3.135290"/>
      <trkpt lat="43.127130" lon="-3.135310"/>
      <trkpt lat="43.126750" lon="-3.135470"/>
      <trkpt lat="43.126680" lon="-3.135490"/>
      <trkpt lat="43.126620" lon="-3.135490"/>
      <trkpt lat="43.126590" lon="-3.135500"/>
      <trkpt lat="43.126520" lon="-3.135470"/>
      <trkpt lat="43.126420" lon="-3.135430"/>
      <trkpt lat="43.126060" lon="-3.135190"/>
      <trkpt lat="43.125710" lon="-3.134960"/>
      <trkpt lat="43.125430" lon="-3.134760"/>
      <trkpt lat="43.125070" lon="-3.134490"/>
      <trkpt lat="43.124570" lon="-3.134100"/>
      <trkpt lat="43.124440" lon="-3.133980"/>
      <trkpt lat="43.124360" lon="-3.133900"/>
      <trkpt lat="43.124110" lon="-3.133640"/>
      <trkpt lat="43.123740" lon="-3.133330"/>
      <trkpt lat="43.123600" lon="-3.133210"/>
      <trkpt lat="43.123490" lon="-3.133120"/>
      <trkpt lat="43.123300" lon="-3.132920"/>
      <trkpt lat="43.123150" lon="-3.132770"/>
      <trkpt lat="43.123040" lon="-3.132620"/>
      <trkpt lat="43.122890" lon="-3.132430"/>
      <trkpt lat="43.122800" lon="-3.132320"/>
      <trkpt lat="43.122740" lon="-3.132240"/>
      <trkpt lat="43.122430" lon="-3.131790"/>
      <trkpt lat="43.122060" lon="-3.131240"/>
      <trkpt lat="43.121970" lon="-3.131150"/>
      <trkpt lat="43.121920" lon="-3.131090"/>
      <trkpt lat="43.121890" lon="-3.131030"/>
      <trkpt lat="43.121870" lon="-3.131020"/>
      <trkpt lat="43.121860" lon="-3.131010"/>
      <trkpt lat="43.121850" lon="-3.131000"/>
      <trkpt lat="43.121850" lon="-3.130990"/>
      <trkpt lat="43.121850" lon="-3.130970"/>
      <trkpt lat="43.121840" lon="-3.130950"/>
      <trkpt lat="43.121850" lon="-3.130940"/>
      <trkpt lat="43.121850" lon="-3.130920"/>
      <trkpt lat="43.121860" lon="-3.130900"/>
      <trkpt lat="43.121870" lon="-3.130890"/>
      <trkpt lat="43.121880" lon="-3.130880"/>
      <trkpt lat="43.121890" lon="-3.130880"/>
      <trkpt lat="43.121900" lon="-3.130870"/>
      <trkpt lat="43.121920" lon="-3.130860"/>
      <trkpt lat="43.121950" lon="-3.130840"/>
      <trkpt lat="43.122050" lon="-3.130770"/>
      <trkpt lat="43.122160" lon="-3.130660"/>
      <trkpt lat="43.122410" lon="-3.130420"/>
      <trkpt lat="43.122510" lon="-3.130330"/>
      <trkpt lat="43.122560" lon="-3.130240"/>
      <trkpt lat="43.122600" lon="-3.130100"/>
      <trkpt lat="43.122610" lon="-3.130000"/>
      <trkpt lat="43.122580" lon="-3.129720"/>
      <trkpt lat="43.122570" lon="-3.129570"/>
      <trkpt lat="43.122560" lon="-3.129500"/>
      <trkpt lat="43.122530" lon="-3.129140"/>
      <trkpt lat="43.122510" lon="-3.128980"/>
      <trkpt lat="43.122420" lon="-3.128690"/>
      <trkpt lat="43.122400" lon="-3.128650"/>
      <trkpt lat="43.122250" lon="-3.128240"/>
      <trkpt lat="43.122190" lon="-3.128080"/>
      <trkpt lat="43.122160" lon="-3.127970"/>
      <trkpt lat="43.122130" lon="-3.127860"/>
      <trkpt lat="43.122110" lon="-3.127710"/>
      <trkpt lat="43.122110" lon="-3.127500"/>
      <trkpt lat="43.122070" lon="-3.126980"/>
      <trkpt lat="43.122030" lon="-3.126430"/>
      <trkpt lat="43.122030" lon="-3.126340"/>
      <trkpt lat="43.122020" lon="-3.126240"/>
      <trkpt lat="43.122020" lon="-3.126150"/>
      <trkpt lat="43.122030" lon="-3.126090"/>
      <trkpt lat="43.122030" lon="-3.126050"/>
      <trkpt lat="43.122050" lon="-3.125970"/>
      <trkpt lat="43.122060" lon="-3.125890"/>
      <trkpt lat="43.122080" lon="-3.125830"/>
      <trkpt lat="43.122100" lon="-3.125770"/>
      <trkpt lat="43.122650" lon="-3.124190"/>
      <trkpt lat="43.122760" lon="-3.123860"/>
      <trkpt lat="43.123000" lon="-3.123190"/>
      <trkpt lat="43.123340" lon="-3.122190"/>
      <trkpt lat="43.123400" lon="-3.121990"/>
      <trkpt lat="43.123450" lon="-3.121850"/>
      <trkpt lat="43.123470" lon="-3.121750"/>
      <trkpt lat="43.123530" lon="-3.121580"/>
      <trkpt lat="43.123550" lon="-3.121470"/>
      <trkpt lat="43.123550" lon="-3.121410"/>
      <trkpt lat="43.123550" lon="-3.121380"/>
      <trkpt lat="43.123540" lon="-3.121340"/>
      <trkpt lat="43.123530" lon="-3.121320"/>
      <trkpt lat="43.123520" lon="-3.121320"/>
      <trkpt lat="43.123510" lon="-3.121290"/>
      <trkpt lat="43.123490" lon="-3.121250"/>
      <trkpt lat="43.123490" lon="-3.121210"/>
      <trkpt lat="43.123490" lon="-3.121180"/>
      <trkpt lat="43.123490" lon="-3.121100"/>
      <trkpt lat="43.123500" lon="-3.121070"/>
      <trkpt lat="43.123520" lon="-3.121030"/>
      <trkpt lat="43.123530" lon="-3.121000"/>
      <trkpt lat="43.123560" lon="-3.120970"/>
      <trkpt lat="43.123590" lon="-3.120910"/>
      <trkpt lat="43.123610" lon="-3.120870"/>
      <trkpt lat="43.123630" lon="-3.120800"/>
      <trkpt lat="43.123660" lon="-3.120720"/>
      <trkpt lat="43.123690" lon="-3.120640"/>
      <trkpt lat="43.123710" lon="-3.120590"/>
      <trkpt lat="43.123740" lon="-3.120550"/>
      <trkpt lat="43.123770" lon="-3.120440"/>
      <trkpt lat="43.123810" lon="-3.120320"/>
      <trkpt lat="43.123850" lon="-3.120150"/>
      <trkpt lat="43.123900" lon="-3.119870"/>
      <trkpt lat="43.123930" lon="-3.119600"/>
      <trkpt lat="43.123950" lon="-3.119360"/>
      <trkpt lat="43.123950" lon="-3.119070"/>
      <trkpt lat="43.123930" lon="-3.118830"/>
      <trkpt lat="43.123910" lon="-3.118630"/>
      <trkpt lat="43.123880" lon="-3.118390"/>
      <trkpt lat="43.123840" lon="-3.118230"/>
      <trkpt lat="43.123790" lon="-3.117990"/>
      <trkpt lat="43.123720" lon="-3.117760"/>
      <trkpt lat="43.123610" lon="-3.117480"/>
      <trkpt lat="43.123450" lon="-3.117090"/>
      <trkpt lat="43.123420" lon="-3.117020"/>
      <trkpt lat="43.123210" lon="-3.116540"/>
      <trkpt lat="43.123090" lon="-3.116250"/>
      <trkpt lat="43.123010" lon="-3.116050"/>
      <trkpt lat="43.122900" lon="-3.115730"/>
      <trkpt lat="43.122830" lon="-3.115480"/>
      <trkpt lat="43.122760" lon="-3.115230"/>
      <trkpt lat="43.122540" lon="-3.114430"/>
      <trkpt lat="43.122460" lon="-3.114120"/>
      <trkpt lat="43.122370" lon="-3.113800"/>
      <trkpt lat="43.122290" lon="-3.113530"/>
      <trkpt lat="43.122210" lon="-3.113290"/>
      <trkpt lat="43.121940" lon="-3.112510"/>
      <trkpt lat="43.121070" lon="-3.110070"/>
      <trkpt lat="43.120780" lon="-3.109250"/>
      <trkpt lat="43.120730" lon="-3.109090"/>
      <trkpt lat="43.120640" lon="-3.108850"/>
      <trkpt lat="43.120530" lon="-3.108610"/>
      <trkpt lat="43.120420" lon="-3.108400"/>
      <trkpt lat="43.120270" lon="-3.108200"/>
      <trkpt lat="43.120160" lon="-3.108080"/>
      <trkpt lat="43.120140" lon="-3.108050"/>
      <trkpt lat="43.120000" lon="-3.107930"/>
      <trkpt lat="43.119810" lon="-3.107800"/>
      <trkpt lat="43.119690" lon="-3.107740"/>
      <trkpt lat="43.119470" lon="-3.107660"/>
      <trkpt lat="43.119270" lon="-3.107590"/>
      <trkpt lat="43.119110" lon="-3.107540"/>
      <trkpt lat="43.118870" lon="-3.107450"/>
      <trkpt lat="43.118740" lon="-3.107390"/>
      <trkpt lat="43.118600" lon="-3.107310"/>
      <trkpt lat="43.118460" lon="-3.107200"/>
      <trkpt lat="43.118330" lon="-3.107070"/>
      <trkpt lat="43.118200" lon="-3.106900"/>
      <trkpt lat="43.118090" lon="-3.106750"/>
      <trkpt lat="43.117980" lon="-3.106550"/>
      <trkpt lat="43.117890" lon="-3.106310"/>
      <trkpt lat="43.117810" lon="-3.106060"/>
      <trkpt lat="43.117740" lon="-3.105760"/>
      <trkpt lat="43.117360" lon="-3.104090"/>
      <trkpt lat="43.116980" lon="-3.102460"/>
      <trkpt lat="43.116910" lon="-3.102170"/>
      <trkpt lat="43.116840" lon="-3.101940"/>
      <trkpt lat="43.116770" lon="-3.101740"/>
      <trkpt lat="43.116700" lon="-3.101570"/>
      <trkpt lat="43.116620" lon="-3.101400"/>
      <trkpt lat="43.116530" lon="-3.101240"/>
      <trkpt lat="43.116450" lon="-3.101110"/>
      <trkpt lat="43.116360" lon="-3.100980"/>
      <trkpt lat="43.116260" lon="-3.100860"/>
      <trkpt lat="43.116120" lon="-3.100710"/>
      <trkpt lat="43.115990" lon="-3.100580"/>
      <trkpt lat="43.115820" lon="-3.100420"/>
      <trkpt lat="43.115570" lon="-3.100220"/>
      <trkpt lat="43.115290" lon="-3.099990"/>
      <trkpt lat="43.114990" lon="-3.099770"/>
      <trkpt lat="43.114600" lon="-3.099490"/>
      <trkpt lat="43.114460" lon="-3.099380"/>
      <trkpt lat="43.114330" lon="-3.099260"/>
      <trkpt lat="43.114180" lon="-3.099090"/>
      <trkpt lat="43.114050" lon="-3.098920"/>
      <trkpt lat="43.113930" lon="-3.098750"/>
      <trkpt lat="43.113840" lon="-3.098590"/>
      <trkpt lat="43.113750" lon="-3.098410"/>
      <trkpt lat="43.113590" lon="-3.098090"/>
      <trkpt lat="43.113410" lon="-3.097690"/>
      <trkpt lat="43.113280" lon="-3.097420"/>
      <trkpt lat="43.113140" lon="-3.097180"/>
      <trkpt lat="43.112990" lon="-3.096960"/>
      <trkpt lat="43.112840" lon="-3.096780"/>
      <trkpt lat="43.112430" lon="-3.096330"/>
      <trkpt lat="43.112070" lon="-3.095900"/>
      <trkpt lat="43.111650" lon="-3.095370"/>
      <trkpt lat="43.111420" lon="-3.095070"/>
      <trkpt lat="43.111350" lon="-3.094990"/>
      <trkpt lat="43.111270" lon="-3.094880"/>
      <trkpt lat="43.111190" lon="-3.094790"/>
      <trkpt lat="43.111140" lon="-3.094740"/>
      <trkpt lat="43.111090" lon="-3.094700"/>
      <trkpt lat="43.110920" lon="-3.094550"/>
      <trkpt lat="43.110760" lon="-3.094430"/>
      <trkpt lat="43.110650" lon="-3.094350"/>
      <trkpt lat="43.110510" lon="-3.094280"/>
      <trkpt lat="43.110390" lon="-3.094230"/>
      <trkpt lat="43.110280" lon="-3.094190"/>
      <trkpt lat="43.110180" lon="-3.094160"/>
      <trkpt lat="43.110100" lon="-3.094140"/>
      <trkpt lat="43.110010" lon="-3.094120"/>
      <trkpt lat="43.109910" lon="-3.094110"/>
      <trkpt lat="43.109820" lon="-3.094100"/>
      <trkpt lat="43.109720" lon="-3.094100"/>
      <trkpt lat="43.109640" lon="-3.094100"/>
      <trkpt lat="43.109520" lon="-3.094120"/>
      <trkpt lat="43.109420" lon="-3.094130"/>
      <trkpt lat="43.109320" lon="-3.094150"/>
      <trkpt lat="43.109230" lon="-3.094180"/>
      <trkpt lat="43.109140" lon="-3.094210"/>
      <trkpt lat="43.109040" lon="-3.094240"/>
      <trkpt lat="43.108870" lon="-3.094300"/>
      <trkpt lat="43.108780" lon="-3.094340"/>
      <trkpt lat="43.108740" lon="-3.094350"/>
      <trkpt lat="43.108520" lon="-3.094430"/>
      <trkpt lat="43.108410" lon="-3.094460"/>
      <trkpt lat="43.108250" lon="-3.094510"/>
      <trkpt lat="43.108140" lon="-3.094540"/>
      <trkpt lat="43.108040" lon="-3.094560"/>
      <trkpt lat="43.107920" lon="-3.094570"/>
      <trkpt lat="43.107830" lon="-3.094570"/>
      <trkpt lat="43.107710" lon="-3.094570"/>
      <trkpt lat="43.107600" lon="-3.094560"/>
      <trkpt lat="43.107470" lon="-3.094550"/>
      <trkpt lat="43.107300" lon="-3.094520"/>
      <trkpt lat="43.106580" lon="-3.094350"/>
      <trkpt lat="43.106440" lon="-3.094320"/>
      <trkpt lat="43.105770" lon="-3.094190"/>
      <trkpt lat="43.105540" lon="-3.094160"/>
      <trkpt lat="43.105430" lon="-3.094140"/>
      <trkpt lat="43.105360" lon="-3.094130"/>
      <trkpt lat="43.105230" lon="-3.094110"/>
      <trkpt lat="43.105100" lon="-3.094080"/>
      <trkpt lat="43.105010" lon="-3.094060"/>
      <trkpt lat="43.104910" lon="-3.094030"/>
      <trkpt lat="43.104820" lon="-3.093990"/>
      <trkpt lat="43.104750" lon="-3.093970"/>
      <trkpt lat="43.104690" lon="-3.093940"/>
      <trkpt lat="43.104630" lon="-3.093910"/>
      <trkpt lat="43.104550" lon="-3.093870"/>
      <trkpt lat="43.104460" lon="-3.093820"/>
      <trkpt lat="43.104320" lon="-3.093710"/>
      <trkpt lat="43.104240" lon="-3.093640"/>
      <trkpt lat="43.104140" lon="-3.093550"/>
      <trkpt lat="43.103990" lon="-3.093400"/>
      <trkpt lat="43.103870" lon="-3.093240"/>
      <trkpt lat="43.103750" lon="-3.093070"/>
      <trkpt lat="43.103620" lon="-3.092850"/>
      <trkpt lat="43.103520" lon="-3.092660"/>
      <trkpt lat="43.103430" lon="-3.092440"/>
      <trkpt lat="43.103360" lon="-3.092210"/>
      <trkpt lat="43.103280" lon="-3.091940"/>
      <trkpt lat="43.103220" lon="-3.091650"/>
      <trkpt lat="43.103050" lon="-3.090790"/>
      <trkpt lat="43.102940" lon="-3.090250"/>
      <trkpt lat="43.102760" lon="-3.089430"/>
      <trkpt lat="43.102680" lon="-3.089090"/>
      <trkpt lat="43.102540" lon="-3.088560"/>
      <trkpt lat="43.102520" lon="-3.088460"/>
      <trkpt lat="43.102370" lon="-3.087900"/>
      <trkpt lat="43.102280" lon="-3.087560"/>
      <trkpt lat="43.102030" lon="-3.086690"/>
      <trkpt lat="43.101770" lon="-3.085840"/>
      <trkpt lat="43.101680" lon="-3.085500"/>
      <trkpt lat="43.101620" lon="-3.085260"/>
      <trkpt lat="43.101580" lon="-3.085070"/>
      <trkpt lat="43.101540" lon="-3.084860"/>
      <trkpt lat="43.101520" lon="-3.084650"/>
      <trkpt lat="43.101490" lon="-3.084390"/>
      <trkpt lat="43.101420" lon="-3.083420"/>
      <trkpt lat="43.101400" lon="-3.083240"/>
      <trkpt lat="43.101370" lon="-3.083030"/>
      <trkpt lat="43.101320" lon="-3.082820"/>
      <trkpt lat="43.101280" lon="-3.082660"/>
      <trkpt lat="43.101240" lon="-3.082540"/>
      <trkpt lat="43.101170" lon="-3.082340"/>
      <trkpt lat="43.101060" lon="-3.082020"/>
      <trkpt lat="43.100460" lon="-3.080610"/>
      <trkpt lat="43.100290" lon="-3.080200"/>
      <trkpt lat="43.100060" lon="-3.079680"/>
      <trkpt lat="43.099680" lon="-3.078930"/>
      <trkpt lat="43.099320" lon="-3.078180"/>
      <trkpt lat="43.099120" lon="-3.077740"/>
      <trkpt lat="43.098960" lon="-3.077320"/>
      <trkpt lat="43.098790" lon="-3.076870"/>
      <trkpt lat="43.098540" lon="-3.076150"/>
      <trkpt lat="43.098440" lon="-3.075890"/>
      <trkpt lat="43.098330" lon="-3.075620"/>
      <trkpt lat="43.098220" lon="-3.075400"/>
      <trkpt lat="43.098130" lon="-3.075240"/>
      <trkpt lat="43.098070" lon="-3.075140"/>
      <trkpt lat="43.097990" lon="-3.075030"/>
      <trkpt lat="43.097910" lon="-3.074940"/>
      <trkpt lat="43.097830" lon="-3.074840"/>
      <trkpt lat="43.097730" lon="-3.074730"/>
      <trkpt lat="43.097620" lon="-3.074630"/>
      <trkpt lat="43.097510" lon="-3.074540"/>
      <trkpt lat="43.097400" lon="-3.074460"/>
      <trkpt lat="43.097280" lon="-3.074380"/>
      <trkpt lat="43.097110" lon="-3.074270"/>
      <trkpt lat="43.096780" lon="-3.074070"/>
      <trkpt lat="43.096580" lon="-3.073940"/>
      <trkpt lat="43.096330" lon="-3.073760"/>
      <trkpt lat="43.096020" lon="-3.073500"/>
      <trkpt lat="43.095870" lon="-3.073340"/>
      <trkpt lat="43.095690" lon="-3.073080"/>
      <trkpt lat="43.095540" lon="-3.072830"/>
      <trkpt lat="43.095360" lon="-3.072500"/>
      <trkpt lat="43.095200" lon="-3.072230"/>
      <trkpt lat="43.095080" lon="-3.071990"/>
      <trkpt lat="43.094990" lon="-3.071790"/>
      <trkpt lat="43.094940" lon="-3.071630"/>
      <trkpt lat="43.094860" lon="-3.071410"/>
      <trkpt lat="43.094760" lon="-3.071130"/>
      <trkpt lat="43.094660" lon="-3.070830"/>
      <trkpt lat="43.094620" lon="-3.070680"/>
      <trkpt lat="43.094600" lon="-3.070620"/>
      <trkpt lat="43.094530" lon="-3.070350"/>
      <trkpt lat="43.094450" lon="-3.070040"/>
      <trkpt lat="43.094410" lon="-3.069930"/>
      <trkpt lat="43.094300" lon="-3.069650"/>
      <trkpt lat="43.094160" lon="-3.069420"/>
      <trkpt lat="43.093960" lon="-3.069090"/>
      <trkpt lat="43.093740" lon="-3.068790"/>
      <trkpt lat="43.093500" lon="-3.068460"/>
      <trkpt lat="43.093260" lon="-3.068100"/>
      <trkpt lat="43.092990" lon="-3.067670"/>
      <trkpt lat="43.092700" lon="-3.067170"/>
      <trkpt lat="43.090540" lon="-3.063390"/>
      <trkpt lat="43.090120" lon="-3.062650"/>
      <trkpt lat="43.089530" lon="-3.061620"/>
      <trkpt lat="43.089410" lon="-3.061400"/>
      <trkpt lat="43.089270" lon="-3.061160"/>
      <trkpt lat="43.089020" lon="-3.060710"/>
      <trkpt lat="43.088760" lon="-3.060200"/>
      <trkpt lat="43.088650" lon="-3.059960"/>
      <trkpt lat="43.088510" lon="-3.059670"/>
      <trkpt lat="43.088350" lon="-3.059320"/>
      <trkpt lat="43.088200" lon="-3.059010"/>
      <trkpt lat="43.088050" lon="-3.058720"/>
      <trkpt lat="43.087910" lon="-3.058470"/>
      <trkpt lat="43.087730" lon="-3.058190"/>
      <trkpt lat="43.087590" lon="-3.057980"/>
      <trkpt lat="43.087570" lon="-3.057940"/>
      <trkpt lat="43.087330" lon="-3.057640"/>
      <trkpt lat="43.086990" lon="-3.057210"/>
      <trkpt lat="43.086430" lon="-3.056520"/>
      <trkpt lat="43.086200" lon="-3.056220"/>
      <trkpt lat="43.085960" lon="-3.055870"/>
      <trkpt lat="43.085790" lon="-3.055620"/>
      <trkpt lat="43.085620" lon="-3.055340"/>
      <trkpt lat="43.085460" lon="-3.055060"/>
      <trkpt lat="43.085300" lon="-3.054790"/>
      <trkpt lat="43.085120" lon="-3.054440"/>
      <trkpt lat="43.084920" lon="-3.054000"/>
      <trkpt lat="43.084720" lon="-3.053560"/>
      <trkpt lat="43.084420" lon="-3.052870"/>
      <trkpt lat="43.084130" lon="-3.052190"/>
      <trkpt lat="43.083950" lon="-3.051790"/>
      <trkpt lat="43.083780" lon="-3.051430"/>
      <trkpt lat="43.083620" lon="-3.051130"/>
      <trkpt lat="43.083470" lon="-3.050850"/>
      <trkpt lat="43.083310" lon="-3.050590"/>
      <trkpt lat="43.083210" lon="-3.050420"/>
      <trkpt lat="43.083010" lon="-3.050110"/>
      <trkpt lat="43.082810" lon="-3.049810"/>
      <trkpt lat="43.082770" lon="-3.049750"/>
      <trkpt lat="43.082710" lon="-3.049670"/>
      <trkpt lat="43.082370" lon="-3.049190"/>
      <trkpt lat="43.082010" lon="-3.048730"/>
      <trkpt lat="43.081550" lon="-3.048190"/>
      <trkpt lat="43.081180" lon="-3.047790"/>
      <trkpt lat="43.080870" lon="-3.047490"/>
      <trkpt lat="43.080710" lon="-3.047330"/>
      <trkpt lat="43.080580" lon="-3.047200"/>
      <trkpt lat="43.080240" lon="-3.046910"/>
      <trkpt lat="43.079720" lon="-3.046420"/>
      <trkpt lat="43.079260" lon="-3.045970"/>
      <trkpt lat="43.078870" lon="-3.045560"/>
      <trkpt lat="43.078610" lon="-3.045260"/>
      <trkpt lat="43.078350" lon="-3.044970"/>
      <trkpt lat="43.077950" lon="-3.044500"/>
      <trkpt lat="43.077530" lon="-3.043980"/>
      <trkpt lat="43.077260" lon="-3.043610"/>
      <trkpt lat="43.077180" lon="-3.043510"/>
      <trkpt lat="43.077170" lon="-3.043490"/>
      <trkpt lat="43.077150" lon="-3.043460"/>
      <trkpt lat="43.076970" lon="-3.043200"/>
      <trkpt lat="43.076660" lon="-3.042750"/>
      <trkpt lat="43.076610" lon="-3.042680"/>
      <trkpt lat="43.076150" lon="-3.041950"/>
      <trkpt lat="43.075950" lon="-3.041640"/>
      <trkpt lat="43.075820" lon="-3.041490"/>
      <trkpt lat="43.075720" lon="-3.041360"/>
      <trkpt lat="43.075590" lon="-3.041240"/>
      <trkpt lat="43.075280" lon="-3.040990"/>
      <trkpt lat="43.075100" lon="-3.040860"/>
      <trkpt lat="43.074620" lon="-3.040520"/>
      <trkpt lat="43.074340" lon="-3.040320"/>
      <trkpt lat="43.074040" lon="-3.040080"/>
      <trkpt lat="43.073540" lon="-3.039690"/>
      <trkpt lat="43.073460" lon="-3.039630"/>
      <trkpt lat="43.073390" lon="-3.039570"/>
      <trkpt lat="43.073230" lon="-3.039440"/>
      <trkpt lat="43.073050" lon="-3.039280"/>
      <trkpt lat="43.072800" lon="-3.039040"/>
      <trkpt lat="43.072660" lon="-3.038860"/>
      <trkpt lat="43.072570" lon="-3.038760"/>
      <trkpt lat="43.072460" lon="-3.038600"/>
      <trkpt lat="43.072350" lon="-3.038440"/>
      <trkpt lat="43.072230" lon="-3.038230"/>
      <trkpt lat="43.072120" lon="-3.038030"/>
      <trkpt lat="43.071990" lon="-3.037760"/>
      <trkpt lat="43.071900" lon="-3.037550"/>
      <trkpt lat="43.071790" lon="-3.037230"/>
      <trkpt lat="43.071630" lon="-3.036790"/>
      <trkpt lat="43.071570" lon="-3.036670"/>
      <trkpt lat="43.071520" lon="-3.036560"/>
      <trkpt lat="43.071410" lon="-3.036330"/>
      <trkpt lat="43.071260" lon="-3.036070"/>
      <trkpt lat="43.071090" lon="-3.035800"/>
      <trkpt lat="43.071040" lon="-3.035720"/>
      <trkpt lat="43.070930" lon="-3.035550"/>
      <trkpt lat="43.070830" lon="-3.035420"/>
      <trkpt lat="43.070690" lon="-3.035240"/>
      <trkpt lat="43.070250" lon="-3.034670"/>
      <trkpt lat="43.070120" lon="-3.034500"/>
      <trkpt lat="43.069530" lon="-3.033720"/>
      <trkpt lat="43.069350" lon="-3.033490"/>
      <trkpt lat="43.068320" lon="-3.032160"/>
      <trkpt lat="43.067670" lon="-3.031350"/>
      <trkpt lat="43.067220" lon="-3.030850"/>
      <trkpt lat="43.066920" lon="-3.030540"/>
      <trkpt lat="43.066800" lon="-3.030420"/>
      <trkpt lat="43.066540" lon="-3.030150"/>
      <trkpt lat="43.066240" lon="-3.029860"/>
      <trkpt lat="43.066160" lon="-3.029780"/>
      <trkpt lat="43.066000" lon="-3.029630"/>
      <trkpt lat="43.065980" lon="-3.029620"/>
      <trkpt lat="43.065550" lon="-3.029220"/>
      <trkpt lat="43.064940" lon="-3.028710"/>
      <trkpt lat="43.064320" lon="-3.028220"/>
      <trkpt lat="43.063970" lon="-3.027960"/>
      <trkpt lat="43.063570" lon="-3.027680"/>
      <trkpt lat="43.063260" lon="-3.027480"/>
      <trkpt lat="43.062760" lon="-3.027170"/>
      <trkpt lat="43.061670" lon="-3.026490"/>
      <trkpt lat="43.060270" lon="-3.025600"/>
      <trkpt lat="43.059980" lon="-3.025400"/>
      <trkpt lat="43.059800" lon="-3.025240"/>
      <trkpt lat="43.059600" lon="-3.025040"/>
      <trkpt lat="43.059420" lon="-3.024820"/>
      <trkpt lat="43.059160" lon="-3.024500"/>
      <trkpt lat="43.058680" lon="-3.023870"/>
      <trkpt lat="43.058360" lon="-3.023460"/>
      <trkpt lat="43.058070" lon="-3.023030"/>
      <trkpt lat="43.057490" lon="-3.022180"/>
      <trkpt lat="43.057320" lon="-3.021920"/>
      <trkpt lat="43.057210" lon="-3.021740"/>
      <trkpt lat="43.057130" lon="-3.021560"/>
      <trkpt lat="43.057050" lon="-3.021420"/>
      <trkpt lat="43.056660" lon="-3.020540"/>
      <trkpt lat="43.056230" lon="-3.019540"/>
      <trkpt lat="43.055770" lon="-3.018540"/>
      <trkpt lat="43.055700" lon="-3.018380"/>
      <trkpt lat="43.055020" lon="-3.016850"/>
      <trkpt lat="43.054800" lon="-3.016360"/>
      <trkpt lat="43.054500" lon="-3.015690"/>
      <trkpt lat="43.054370" lon="-3.015340"/>
      <trkpt lat="43.054290" lon="-3.015030"/>
      <trkpt lat="43.054230" lon="-3.014730"/>
      <trkpt lat="43.054190" lon="-3.014310"/>
      <trkpt lat="43.054180" lon="-3.014100"/>
      <trkpt lat="43.054170" lon="-3.013850"/>
      <trkpt lat="43.054180" lon="-3.013690"/>
      <trkpt lat="43.054230" lon="-3.013330"/>
      <trkpt lat="43.054280" lon="-3.013020"/>
      <trkpt lat="43.054360" lon="-3.012710"/>
      <trkpt lat="43.054510" lon="-3.012280"/>
      <trkpt lat="43.054880" lon="-3.011450"/>
      <trkpt lat="43.054960" lon="-3.011260"/>
      <trkpt lat="43.055050" lon="-3.011020"/>
      <trkpt lat="43.055110" lon="-3.010820"/>
      <trkpt lat="43.055160" lon="-3.010610"/>
      <trkpt lat="43.055200" lon="-3.010380"/>
      <trkpt lat="43.055230" lon="-3.010180"/>
      <trkpt lat="43.055240" lon="-3.009960"/>
      <trkpt lat="43.055250" lon="-3.009730"/>
      <trkpt lat="43.055240" lon="-3.009450"/>
      <trkpt lat="43.055210" lon="-3.009230"/>
      <trkpt lat="43.055180" lon="-3.009040"/>
      <trkpt lat="43.055140" lon="-3.008870"/>
      <trkpt lat="43.055090" lon="-3.008670"/>
      <trkpt lat="43.055030" lon="-3.008490"/>
      <trkpt lat="43.054940" lon="-3.008290"/>
      <trkpt lat="43.054830" lon="-3.008090"/>
      <trkpt lat="43.054670" lon="-3.007850"/>
      <trkpt lat="43.054450" lon="-3.007520"/>
      <trkpt lat="43.054320" lon="-3.007310"/>
      <trkpt lat="43.054230" lon="-3.007150"/>
      <trkpt lat="43.054170" lon="-3.007000"/>
      <trkpt lat="43.054060" lon="-3.006760"/>
      <trkpt lat="43.054000" lon="-3.006520"/>
      <trkpt lat="43.053960" lon="-3.006310"/>
      <trkpt lat="43.053940" lon="-3.006070"/>
      <trkpt lat="43.053940" lon="-3.005820"/>
      <trkpt lat="43.053960" lon="-3.005620"/>
      <trkpt lat="43.053980" lon="-3.005360"/>
      <trkpt lat="43.053910" lon="-3.005320"/>
      <trkpt lat="43.053850" lon="-3.005250"/>
      <trkpt lat="43.053820" lon="-3.005150"/>
      <trkpt lat="43.053820" lon="-3.005060"/>
      <trkpt lat="43.053840" lon="-3.004970"/>
      <trkpt lat="43.053880" lon="-3.004890"/>
      <trkpt lat="43.053950" lon="-3.004830"/>
      <trkpt lat="43.054030" lon="-3.004820"/>
      <trkpt lat="43.054040" lon="-3.004610"/>
      <trkpt lat="43.054040" lon="-3.004540"/>
      <trkpt lat="43.054050" lon="-3.004390"/>
      <trkpt lat="43.054090" lon="-3.003930"/>
      <trkpt lat="43.054100" lon="-3.003850"/>
      <trkpt lat="43.054140" lon="-3.003470"/>
      <trkpt lat="43.054160" lon="-3.003320"/>
      <trkpt lat="43.054170" lon="-3.003250"/>
      <trkpt lat="43.054200" lon="-3.003020"/>
      <trkpt lat="43.054260" lon="-3.002660"/>
      <trkpt lat="43.054270" lon="-3.002600"/>
      <trkpt lat="43.054290" lon="-3.002490"/>
      <trkpt lat="43.054340" lon="-3.002070"/>
      <trkpt lat="43.054350" lon="-3.002010"/>
      <trkpt lat="43.054380" lon="-3.001780"/>
      <trkpt lat="43.054410" lon="-3.001520"/>
      <trkpt lat="43.054460" lon="-3.001190"/>
      <trkpt lat="43.054500" lon="-3.001060"/>
      <trkpt lat="43.054500" lon="-3.001030"/>
      <trkpt lat="43.054550" lon="-3.000900"/>
      <trkpt lat="43.054620" lon="-3.000720"/>
      <trkpt lat="43.054720" lon="-3.000550"/>
      <trkpt lat="43.054760" lon="-3.000470"/>
      <trkpt lat="43.054780" lon="-3.000420"/>
      <trkpt lat="43.054800" lon="-3.000370"/>
      <trkpt lat="43.054870" lon="-3.000200"/>
      <trkpt lat="43.054880" lon="-3.000160"/>
      <trkpt lat="43.054860" lon="-3.000140"/>
      <trkpt lat="43.054840" lon="-3.000120"/>
      <trkpt lat="43.054830" lon="-3.000090"/>
      <trkpt lat="43.054830" lon="-3.000060"/>
      <trkpt lat="43.054840" lon="-3.000030"/>
      <trkpt lat="43.054850" lon="-3.000000"/>
      <trkpt lat="43.054860" lon="-2.999980"/>
      <trkpt lat="43.054840" lon="-2.999950"/>
      <trkpt lat="43.054740" lon="-2.999780"/>
      <trkpt lat="43.054600" lon="-2.999550"/>
      <trkpt lat="43.054470" lon="-2.999340"/>
      <trkpt lat="43.054390" lon="-2.999200"/>
      <trkpt lat="43.054350" lon="-2.999150"/>
      <trkpt lat="43.054230" lon="-2.998970"/>
      <trkpt lat="43.054220" lon="-2.998940"/>
      <trkpt lat="43.054170" lon="-2.998900"/>
      <trkpt lat="43.054130" lon="-2.998870"/>
      <trkpt lat="43.054090" lon="-2.998910"/>
      <trkpt lat="43.054040" lon="-2.998920"/>
      <trkpt lat="43.054010" lon="-2.998920"/>
      <trkpt lat="43.053980" lon="-2.998900"/>
      <trkpt lat="43.053960" lon="-2.998870"/>
      <trkpt lat="43.053940" lon="-2.998830"/>
      <trkpt lat="43.053930" lon="-2.998770"/>
      <trkpt lat="43.053950" lon="-2.998700"/>
      <trkpt lat="43.053970" lon="-2.998650"/>
      <trkpt lat="43.054020" lon="-2.998620"/>
      <trkpt lat="43.054060" lon="-2.998620"/>
      <trkpt lat="43.054070" lon="-2.998590"/>
      <trkpt lat="43.054080" lon="-2.998500"/>
      <trkpt lat="43.054070" lon="-2.998440"/>
      <trkpt lat="43.054070" lon="-2.998390"/>
      <trkpt lat="43.054060" lon="-2.998370"/>
      <trkpt lat="43.054020" lon="-2.998220"/>
      <trkpt lat="43.053990" lon="-2.998120"/>
      <trkpt lat="43.053860" lon="-2.997690"/>
      <trkpt lat="43.053820" lon="-2.997570"/>
      <trkpt lat="43.053800" lon="-2.997500"/>
      <trkpt lat="43.053750" lon="-2.997310"/>
      <trkpt lat="43.053610" lon="-2.996860"/>
      <trkpt lat="43.053600" lon="-2.996830"/>
      <trkpt lat="43.053450" lon="-2.996320"/>
      <trkpt lat="43.053430" lon="-2.996250"/>
      <trkpt lat="43.053400" lon="-2.996170"/>
      <trkpt lat="43.053330" lon="-2.996030"/>
      <trkpt lat="43.053250" lon="-2.995920"/>
      <trkpt lat="43.053170" lon="-2.995840"/>
      <trkpt lat="43.053080" lon="-2.995770"/>
      <trkpt lat="43.052980" lon="-2.995720"/>
      <trkpt lat="43.052720" lon="-2.995670"/>
      <trkpt lat="43.051020" lon="-2.995470"/>
      <trkpt lat="43.050900" lon="-2.995450"/>
      <trkpt lat="43.049630" lon="-2.995310"/>
      <trkpt lat="43.049420" lon="-2.995280"/>
      <trkpt lat="43.049290" lon="-2.995260"/>
      <trkpt lat="43.049180" lon="-2.995240"/>
      <trkpt lat="43.049100" lon="-2.995220"/>
      <trkpt lat="43.049020" lon="-2.995180"/>
      <trkpt lat="43.048870" lon="-2.995090"/>
      <trkpt lat="43.048820" lon="-2.995050"/>
      <trkpt lat="43.048800" lon="-2.995030"/>
      <trkpt lat="43.048720" lon="-2.994950"/>
      <trkpt lat="43.048680" lon="-2.994900"/>
      <trkpt lat="43.048620" lon="-2.994820"/>
      <trkpt lat="43.048590" lon="-2.994770"/>
      <trkpt lat="43.048540" lon="-2.994680"/>
      <trkpt lat="43.048490" lon="-2.994570"/>
      <trkpt lat="43.048480" lon="-2.994540"/>
      <trkpt lat="43.048430" lon="-2.994400"/>
      <trkpt lat="43.048000" lon="-2.993070"/>
      <trkpt lat="43.047880" lon="-2.992720"/>
      <trkpt lat="43.047840" lon="-2.992630"/>
      <trkpt lat="43.047820" lon="-2.992590"/>
      <trkpt lat="43.047790" lon="-2.992570"/>
      <trkpt lat="43.047760" lon="-2.992530"/>
      <trkpt lat="43.047730" lon="-2.992510"/>
      <trkpt lat="43.047670" lon="-2.992460"/>
      <trkpt lat="43.047640" lon="-2.992450"/>
      <trkpt lat="43.047610" lon="-2.992440"/>
      <trkpt lat="43.047580" lon="-2.992420"/>
      <trkpt lat="43.047550" lon="-2.992390"/>
      <trkpt lat="43.047520" lon="-2.992350"/>
      <trkpt lat="43.047490" lon="-2.992300"/>
      <trkpt lat="43.047470" lon="-2.992250"/>
      <trkpt lat="43.047460" lon="-2.992190"/>
      <trkpt lat="43.047460" lon="-2.992130"/>
      <trkpt lat="43.047460" lon="-2.992080"/>
      <trkpt lat="43.047470" lon="-2.992040"/>
      <trkpt lat="43.047490" lon="-2.991990"/>
      <trkpt lat="43.047510" lon="-2.991950"/>
      <trkpt lat="43.047510" lon="-2.991870"/>
      <trkpt lat="43.047520" lon="-2.991810"/>
      <trkpt lat="43.047520" lon="-2.991750"/>
      <trkpt lat="43.047520" lon="-2.991700"/>
      <trkpt lat="43.047510" lon="-2.991610"/>
      <trkpt lat="43.047500" lon="-2.991590"/>
      <trkpt lat="43.047290" lon="-2.990930"/>
      <trkpt lat="43.047190" lon="-2.990620"/>
      <trkpt lat="43.047100" lon="-2.990390"/>
      <trkpt lat="43.047000" lon="-2.990160"/>
      <trkpt lat="43.046890" lon="-2.989950"/>
      <trkpt lat="43.046740" lon="-2.989710"/>
      <trkpt lat="43.046580" lon="-2.989480"/>
      <trkpt lat="43.046360" lon="-2.989190"/>
      <trkpt lat="43.046220" lon="-2.988970"/>
      <trkpt lat="43.045570" lon="-2.987690"/>
      <trkpt lat="43.045430" lon="-2.987430"/>
      <trkpt lat="43.045390" lon="-2.987360"/>
      <trkpt lat="43.045340" lon="-2.987270"/>
      <trkpt lat="43.045210" lon="-2.987130"/>
      <trkpt lat="43.044950" lon="-2.986910"/>
      <trkpt lat="43.044790" lon="-2.986710"/>
      <trkpt lat="43.044420" lon="-2.986150"/>
      <trkpt lat="43.044340" lon="-2.985980"/>
      <trkpt lat="43.044270" lon="-2.985830"/>
      <trkpt lat="43.044210" lon="-2.985600"/>
      <trkpt lat="43.044110" lon="-2.985200"/>
      <trkpt lat="43.044040" lon="-2.984980"/>
      <trkpt lat="43.043980" lon="-2.984800"/>
      <trkpt lat="43.043910" lon="-2.984630"/>
      <trkpt lat="43.043800" lon="-2.984430"/>
      <trkpt lat="43.043650" lon="-2.984220"/>
      <trkpt lat="43.043350" lon="-2.983820"/>
      <trkpt lat="43.043090" lon="-2.983460"/>
      <trkpt lat="43.042890" lon="-2.983150"/>
      <trkpt lat="43.042790" lon="-2.982940"/>
      <trkpt lat="43.042670" lon="-2.982700"/>
      <trkpt lat="43.042350" lon="-2.981900"/>
      <trkpt lat="43.041870" lon="-2.980730"/>
      <trkpt lat="43.041810" lon="-2.980590"/>
      <trkpt lat="43.041700" lon="-2.980370"/>
      <trkpt lat="43.041560" lon="-2.980150"/>
      <trkpt lat="43.040740" lon="-2.979000"/>
      <trkpt lat="43.040470" lon="-2.978600"/>
      <trkpt lat="43.040100" lon="-2.978070"/>
      <trkpt lat="43.039710" lon="-2.977500"/>
      <trkpt lat="43.039590" lon="-2.977330"/>
      <trkpt lat="43.039460" lon="-2.977180"/>
      <trkpt lat="43.039270" lon="-2.977000"/>
      <trkpt lat="43.038950" lon="-2.976720"/>
      <trkpt lat="43.038690" lon="-2.976480"/>
      <trkpt lat="43.038540" lon="-2.976290"/>
      <trkpt lat="43.038370" lon="-2.976020"/>
      <trkpt lat="43.038280" lon="-2.975850"/>
      <trkpt lat="43.038170" lon="-2.975620"/>
      <trkpt lat="43.037930" lon="-2.975110"/>
      <trkpt lat="43.037740" lon="-2.974730"/>
      <trkpt lat="43.037530" lon="-2.974340"/>
      <trkpt lat="43.037360" lon="-2.974060"/>
      <trkpt lat="43.037140" lon="-2.973700"/>
      <trkpt lat="43.036930" lon="-2.973410"/>
      <trkpt lat="43.036650" lon="-2.973040"/>
      <trkpt lat="43.036370" lon="-2.972710"/>
      <trkpt lat="43.036230" lon="-2.972570"/>
      <trkpt lat="43.035930" lon="-2.972270"/>
      <trkpt lat="43.035490" lon="-2.971880"/>
      <trkpt lat="43.034800" lon="-2.971280"/>
      <trkpt lat="43.034590" lon="-2.971070"/>
      <trkpt lat="43.034320" lon="-2.970770"/>
      <trkpt lat="43.034070" lon="-2.970470"/>
      <trkpt lat="43.033840" lon="-2.970170"/>
      <trkpt lat="43.033640" lon="-2.969880"/>
      <trkpt lat="43.033410" lon="-2.969520"/>
      <trkpt lat="43.032950" lon="-2.968790"/>
      <trkpt lat="43.032930" lon="-2.968760"/>
      <trkpt lat="43.032640" lon="-2.968330"/>
      <trkpt lat="43.032280" lon="-2.967830"/>
      <trkpt lat="43.032070" lon="-2.967560"/>
      <trkpt lat="43.031910" lon="-2.967340"/>
      <trkpt lat="43.031720" lon="-2.967110"/>
      <trkpt lat="43.031590" lon="-2.966950"/>
      <trkpt lat="43.031240" lon="-2.966540"/>
      <trkpt lat="43.030390" lon="-2.965590"/>
      <trkpt lat="43.029680" lon="-2.964820"/>
      <trkpt lat="43.029290" lon="-2.964390"/>
      <trkpt lat="43.029140" lon="-2.964210"/>
      <trkpt lat="43.028980" lon="-2.964000"/>
      <trkpt lat="43.028770" lon="-2.963730"/>
      <trkpt lat="43.028600" lon="-2.963480"/>
      <trkpt lat="43.028340" lon="-2.963070"/>
      <trkpt lat="43.028070" lon="-2.962600"/>
      <trkpt lat="43.027840" lon="-2.962150"/>
      <trkpt lat="43.027620" lon="-2.961650"/>
      <trkpt lat="43.027460" lon="-2.961210"/>
      <trkpt lat="43.027350" lon="-2.960910"/>
      <trkpt lat="43.027160" lon="-2.960250"/>
      <trkpt lat="43.027070" lon="-2.959900"/>
      <trkpt lat="43.026980" lon="-2.959490"/>
      <trkpt lat="43.026820" lon="-2.958680"/>
      <trkpt lat="43.026720" lon="-2.958230"/>
      <trkpt lat="43.026610" lon="-2.957780"/>
      <trkpt lat="43.026530" lon="-2.957530"/>
      <trkpt lat="43.026470" lon="-2.957330"/>
      <trkpt lat="43.026370" lon="-2.957050"/>
      <trkpt lat="43.026220" lon="-2.956650"/>
      <trkpt lat="43.026040" lon="-2.956120"/>
      <trkpt lat="43.026010" lon="-2.956010"/>
      <trkpt lat="43.025950" lon="-2.955780"/>
      <trkpt lat="43.025880" lon="-2.955530"/>
      <trkpt lat="43.025840" lon="-2.955340"/>
      <trkpt lat="43.025800" lon="-2.955140"/>
      <trkpt lat="43.025750" lon="-2.954800"/>
      <trkpt lat="43.025700" lon="-2.954430"/>
      <trkpt lat="43.025680" lon="-2.954140"/>
      <trkpt lat="43.025670" lon="-2.953900"/>
      <trkpt lat="43.025670" lon="-2.953660"/>
      <trkpt lat="43.025670" lon="-2.953440"/>
      <trkpt lat="43.025680" lon="-2.953220"/>
      <trkpt lat="43.025700" lon="-2.952950"/>
      <trkpt lat="43.025720" lon="-2.952700"/>
      <trkpt lat="43.025760" lon="-2.952420"/>
      <trkpt lat="43.025830" lon="-2.952060"/>
      <trkpt lat="43.025890" lon="-2.951780"/>
      <trkpt lat="43.025950" lon="-2.951540"/>
      <trkpt lat="43.026000" lon="-2.951340"/>
      <trkpt lat="43.026100" lon="-2.951050"/>
      <trkpt lat="43.026210" lon="-2.950750"/>
      <trkpt lat="43.026440" lon="-2.950150"/>
      <trkpt lat="43.026570" lon="-2.949810"/>
      <trkpt lat="43.026630" lon="-2.949620"/>
      <trkpt lat="43.026680" lon="-2.949450"/>
      <trkpt lat="43.026720" lon="-2.949250"/>
      <trkpt lat="43.026760" lon="-2.949000"/>
      <trkpt lat="43.026780" lon="-2.948790"/>
      <trkpt lat="43.026790" lon="-2.948610"/>
      <trkpt lat="43.026790" lon="-2.948340"/>
      <trkpt lat="43.026780" lon="-2.948110"/>
      <trkpt lat="43.026750" lon="-2.947900"/>
      <trkpt lat="43.026720" lon="-2.947670"/>
      <trkpt lat="43.026670" lon="-2.947460"/>
      <trkpt lat="43.026590" lon="-2.947200"/>
      <trkpt lat="43.026490" lon="-2.946920"/>
      <trkpt lat="43.026350" lon="-2.946650"/>
      <trkpt lat="43.026210" lon="-2.946420"/>
      <trkpt lat="43.026030" lon="-2.946160"/>
      <trkpt lat="43.025890" lon="-2.945980"/>
      <trkpt lat="43.025800" lon="-2.945860"/>
      <trkpt lat="43.025120" lon="-2.944940"/>
      <trkpt lat="43.024920" lon="-2.944670"/>
      <trkpt lat="43.024840" lon="-2.944560"/>
      <trkpt lat="43.024620" lon="-2.944240"/>
      <trkpt lat="43.024440" lon="-2.943940"/>
      <trkpt lat="43.024310" lon="-2.943700"/>
      <trkpt lat="43.024160" lon="-2.943380"/>
      <trkpt lat="43.024040" lon="-2.943090"/>
      <trkpt lat="43.023930" lon="-2.942780"/>
      <trkpt lat="43.023850" lon="-2.942460"/>
      <trkpt lat="43.023790" lon="-2.942130"/>
      <trkpt lat="43.023770" lon="-2.941750"/>
      <trkpt lat="43.023760" lon="-2.941400"/>
      <trkpt lat="43.023800" lon="-2.940910"/>
      <trkpt lat="43.023860" lon="-2.940620"/>
      <trkpt lat="43.023950" lon="-2.940240"/>
      <trkpt lat="43.024290" lon="-2.939050"/>
      <trkpt lat="43.024390" lon="-2.938610"/>
      <trkpt lat="43.024450" lon="-2.938220"/>
      <trkpt lat="43.024500" lon="-2.937800"/>
      <trkpt lat="43.024580" lon="-2.936740"/>
      <trkpt lat="43.024620" lon="-2.936230"/>
      <trkpt lat="43.024680" lon="-2.935690"/>
      <trkpt lat="43.024750" lon="-2.935050"/>
      <trkpt lat="43.024820" lon="-2.934510"/>
      <trkpt lat="43.024840" lon="-2.934350"/>
      <trkpt lat="43.024850" lon="-2.934170"/>
      <trkpt lat="43.024850" lon="-2.933940"/>
      <trkpt lat="43.024820" lon="-2.933730"/>
      <trkpt lat="43.024790" lon="-2.933610"/>
      <trkpt lat="43.024760" lon="-2.933470"/>
      <trkpt lat="43.024690" lon="-2.933310"/>
      <trkpt lat="43.024610" lon="-2.933140"/>
      <trkpt lat="43.024520" lon="-2.932990"/>
      <trkpt lat="43.024410" lon="-2.932860"/>
      <trkpt lat="43.024280" lon="-2.932730"/>
      <trkpt lat="43.024120" lon="-2.932630"/>
      <trkpt lat="43.024000" lon="-2.932580"/>
      <trkpt lat="43.023870" lon="-2.932540"/>
      <trkpt lat="43.023760" lon="-2.932520"/>
      <trkpt lat="43.023640" lon="-2.932520"/>
      <trkpt lat="43.023520" lon="-2.932530"/>
      <trkpt lat="43.023380" lon="-2.932570"/>
      <trkpt lat="43.023180" lon="-2.932620"/>
      <trkpt lat="43.022750" lon="-2.932740"/>
      <trkpt lat="43.022160" lon="-2.932910"/>
      <trkpt lat="43.021910" lon="-2.932960"/>
      <trkpt lat="43.021790" lon="-2.932980"/>
      <trkpt lat="43.021660" lon="-2.932980"/>
      <trkpt lat="43.021560" lon="-2.932970"/>
      <trkpt lat="43.021370" lon="-2.932920"/>
      <trkpt lat="43.021220" lon="-2.932860"/>
      <trkpt lat="43.021070" lon="-2.932750"/>
      <trkpt lat="43.020940" lon="-2.932650"/>
      <trkpt lat="43.020810" lon="-2.932520"/>
      <trkpt lat="43.020690" lon="-2.932370"/>
      <trkpt lat="43.020600" lon="-2.932230"/>
      <trkpt lat="43.020510" lon="-2.932040"/>
      <trkpt lat="43.020460" lon="-2.931930"/>
      <trkpt lat="43.020420" lon="-2.931800"/>
      <trkpt lat="43.020380" lon="-2.931660"/>
      <trkpt lat="43.020360" lon="-2.931560"/>
      <trkpt lat="43.020320" lon="-2.931360"/>
      <trkpt lat="43.020300" lon="-2.931190"/>
      <trkpt lat="43.020300" lon="-2.931100"/>
      <trkpt lat="43.020300" lon="-2.930960"/>
      <trkpt lat="43.020310" lon="-2.930820"/>
      <trkpt lat="43.020330" lon="-2.930650"/>
      <trkpt lat="43.020360" lon="-2.930460"/>
      <trkpt lat="43.020420" lon="-2.930260"/>
      <trkpt lat="43.020470" lon="-2.930100"/>
      <trkpt lat="43.020630" lon="-2.929670"/>
      <trkpt lat="43.020680" lon="-2.929480"/>
      <trkpt lat="43.020710" lon="-2.929330"/>
      <trkpt lat="43.020730" lon="-2.929190"/>
      <trkpt lat="43.020750" lon="-2.929000"/>
      <trkpt lat="43.020760" lon="-2.928580"/>
      <trkpt lat="43.020780" lon="-2.927890"/>
      <trkpt lat="43.020780" lon="-2.926950"/>
      <trkpt lat="43.020760" lon="-2.926070"/>
      <trkpt lat="43.020730" lon="-2.925680"/>
      <trkpt lat="43.020700" lon="-2.925420"/>
      <trkpt lat="43.020650" lon="-2.925180"/>
      <trkpt lat="43.020560" lon="-2.924890"/>
      <trkpt lat="43.020450" lon="-2.924630"/>
      <trkpt lat="43.020310" lon="-2.924350"/>
      <trkpt lat="43.020150" lon="-2.924120"/>
      <trkpt lat="43.019960" lon="-2.923890"/>
      <trkpt lat="43.019610" lon="-2.923580"/>
      <trkpt lat="43.019220" lon="-2.923270"/>
      <trkpt lat="43.018590" lon="-2.922800"/>
      <trkpt lat="43.018170" lon="-2.922530"/>
      <trkpt lat="43.017620" lon="-2.922190"/>
      <trkpt lat="43.017180" lon="-2.921920"/>
      <trkpt lat="43.016970" lon="-2.921800"/>
      <trkpt lat="43.016790" lon="-2.921660"/>
      <trkpt lat="43.016670" lon="-2.921530"/>
      <trkpt lat="43.016540" lon="-2.921350"/>
      <trkpt lat="43.016440" lon="-2.921140"/>
      <trkpt lat="43.016370" lon="-2.920950"/>
      <trkpt lat="43.016300" lon="-2.920670"/>
      <trkpt lat="43.016210" lon="-2.920320"/>
      <trkpt lat="43.016100" lon="-2.919780"/>
      <trkpt lat="43.016000" lon="-2.919200"/>
      <trkpt lat="43.015910" lon="-2.918560"/>
      <trkpt lat="43.015870" lon="-2.918180"/>
      <trkpt lat="43.015860" lon="-2.917930"/>
      <trkpt lat="43.015880" lon="-2.917690"/>
      <trkpt lat="43.015930" lon="-2.917460"/>
      <trkpt lat="43.016000" lon="-2.917250"/>
      <trkpt lat="43.016090" lon="-2.917060"/>
      <trkpt lat="43.016190" lon="-2.916900"/>
      <trkpt lat="43.016290" lon="-2.916770"/>
      <trkpt lat="43.016410" lon="-2.916650"/>
      <trkpt lat="43.016570" lon="-2.916540"/>
      <trkpt lat="43.016780" lon="-2.916430"/>
      <trkpt lat="43.016980" lon="-2.916310"/>
      <trkpt lat="43.017110" lon="-2.916220"/>
      <trkpt lat="43.017230" lon="-2.916100"/>
      <trkpt lat="43.017400" lon="-2.915910"/>
      <trkpt lat="43.017520" lon="-2.915780"/>
      <trkpt lat="43.017720" lon="-2.915600"/>
      <trkpt lat="43.017930" lon="-2.915420"/>
      <trkpt lat="43.018430" lon="-2.915030"/>
      <trkpt lat="43.018600" lon="-2.914930"/>
      <trkpt lat="43.019040" lon="-2.914760"/>
      <trkpt lat="43.019230" lon="-2.914670"/>
      <trkpt lat="43.019380" lon="-2.914570"/>
      <trkpt lat="43.019450" lon="-2.914510"/>
      <trkpt lat="43.019480" lon="-2.914380"/>
      <trkpt lat="43.019490" lon="-2.914280"/>
      <trkpt lat="43.019480" lon="-2.914190"/>
      <trkpt lat="43.019470" lon="-2.914130"/>
      <trkpt lat="43.019400" lon="-2.914030"/>
      <trkpt lat="43.018960" lon="-2.913750"/>
      <trkpt lat="43.018740" lon="-2.913600"/>
      <trkpt lat="43.018540" lon="-2.913450"/>
      <trkpt lat="43.018370" lon="-2.913270"/>
      <trkpt lat="43.018200" lon="-2.913080"/>
      <trkpt lat="43.018030" lon="-2.912840"/>
      <trkpt lat="43.017780" lon="-2.912450"/>
      <trkpt lat="43.017580" lon="-2.912160"/>
      <trkpt lat="43.017380" lon="-2.911870"/>
      <trkpt lat="43.017170" lon="-2.911630"/>
      <trkpt lat="43.016970" lon="-2.911420"/>
      <trkpt lat="43.016700" lon="-2.911160"/>
      <trkpt lat="43.016410" lon="-2.910900"/>
      <trkpt lat="43.016270" lon="-2.910760"/>
      <trkpt lat="43.015950" lon="-2.910460"/>
      <trkpt lat="43.015970" lon="-2.910330"/>
      <trkpt lat="43.015990" lon="-2.910260"/>
      <trkpt lat="43.016020" lon="-2.910160"/>
      <trkpt lat="43.016060" lon="-2.910060"/>
      <trkpt lat="43.016070" lon="-2.909980"/>
      <trkpt lat="43.016060" lon="-2.909820"/>
      <trkpt lat="43.016040" lon="-2.909700"/>
      <trkpt lat="43.015950" lon="-2.909490"/>
      <trkpt lat="43.015830" lon="-2.909280"/>
      <trkpt lat="43.015780" lon="-2.909210"/>
      <trkpt lat="43.015730" lon="-2.909130"/>
      <trkpt lat="43.015610" lon="-2.908980"/>
      <trkpt lat="43.015430" lon="-2.908730"/>
      <trkpt lat="43.015320" lon="-2.908530"/>
      <trkpt lat="43.015190" lon="-2.908260"/>
      <trkpt lat="43.015050" lon="-2.907930"/>
      <trkpt lat="43.014880" lon="-2.907500"/>
      <trkpt lat="43.014660" lon="-2.906870"/>
      <trkpt lat="43.014370" lon="-2.905990"/>
      <trkpt lat="43.014270" lon="-2.905700"/>
      <trkpt lat="43.014170" lon="-2.905450"/>
      <trkpt lat="43.014070" lon="-2.905270"/>
      <trkpt lat="43.013970" lon="-2.905090"/>
      <trkpt lat="43.013790" lon="-2.904830"/>
      <trkpt lat="43.013480" lon="-2.904470"/>
      <trkpt lat="43.013340" lon="-2.904340"/>
      <trkpt lat="43.013200" lon="-2.904210"/>
      <trkpt lat="43.013070" lon="-2.904090"/>
      <trkpt lat="43.012820" lon="-2.903880"/>
      <trkpt lat="43.012610" lon="-2.903700"/>
      <trkpt lat="43.012280" lon="-2.903470"/>
      <trkpt lat="43.010890" lon="-2.902710"/>
      <trkpt lat="43.010570" lon="-2.902490"/>
      <trkpt lat="43.010220" lon="-2.902120"/>
      <trkpt lat="43.009930" lon="-2.901890"/>
      <trkpt lat="43.009570" lon="-2.901550"/>
      <trkpt lat="43.009270" lon="-2.901230"/>
      <trkpt lat="43.009050" lon="-2.900930"/>
      <trkpt lat="43.008830" lon="-2.900620"/>
      <trkpt lat="43.008240" lon="-2.899710"/>
      <trkpt lat="43.007920" lon="-2.899230"/>
      <trkpt lat="43.007630" lon="-2.898860"/>
      <trkpt lat="43.007400" lon="-2.898600"/>
      <trkpt lat="43.007190" lon="-2.898380"/>
      <trkpt lat="43.006590" lon="-2.897860"/>
      <trkpt lat="43.006110" lon="-2.897540"/>
      <trkpt lat="43.005300" lon="-2.897070"/>
      <trkpt lat="43.004890" lon="-2.896810"/>
      <trkpt lat="43.004450" lon="-2.896480"/>
      <trkpt lat="43.004060" lon="-2.896140"/>
      <trkpt lat="43.003650" lon="-2.895700"/>
      <trkpt lat="43.003320" lon="-2.895300"/>
      <trkpt lat="43.002940" lon="-2.894750"/>
      <trkpt lat="43.002630" lon="-2.894230"/>
      <trkpt lat="43.002350" lon="-2.893700"/>
      <trkpt lat="43.002160" lon="-2.893280"/>
      <trkpt lat="43.001950" lon="-2.892810"/>
      <trkpt lat="43.001240" lon="-2.891080"/>
      <trkpt lat="43.000720" lon="-2.889840"/>
      <trkpt lat="43.000350" lon="-2.889050"/>
      <trkpt lat="43.000030" lon="-2.888410"/>
      <trkpt lat="42.999550" lon="-2.887500"/>
      <trkpt lat="42.998990" lon="-2.886500"/>
      <trkpt lat="42.998560" lon="-2.885700"/>
      <trkpt lat="42.998310" lon="-2.885180"/>
      <trkpt lat="42.998050" lon="-2.884580"/>
      <trkpt lat="42.997830" lon="-2.884050"/>
      <trkpt lat="42.997550" lon="-2.883310"/>
      <trkpt lat="42.997290" lon="-2.882600"/>
      <trkpt lat="42.997020" lon="-2.881870"/>
      <trkpt lat="42.996810" lon="-2.881330"/>
      <trkpt lat="42.996600" lon="-2.880820"/>
      <trkpt lat="42.996430" lon="-2.880440"/>
      <trkpt lat="42.996250" lon="-2.880090"/>
      <trkpt lat="42.996030" lon="-2.879710"/>
      <trkpt lat="42.995850" lon="-2.879410"/>
      <trkpt lat="42.995640" lon="-2.879100"/>
      <trkpt lat="42.995430" lon="-2.878810"/>
      <trkpt lat="42.995240" lon="-2.878570"/>
      <trkpt lat="42.994940" lon="-2.878230"/>
      <trkpt lat="42.994850" lon="-2.878140"/>
      <trkpt lat="42.994650" lon="-2.877920"/>
      <trkpt lat="42.994280" lon="-2.877560"/>
      <trkpt lat="42.993310" lon="-2.876700"/>
      <trkpt lat="42.992590" lon="-2.876030"/>
      <trkpt lat="42.991860" lon="-2.875270"/>
      <trkpt lat="42.991350" lon="-2.874650"/>
      <trkpt lat="42.990940" lon="-2.874130"/>
      <trkpt lat="42.990500" lon="-2.873530"/>
      <trkpt lat="42.989970" lon="-2.872770"/>
      <trkpt lat="42.989860" lon="-2.872600"/>
      <trkpt lat="42.989230" lon="-2.871760"/>
      <trkpt lat="42.988940" lon="-2.871410"/>
      <trkpt lat="42.988610" lon="-2.871070"/>
      <trkpt lat="42.988290" lon="-2.870790"/>
      <trkpt lat="42.988060" lon="-2.870610"/>
      <trkpt lat="42.987720" lon="-2.870380"/>
      <trkpt lat="42.987460" lon="-2.870230"/>
      <trkpt lat="42.987160" lon="-2.870100"/>
      <trkpt lat="42.986710" lon="-2.869930"/>
      <trkpt lat="42.986280" lon="-2.869830"/>
      <trkpt lat="42.986010" lon="-2.869790"/>
      <trkpt lat="42.985760" lon="-2.869770"/>
      <trkpt lat="42.985320" lon="-2.869770"/>
      <trkpt lat="42.984930" lon="-2.869800"/>
      <trkpt lat="42.984510" lon="-2.869860"/>
      <trkpt lat="42.984190" lon="-2.869940"/>
      <trkpt lat="42.983780" lon="-2.870070"/>
      <trkpt lat="42.983510" lon="-2.870180"/>
      <trkpt lat="42.983150" lon="-2.870370"/>
      <trkpt lat="42.982840" lon="-2.870570"/>
      <trkpt lat="42.982640" lon="-2.870710"/>
      <trkpt lat="42.982440" lon="-2.870880"/>
      <trkpt lat="42.982110" lon="-2.871170"/>
      <trkpt lat="42.981760" lon="-2.871550"/>
      <trkpt lat="42.981290" lon="-2.872100"/>
      <trkpt lat="42.980890" lon="-2.872580"/>
      <trkpt lat="42.980460" lon="-2.873040"/>
      <trkpt lat="42.979930" lon="-2.873530"/>
      <trkpt lat="42.979610" lon="-2.873770"/>
      <trkpt lat="42.979260" lon="-2.874010"/>
      <trkpt lat="42.977840" lon="-2.874800"/>
      <trkpt lat="42.977010" lon="-2.875320"/>
      <trkpt lat="42.976580" lon="-2.875680"/>
      <trkpt lat="42.976190" lon="-2.876060"/>
      <trkpt lat="42.975420" lon="-2.876870"/>
      <trkpt lat="42.975030" lon="-2.877220"/>
      <trkpt lat="42.974610" lon="-2.877540"/>
      <trkpt lat="42.974140" lon="-2.877800"/>
      <trkpt lat="42.973650" lon="-2.878010"/>
      <trkpt lat="42.973220" lon="-2.878150"/>
      <trkpt lat="42.972790" lon="-2.878250"/>
      <trkpt lat="42.972280" lon="-2.878300"/>
      <trkpt lat="42.971840" lon="-2.878290"/>
      <trkpt lat="42.971540" lon="-2.878240"/>
      <trkpt lat="42.971210" lon="-2.878170"/>
      <trkpt lat="42.970740" lon="-2.878030"/>
      <trkpt lat="42.970370" lon="-2.877870"/>
      <trkpt lat="42.969950" lon="-2.877690"/>
      <trkpt lat="42.969650" lon="-2.877570"/>
      <trkpt lat="42.969230" lon="-2.877280"/>
      <trkpt lat="42.968840" lon="-2.877000"/>
      <trkpt lat="42.968400" lon="-2.876580"/>
      <trkpt lat="42.968130" lon="-2.876250"/>
      <trkpt lat="42.967710" lon="-2.875610"/>
      <trkpt lat="42.967360" lon="-2.874970"/>
      <trkpt lat="42.967070" lon="-2.874350"/>
      <trkpt lat="42.966760" lon="-2.873590"/>
      <trkpt lat="42.966550" lon="-2.873100"/>
      <trkpt lat="42.966360" lon="-2.872690"/>
      <trkpt lat="42.966230" lon="-2.872460"/>
      <trkpt lat="42.966070" lon="-2.872280"/>
      <trkpt lat="42.965950" lon="-2.872190"/>
      <trkpt lat="42.965820" lon="-2.872140"/>
      <trkpt lat="42.965720" lon="-2.872130"/>
      <trkpt lat="42.965610" lon="-2.872150"/>
      <trkpt lat="42.965490" lon="-2.872180"/>
      <trkpt lat="42.965220" lon="-2.872280"/>
      <trkpt lat="42.965090" lon="-2.872290"/>
      <trkpt lat="42.964970" lon="-2.872280"/>
      <trkpt lat="42.964850" lon="-2.872250"/>
      <trkpt lat="42.964720" lon="-2.872170"/>
      <trkpt lat="42.964610" lon="-2.872080"/>
      <trkpt lat="42.964510" lon="-2.871950"/>
      <trkpt lat="42.964420" lon="-2.871750"/>
      <trkpt lat="42.964350" lon="-2.871530"/>
      <trkpt lat="42.964300" lon="-2.871320"/>
      <trkpt lat="42.964280" lon="-2.871140"/>
      <trkpt lat="42.964260" lon="-2.870800"/>
      <trkpt lat="42.964280" lon="-2.870480"/>
      <trkpt lat="42.964320" lon="-2.870180"/>
      <trkpt lat="42.964400" lon="-2.869650"/>
      <trkpt lat="42.964470" lon="-2.869140"/>
      <trkpt lat="42.964520" lon="-2.868660"/>
      <trkpt lat="42.964530" lon="-2.868450"/>
      <trkpt lat="42.964540" lon="-2.868260"/>
      <trkpt lat="42.964530" lon="-2.868070"/>
      <trkpt lat="42.964520" lon="-2.867850"/>
      <trkpt lat="42.964460" lon="-2.867510"/>
      <trkpt lat="42.964400" lon="-2.867210"/>
      <trkpt lat="42.964390" lon="-2.867090"/>
      <trkpt lat="42.964370" lon="-2.867010"/>
      <trkpt lat="42.964330" lon="-2.866770"/>
      <trkpt lat="42.964270" lon="-2.866510"/>
      <trkpt lat="42.964160" lon="-2.866170"/>
      <trkpt lat="42.964030" lon="-2.865850"/>
      <trkpt lat="42.963890" lon="-2.865540"/>
      <trkpt lat="42.963730" lon="-2.865260"/>
      <trkpt lat="42.963590" lon="-2.865020"/>
      <trkpt lat="42.963460" lon="-2.864820"/>
      <trkpt lat="42.963250" lon="-2.864500"/>
      <trkpt lat="42.963090" lon="-2.864240"/>
      <trkpt lat="42.962990" lon="-2.864030"/>
      <trkpt lat="42.962910" lon="-2.863830"/>
      <trkpt lat="42.962770" lon="-2.863440"/>
      <trkpt lat="42.962700" lon="-2.863090"/>
      <trkpt lat="42.962650" lon="-2.862770"/>
      <trkpt lat="42.962630" lon="-2.862070"/>
      <trkpt lat="42.962670" lon="-2.861170"/>
      <trkpt lat="42.962810" lon="-2.857420"/>
      <trkpt lat="42.962850" lon="-2.856360"/>
      <trkpt lat="42.962890" lon="-2.855200"/>
      <trkpt lat="42.962920" lon="-2.853740"/>
      <trkpt lat="42.962910" lon="-2.852360"/>
      <trkpt lat="42.962820" lon="-2.851190"/>
      <trkpt lat="42.962700" lon="-2.850450"/>
      <trkpt lat="42.962550" lon="-2.849640"/>
      <trkpt lat="42.962290" lon="-2.848370"/>
      <trkpt lat="42.962050" lon="-2.847130"/>
      <trkpt lat="42.961820" lon="-2.845870"/>
      <trkpt lat="42.961640" lon="-2.844740"/>
      <trkpt lat="42.961480" lon="-2.843650"/>
      <trkpt lat="42.961340" lon="-2.842630"/>
      <trkpt lat="42.961210" lon="-2.841570"/>
      <trkpt lat="42.961040" lon="-2.839940"/>
      <trkpt lat="42.960900" lon="-2.838350"/>
      <trkpt lat="42.960810" lon="-2.837030"/>
      <trkpt lat="42.960750" lon="-2.835780"/>
      <trkpt lat="42.960720" lon="-2.834740"/>
      <trkpt lat="42.960710" lon="-2.833730"/>
      <trkpt lat="42.960710" lon="-2.833290"/>
      <trkpt lat="42.960750" lon="-2.831940"/>
      <trkpt lat="42.960840" lon="-2.830510"/>
      <trkpt lat="42.961060" lon="-2.828240"/>
      <trkpt lat="42.961150" lon="-2.827210"/>
      <trkpt lat="42.961220" lon="-2.826190"/>
      <trkpt lat="42.961250" lon="-2.825710"/>
      <trkpt lat="42.961280" lon="-2.824930"/>
      <trkpt lat="42.961280" lon="-2.824080"/>
      <trkpt lat="42.961280" lon="-2.823460"/>
      <trkpt lat="42.961250" lon="-2.822840"/>
      <trkpt lat="42.961210" lon="-2.821970"/>
      <trkpt lat="42.961120" lon="-2.820880"/>
      <trkpt lat="42.960880" lon="-2.818470"/>
      <trkpt lat="42.960700" lon="-2.816060"/>
      <trkpt lat="42.960620" lon="-2.814540"/>
      <trkpt lat="42.960560" lon="-2.813530"/>
      <trkpt lat="42.960480" lon="-2.812750"/>
      <trkpt lat="42.960400" lon="-2.812170"/>
      <trkpt lat="42.960270" lon="-2.811510"/>
      <trkpt lat="42.960140" lon="-2.810930"/>
      <trkpt lat="42.959990" lon="-2.810380"/>
      <trkpt lat="42.959840" lon="-2.809910"/>
      <trkpt lat="42.959710" lon="-2.809520"/>
      <trkpt lat="42.959560" lon="-2.809130"/>
      <trkpt lat="42.959260" lon="-2.808430"/>
      <trkpt lat="42.958990" lon="-2.807850"/>
      <trkpt lat="42.958680" lon="-2.807280"/>
      <trkpt lat="42.958380" lon="-2.806760"/>
      <trkpt lat="42.957820" lon="-2.805880"/>
      <trkpt lat="42.957100" lon="-2.804830"/>
      <trkpt lat="42.956650" lon="-2.804220"/>
      <trkpt lat="42.955760" lon="-2.803050"/>
      <trkpt lat="42.955020" lon="-2.802150"/>
      <trkpt lat="42.954320" lon="-2.801320"/>
      <trkpt lat="42.953700" lon="-2.800630"/>
      <trkpt lat="42.952250" lon="-2.799120"/>
      <trkpt lat="42.951760" lon="-2.798630"/>
      <trkpt lat="42.950640" lon="-2.797380"/>
      <trkpt lat="42.950020" lon="-2.796650"/>
      <trkpt lat="42.949470" lon="-2.795960"/>
      <trkpt lat="42.948920" lon="-2.795190"/>
      <trkpt lat="42.948530" lon="-2.794610"/>
      <trkpt lat="42.948240" lon="-2.794130"/>
      <trkpt lat="42.947860" lon="-2.793460"/>
      <trkpt lat="42.947410" lon="-2.792570"/>
      <trkpt lat="42.947160" lon="-2.792030"/>
      <trkpt lat="42.946900" lon="-2.791420"/>
      <trkpt lat="42.946690" lon="-2.790860"/>
      <trkpt lat="42.946510" lon="-2.790330"/>
      <trkpt lat="42.946410" lon="-2.789950"/>
      <trkpt lat="42.946250" lon="-2.789220"/>
      <trkpt lat="42.946160" lon="-2.788320"/>
      <trkpt lat="42.946100" lon="-2.787540"/>
      <trkpt lat="42.946060" lon="-2.786530"/>
      <trkpt lat="42.946040" lon="-2.785870"/>
      <trkpt lat="42.945960" lon="-2.784780"/>
      <trkpt lat="42.945880" lon="-2.784160"/>
      <trkpt lat="42.945800" lon="-2.783610"/>
      <trkpt lat="42.945700" lon="-2.783060"/>
      <trkpt lat="42.945530" lon="-2.782290"/>
      <trkpt lat="42.945310" lon="-2.781450"/>
      <trkpt lat="42.945120" lon="-2.780850"/>
      <trkpt lat="42.944970" lon="-2.780380"/>
      <trkpt lat="42.944710" lon="-2.779730"/>
      <trkpt lat="42.944530" lon="-2.779290"/>
      <trkpt lat="42.944290" lon="-2.778770"/>
      <trkpt lat="42.944020" lon="-2.778230"/>
      <trkpt lat="42.943790" lon="-2.777800"/>
      <trkpt lat="42.942990" lon="-2.776330"/>
      <trkpt lat="42.942690" lon="-2.775760"/>
      <trkpt lat="42.942080" lon="-2.774560"/>
      <trkpt lat="42.941770" lon="-2.773880"/>
      <trkpt lat="42.941510" lon="-2.773280"/>
      <trkpt lat="42.941310" lon="-2.772750"/>
      <trkpt lat="42.941170" lon="-2.772330"/>
      <trkpt lat="42.941000" lon="-2.771750"/>
      <trkpt lat="42.940900" lon="-2.771350"/>
      <trkpt lat="42.940830" lon="-2.771030"/>
      <trkpt lat="42.940750" lon="-2.770640"/>
      <trkpt lat="42.940620" lon="-2.769820"/>
      <trkpt lat="42.940570" lon="-2.769460"/>
      <trkpt lat="42.940530" lon="-2.769000"/>
      <trkpt lat="42.940500" lon="-2.768460"/>
      <trkpt lat="42.940490" lon="-2.767910"/>
      <trkpt lat="42.940500" lon="-2.767370"/>
      <trkpt lat="42.940530" lon="-2.766820"/>
      <trkpt lat="42.940560" lon="-2.766430"/>
      <trkpt lat="42.940620" lon="-2.765960"/>
      <trkpt lat="42.940700" lon="-2.765430"/>
      <trkpt lat="42.940780" lon="-2.764910"/>
      <trkpt lat="42.940910" lon="-2.764240"/>
      <trkpt lat="42.941070" lon="-2.763410"/>
      <trkpt lat="42.941190" lon="-2.762780"/>
      <trkpt lat="42.941260" lon="-2.762280"/>
      <trkpt lat="42.941310" lon="-2.761920"/>
      <trkpt lat="42.941350" lon="-2.761610"/>
      <trkpt lat="42.941400" lon="-2.761030"/>
      <trkpt lat="42.941420" lon="-2.760650"/>
      <trkpt lat="42.941430" lon="-2.760230"/>
      <trkpt lat="42.941430" lon="-2.759750"/>
      <trkpt lat="42.941420" lon="-2.759350"/>
      <trkpt lat="42.941400" lon="-2.758890"/>
      <trkpt lat="42.941350" lon="-2.758300"/>
      <trkpt lat="42.941290" lon="-2.757740"/>
      <trkpt lat="42.941220" lon="-2.757290"/>
      <trkpt lat="42.941130" lon="-2.756830"/>
      <trkpt lat="42.941040" lon="-2.756400"/>
      <trkpt lat="42.940910" lon="-2.755840"/>
      <trkpt lat="42.940740" lon="-2.755270"/>
      <trkpt lat="42.940580" lon="-2.754810"/>
      <trkpt lat="42.940430" lon="-2.754410"/>
      <trkpt lat="42.940280" lon="-2.754070"/>
      <trkpt lat="42.940130" lon="-2.753750"/>
      <trkpt lat="42.939910" lon="-2.753330"/>
      <trkpt lat="42.939710" lon="-2.752990"/>
      <trkpt lat="42.939310" lon="-2.752370"/>
      <trkpt lat="42.938580" lon="-2.751310"/>
      <trkpt lat="42.938080" lon="-2.750580"/>
      <trkpt lat="42.937480" lon="-2.749720"/>
      <trkpt lat="42.937110" lon="-2.749210"/>
      <trkpt lat="42.936850" lon="-2.748860"/>
      <trkpt lat="42.936420" lon="-2.748350"/>
      <trkpt lat="42.935760" lon="-2.747630"/>
      <trkpt lat="42.935100" lon="-2.746920"/>
      <trkpt lat="42.934080" lon="-2.745810"/>
      <trkpt lat="42.933920" lon="-2.745650"/>
      <trkpt lat="42.932810" lon="-2.744430"/>
      <trkpt lat="42.932550" lon="-2.744140"/>
      <trkpt lat="42.932340" lon="-2.743890"/>
      <trkpt lat="42.932030" lon="-2.743500"/>
      <trkpt lat="42.931770" lon="-2.743150"/>
      <trkpt lat="42.931530" lon="-2.742790"/>
      <trkpt lat="42.931280" lon="-2.742380"/>
      <trkpt lat="42.931020" lon="-2.741900"/>
      <trkpt lat="42.930770" lon="-2.741370"/>
      <trkpt lat="42.930530" lon="-2.740830"/>
      <trkpt lat="42.930320" lon="-2.740300"/>
      <trkpt lat="42.930110" lon="-2.739710"/>
      <trkpt lat="42.929650" lon="-2.738430"/>
      <trkpt lat="42.929440" lon="-2.737900"/>
      <trkpt lat="42.929260" lon="-2.737460"/>
      <trkpt lat="42.929040" lon="-2.737000"/>
      <trkpt lat="42.928820" lon="-2.736580"/>
      <trkpt lat="42.928660" lon="-2.736290"/>
      <trkpt lat="42.928460" lon="-2.735970"/>
      <trkpt lat="42.928040" lon="-2.735350"/>
      <trkpt lat="42.927530" lon="-2.734700"/>
      <trkpt lat="42.926980" lon="-2.734010"/>
      <trkpt lat="42.925940" lon="-2.732730"/>
      <trkpt lat="42.925150" lon="-2.731750"/>
      <trkpt lat="42.924920" lon="-2.731470"/>
      <trkpt lat="42.924240" lon="-2.730700"/>
      <trkpt lat="42.923830" lon="-2.730260"/>
      <trkpt lat="42.923280" lon="-2.729670"/>
      <trkpt lat="42.922670" lon="-2.729060"/>
      <trkpt lat="42.921870" lon="-2.728300"/>
      <trkpt lat="42.920860" lon="-2.727410"/>
      <trkpt lat="42.919350" lon="-2.726100"/>
      <trkpt lat="42.918550" lon="-2.725390"/>
      <trkpt lat="42.918070" lon="-2.724970"/>
      <trkpt lat="42.917430" lon="-2.724410"/>
      <trkpt lat="42.915910" lon="-2.723060"/>
      <trkpt lat="42.912930" lon="-2.720420"/>
      <trkpt lat="42.912560" lon="-2.720070"/>
      <trkpt lat="42.912120" lon="-2.719620"/>
      <trkpt lat="42.910430" lon="-2.717930"/>
      <trkpt lat="42.908600" lon="-2.716150"/>
      <trkpt lat="42.901470" lon="-2.709150"/>
      <trkpt lat="42.899790" lon="-2.707480"/>
      <trkpt lat="42.899430" lon="-2.707150"/>
      <trkpt lat="42.898610" lon="-2.706340"/>
      <trkpt lat="42.897400" lon="-2.705150"/>
      <trkpt lat="42.895850" lon="-2.703600"/>
      <trkpt lat="42.895390" lon="-2.703150"/>
      <trkpt lat="42.895120" lon="-2.702880"/>
      <trkpt lat="42.894260" lon="-2.702030"/>
      <trkpt lat="42.893420" lon="-2.701210"/>
      <trkpt lat="42.893320" lon="-2.701120"/>
      <trkpt lat="42.892800" lon="-2.700670"/>
      <trkpt lat="42.892150" lon="-2.700150"/>
      <trkpt lat="42.891240" lon="-2.699490"/>
      <trkpt lat="42.890290" lon="-2.698880"/>
      <trkpt lat="42.889580" lon="-2.698440"/>
      <trkpt lat="42.889180" lon="-2.698220"/>
      <trkpt lat="42.888960" lon="-2.698110"/>
      <trkpt lat="42.888580" lon="-2.697900"/>
      <trkpt lat="42.887970" lon="-2.697590"/>
      <trkpt lat="42.887840" lon="-2.697520"/>
      <trkpt lat="42.887510" lon="-2.697360"/>
      <trkpt lat="42.887130" lon="-2.697180"/>
      <trkpt lat="42.886320" lon="-2.696830"/>
      <trkpt lat="42.885520" lon="-2.696520"/>
      <trkpt lat="42.884510" lon="-2.696180"/>
      <trkpt lat="42.883540" lon="-2.695880"/>
      <trkpt lat="42.883390" lon="-2.695840"/>
      <trkpt lat="42.882010" lon="-2.695490"/>
      <trkpt lat="42.881160" lon="-2.695250"/>
      <trkpt lat="42.880390" lon="-2.695000"/>
      <trkpt lat="42.879760" lon="-2.694780"/>
      <trkpt lat="42.878690" lon="-2.694370"/>
      <trkpt lat="42.878250" lon="-2.694180"/>
      <trkpt lat="42.877570" lon="-2.693880"/>
      <trkpt lat="42.876740" lon="-2.693500"/>
      <trkpt lat="42.876500" lon="-2.693380"/>
      <trkpt lat="42.875440" lon="-2.692830"/>
      <trkpt lat="42.875160" lon="-2.692670"/>
      <trkpt lat="42.874830" lon="-2.692470"/>
      <trkpt lat="42.874480" lon="-2.692260"/>
      <trkpt lat="42.873930" lon="-2.691930"/>
      <trkpt lat="42.873540" lon="-2.691680"/>
      <trkpt lat="42.873030" lon="-2.691340"/>
      <trkpt lat="42.872720" lon="-2.691120"/>
      <trkpt lat="42.872320" lon="-2.690860"/>
      <trkpt lat="42.872160" lon="-2.690760"/>
      <trkpt lat="42.871960" lon="-2.690640"/>
      <trkpt lat="42.871460" lon="-2.690410"/>
      <trkpt lat="42.871250" lon="-2.690330"/>
      <trkpt lat="42.871030" lon="-2.690230"/>
      <trkpt lat="42.870770" lon="-2.690120"/>
      <trkpt lat="42.870260" lon="-2.689870"/>
      <trkpt lat="42.870000" lon="-2.689690"/>
      <trkpt lat="42.869880" lon="-2.689620"/>
      <trkpt lat="42.869770" lon="-2.689540"/>
      <trkpt lat="42.869640" lon="-2.689450"/>
      <trkpt lat="42.869600" lon="-2.689420"/>
      <trkpt lat="42.869580" lon="-2.689410"/>
      <trkpt lat="42.869380" lon="-2.689270"/>
      <trkpt lat="42.868330" lon="-2.688560"/>
      <trkpt lat="42.868210" lon="-2.688470"/>
      <trkpt lat="42.868160" lon="-2.688440"/>
      <trkpt lat="42.868120" lon="-2.688410"/>
      <trkpt lat="42.868000" lon="-2.688340"/>
      <trkpt lat="42.867150" lon="-2.687750"/>
      <trkpt lat="42.866910" lon="-2.687590"/>
      <trkpt lat="42.866880" lon="-2.687570"/>
      <trkpt lat="42.866860" lon="-2.687560"/>
      <trkpt lat="42.866760" lon="-2.687490"/>
      <trkpt lat="42.866530" lon="-2.687330"/>
      <trkpt lat="42.866390" lon="-2.687250"/>
      <trkpt lat="42.866360" lon="-2.687230"/>
      <trkpt lat="42.866160" lon="-2.687090"/>
      <trkpt lat="42.865680" lon="-2.686770"/>
      <trkpt lat="42.865180" lon="-2.686420"/>
      <trkpt lat="42.864910" lon="-2.686240"/>
      <trkpt lat="42.864860" lon="-2.686200"/>
      <trkpt lat="42.864690" lon="-2.686090"/>
      <trkpt lat="42.863960" lon="-2.685590"/>
      <trkpt lat="42.863770" lon="-2.685470"/>
      <trkpt lat="42.863740" lon="-2.685450"/>
      <trkpt lat="42.863710" lon="-2.685430"/>
      <trkpt lat="42.863650" lon="-2.685380"/>
      <trkpt lat="42.863510" lon="-2.685290"/>
      <trkpt lat="42.863480" lon="-2.685270"/>
      <trkpt lat="42.863450" lon="-2.685250"/>
      <trkpt lat="42.863430" lon="-2.685230"/>
      <trkpt lat="42.863250" lon="-2.685110"/>
      <trkpt lat="42.863020" lon="-2.684950"/>
      <trkpt lat="42.862960" lon="-2.684910"/>
      <trkpt lat="42.862360" lon="-2.684490"/>
      <trkpt lat="42.861560" lon="-2.683960"/>
      <trkpt lat="42.861510" lon="-2.683930"/>
      <trkpt lat="42.861420" lon="-2.683870"/>
      <trkpt lat="42.861360" lon="-2.683830"/>
      <trkpt lat="42.860500" lon="-2.683260"/>
      <trkpt lat="42.860340" lon="-2.683130"/>
      <trkpt lat="42.859970" lon="-2.682880"/>
      <trkpt lat="42.859920" lon="-2.682840"/>
      <trkpt lat="42.859880" lon="-2.682820"/>
      <trkpt lat="42.859700" lon="-2.682690"/>
      <trkpt lat="42.859650" lon="-2.682660"/>
      <trkpt lat="42.859610" lon="-2.682630"/>
      <trkpt lat="42.859520" lon="-2.682570"/>
      <trkpt lat="42.859470" lon="-2.682540"/>
      <trkpt lat="42.859430" lon="-2.682500"/>
      <trkpt lat="42.859360" lon="-2.682460"/>
      <trkpt lat="42.859280" lon="-2.682410"/>
      <trkpt lat="42.859240" lon="-2.682410"/>
      <trkpt lat="42.859140" lon="-2.682420"/>
      <trkpt lat="42.859050" lon="-2.682400"/>
      <trkpt lat="42.858980" lon="-2.682390"/>
      <trkpt lat="42.858890" lon="-2.682340"/>
      <trkpt lat="42.858830" lon="-2.682290"/>
      <trkpt lat="42.858760" lon="-2.682210"/>
      <trkpt lat="42.858720" lon="-2.682110"/>
      <trkpt lat="42.858690" lon="-2.681990"/>
      <trkpt lat="42.858670" lon="-2.681870"/>
      <trkpt lat="42.858670" lon="-2.681740"/>
      <trkpt lat="42.858700" lon="-2.681620"/>
      <trkpt lat="42.858740" lon="-2.681500"/>
      <trkpt lat="42.858790" lon="-2.681390"/>
      <trkpt lat="42.858860" lon="-2.681310"/>
      <trkpt lat="42.858930" lon="-2.681250"/>
      <trkpt lat="42.859010" lon="-2.681200"/>
      <trkpt lat="42.859070" lon="-2.681180"/>
      <trkpt lat="42.859150" lon="-2.681120"/>
      <trkpt lat="42.859200" lon="-2.681050"/>
      <trkpt lat="42.859290" lon="-2.680940"/>
      <trkpt lat="42.859350" lon="-2.680850"/>
      <trkpt lat="42.859370" lon="-2.680810"/>
      <trkpt lat="42.859410" lon="-2.680720"/>
      <trkpt lat="42.859440" lon="-2.680620"/>
      <trkpt lat="42.859570" lon="-2.680200"/>
      <trkpt lat="42.860220" lon="-2.677960"/>
      <trkpt lat="42.860270" lon="-2.677760"/>
      <trkpt lat="42.860340" lon="-2.677550"/>
      <trkpt lat="42.860370" lon="-2.677450"/>
      <trkpt lat="42.860590" lon="-2.676490"/>
      <trkpt lat="42.860640" lon="-2.676320"/>
      <trkpt lat="42.860890" lon="-2.675440"/>
      <trkpt lat="42.860930" lon="-2.675300"/>
      <trkpt lat="42.860950" lon="-2.675230"/>
      <trkpt lat="42.860950" lon="-2.675180"/>
      <trkpt lat="42.860960" lon="-2.675130"/>
      <trkpt lat="42.860970" lon="-2.675030"/>
      <trkpt lat="42.860950" lon="-2.675000"/>
      <trkpt lat="42.860940" lon="-2.674960"/>
      <trkpt lat="42.860930" lon="-2.674920"/>
      <trkpt lat="42.860920" lon="-2.674880"/>
      <trkpt lat="42.860920" lon="-2.674830"/>
      <trkpt lat="42.860880" lon="-2.674790"/>
      <trkpt lat="42.860860" lon="-2.674750"/>
      <trkpt lat="42.860830" lon="-2.674720"/>
      <trkpt lat="42.860810" lon="-2.674700"/>
      <trkpt lat="42.860780" lon="-2.674690"/>
      <trkpt lat="42.860750" lon="-2.674670"/>
      <trkpt lat="42.859440" lon="-2.674140"/>
      <trkpt lat="42.859250" lon="-2.674060"/>
      <trkpt lat="42.859190" lon="-2.674030"/>
      <trkpt lat="42.859080" lon="-2.673990"/>
      <trkpt lat="42.858960" lon="-2.673940"/>
      <trkpt lat="42.858720" lon="-2.673860"/>
      <trkpt lat="42.858510" lon="-2.673760"/>
      <trkpt lat="42.858380" lon="-2.673710"/>
      <trkpt lat="42.858050" lon="-2.673590"/>
      <trkpt lat="42.857530" lon="-2.673560"/>
      <trkpt lat="42.857510" lon="-2.673560"/>
      <trkpt lat="42.857470" lon="-2.673550"/>
      <trkpt lat="42.857380" lon="-2.673550"/>
      <trkpt lat="42.857170" lon="-2.673530"/>
      <trkpt lat="42.857090" lon="-2.673530"/>
      <trkpt lat="42.856840" lon="-2.673500"/>
      <trkpt lat="42.856510" lon="-2.673490"/>
      <trkpt lat="42.856280" lon="-2.673470"/>
      <trkpt lat="42.856250" lon="-2.673470"/>
      <trkpt lat="42.856050" lon="-2.673450"/>
      <trkpt lat="42.855920" lon="-2.673440"/>
      <trkpt lat="42.855650" lon="-2.673420"/>
      <trkpt lat="42.855520" lon="-2.673420"/>
      <trkpt lat="42.855300" lon="-2.673390"/>
      <trkpt lat="42.855270" lon="-2.673510"/>
      <trkpt lat="42.854930" lon="-2.674770"/>
      <trkpt lat="42.854910" lon="-2.674840"/>
      <trkpt lat="42.854610" lon="-2.676020"/>
      <trkpt lat="42.854590" lon="-2.676080"/>
      <trkpt lat="42.854580" lon="-2.676140"/>
      <trkpt lat="42.854570" lon="-2.676210"/>
      <trkpt lat="42.854590" lon="-2.676310"/>
      <trkpt lat="42.854600" lon="-2.676360"/>
      <trkpt lat="42.854620" lon="-2.676460"/>
      <trkpt lat="42.854750" lon="-2.676410"/>
      <trkpt lat="42.854790" lon="-2.676400"/>
    </trkseg>
  </trk>
</gpx>