<?xml version="1.0" encoding="UTF-8"?>
<gpx version="1.1" creator="trip-planner"
     xmlns="http://www.topografix.com/GPX/1/1">
  <metadata>
    <name>Bakio → San Sebastián</name>
    <time>2026-07-27T09:29:53Z</time>
  </metadata>
  <wpt lat="43.424200" lon="-2.811700">
    <name>Bakio</name>
  </wpt>
  <wpt lat="43.418700" lon="-2.925900">
    <name>Gaztelugatxe</name>
  </wpt>
  <wpt lat="43.422000" lon="-2.722600">
    <name>Bermeo</name>
  </wpt>
  <wpt lat="43.419700" lon="-2.687800">
    <name>Urdaibai</name>
  </wpt>
  <wpt lat="43.398300" lon="-2.661700">
    <name>Playa de Laga</name>
  </wpt>
  <wpt lat="43.364200" lon="-2.503100">
    <name>Lekeitio</name>
  </wpt>
  <wpt lat="43.306300" lon="-2.201600">
    <name>Zumaia</name>
  </wpt>
  <wpt lat="43.318800" lon="-2.040900">
    <name>Getaria</name>
  </wpt>
  <wpt lat="43.321300" lon="-1.981200">
    <name>San Sebastián</name>
  </wpt>
  <trk>
    <name>Bakio → San Sebastián</name>
    <trkseg>
      <trkpt lat="43.424190" lon="-2.811560"/>
      <trkpt lat="43.424090" lon="-2.811580"/>
      <trkpt lat="43.423920" lon="-2.811580"/>
      <trkpt lat="43.423450" lon="-2.811540"/>
      <trkpt lat="43.423280" lon="-2.811520"/>
      <trkpt lat="43.422800" lon="-2.811490"/>
      <trkpt lat="43.422750" lon="-2.811480"/>
      <trkpt lat="43.422730" lon="-2.811480"/>
      <trkpt lat="43.422710" lon="-2.811480"/>
      <trkpt lat="43.422710" lon="-2.811490"/>
      <trkpt lat="43.422710" lon="-2.811510"/>
      <trkpt lat="43.422700" lon="-2.811530"/>
      <trkpt lat="43.422690" lon="-2.811550"/>
      <trkpt lat="43.422680" lon="-2.811550"/>
      <trkpt lat="43.422660" lon="-2.811560"/>
      <trkpt lat="43.422640" lon="-2.811550"/>
      <trkpt lat="43.422630" lon="-2.811540"/>
      <trkpt lat="43.422620" lon="-2.811520"/>
      <trkpt lat="43.422580" lon="-2.811530"/>
      <trkpt lat="43.422550" lon="-2.811530"/>
      <trkpt lat="43.422480" lon="-2.811530"/>
      <trkpt lat="43.422300" lon="-2.811520"/>
      <trkpt lat="43.422130" lon="-2.811510"/>
      <trkpt lat="43.421960" lon="-2.811520"/>
      <trkpt lat="43.421610" lon="-2.811570"/>
      <trkpt lat="43.421430" lon="-2.811580"/>
      <trkpt lat="43.421280" lon="-2.811580"/>
      <trkpt lat="43.421110" lon="-2.811570"/>
      <trkpt lat="43.420960" lon="-2.811550"/>
      <trkpt lat="43.420870" lon="-2.811540"/>
      <trkpt lat="43.420830" lon="-2.811530"/>
      <trkpt lat="43.420780" lon="-2.811520"/>
      <trkpt lat="43.420720" lon="-2.811510"/>
      <trkpt lat="43.420640" lon="-2.811480"/>
      <trkpt lat="43.420350" lon="-2.811370"/>
      <trkpt lat="43.420210" lon="-2.811330"/>
      <trkpt lat="43.420090" lon="-2.811300"/>
      <trkpt lat="43.420040" lon="-2.811290"/>
      <trkpt lat="43.420000" lon="-2.811280"/>
      <trkpt lat="43.419890" lon="-2.811270"/>
      <trkpt lat="43.419820" lon="-2.811270"/>
      <trkpt lat="43.419750" lon="-2.811260"/>
      <trkpt lat="43.419640" lon="-2.811260"/>
      <trkpt lat="43.419500" lon="-2.811270"/>
      <trkpt lat="43.419390" lon="-2.811280"/>
      <trkpt lat="43.419390" lon="-2.811310"/>
      <trkpt lat="43.419380" lon="-2.811330"/>
      <trkpt lat="43.419370" lon="-2.811350"/>
      <trkpt lat="43.419360" lon="-2.811360"/>
      <trkpt lat="43.419340" lon="-2.811370"/>
      <trkpt lat="43.419330" lon="-2.811370"/>
      <trkpt lat="43.419310" lon="-2.811360"/>
      <trkpt lat="43.419300" lon="-2.811350"/>
      <trkpt lat="43.419290" lon="-2.811330"/>
      <trkpt lat="43.419280" lon="-2.811310"/>
      <trkpt lat="43.419210" lon="-2.811330"/>
      <trkpt lat="43.419170" lon="-2.811340"/>
      <trkpt lat="43.419030" lon="-2.811380"/>
      <trkpt lat="43.418960" lon="-2.811400"/>
      <trkpt lat="43.418890" lon="-2.811440"/>
      <trkpt lat="43.418810" lon="-2.811500"/>
      <trkpt lat="43.418740" lon="-2.811590"/>
      <trkpt lat="43.418620" lon="-2.811740"/>
      <trkpt lat="43.418550" lon="-2.811840"/>
      <trkpt lat="43.418430" lon="-2.811950"/>
      <trkpt lat="43.418340" lon="-2.812080"/>
      <trkpt lat="43.418310" lon="-2.812140"/>
      <trkpt lat="43.418270" lon="-2.812170"/>
      <trkpt lat="43.418190" lon="-2.812220"/>
      <trkpt lat="43.417780" lon="-2.812330"/>
      <trkpt lat="43.417650" lon="-2.812360"/>
      <trkpt lat="43.417540" lon="-2.812350"/>
      <trkpt lat="43.417440" lon="-2.812330"/>
      <trkpt lat="43.417320" lon="-2.812290"/>
      <trkpt lat="43.417230" lon="-2.812520"/>
      <trkpt lat="43.417170" lon="-2.812690"/>
      <trkpt lat="43.417160" lon="-2.812720"/>
      <trkpt lat="43.417040" lon="-2.812610"/>
      <trkpt lat="43.416940" lon="-2.812530"/>
      <trkpt lat="43.416850" lon="-2.812480"/>
      <trkpt lat="43.416780" lon="-2.812460"/>
      <trkpt lat="43.416770" lon="-2.812460"/>
      <trkpt lat="43.416460" lon="-2.812390"/>
      <trkpt lat="43.416220" lon="-2.812340"/>
      <trkpt lat="43.416110" lon="-2.812340"/>
      <trkpt lat="43.416010" lon="-2.812330"/>
      <trkpt lat="43.415930" lon="-2.812350"/>
      <trkpt lat="43.415830" lon="-2.812400"/>
      <trkpt lat="43.414500" lon="-2.813080"/>
      <trkpt lat="43.414430" lon="-2.813240"/>
      <trkpt lat="43.414410" lon="-2.813310"/>
      <trkpt lat="43.414400" lon="-2.813330"/>
      <trkpt lat="43.414400" lon="-2.813520"/>
      <trkpt lat="43.414450" lon="-2.813640"/>
      <trkpt lat="43.414500" lon="-2.813700"/>
      <trkpt lat="43.414550" lon="-2.813740"/>
      <trkpt lat="43.414590" lon="-2.813760"/>
      <trkpt lat="43.414640" lon="-2.813760"/>
      <trkpt lat="43.414690" lon="-2.813760"/>
      <trkpt lat="43.414760" lon="-2.813740"/>
      <trkpt lat="43.415550" lon="-2.813310"/>
      <trkpt lat="43.415710" lon="-2.813220"/>
      <trkpt lat="43.415930" lon="-2.813110"/>
      <trkpt lat="43.416070" lon="-2.813050"/>
      <trkpt lat="43.416140" lon="-2.813030"/>
      <trkpt lat="43.416240" lon="-2.813030"/>
      <trkpt lat="43.416320" lon="-2.813060"/>
      <trkpt lat="43.416410" lon="-2.813130"/>
      <trkpt lat="43.416510" lon="-2.813240"/>
      <trkpt lat="43.416590" lon="-2.813350"/>
      <trkpt lat="43.416660" lon="-2.813470"/>
      <trkpt lat="43.416700" lon="-2.813560"/>
      <trkpt lat="43.416730" lon="-2.813640"/>
      <trkpt lat="43.416760" lon="-2.813750"/>
      <trkpt lat="43.416760" lon="-2.813830"/>
      <trkpt lat="43.416760" lon="-2.813940"/>
      <trkpt lat="43.416740" lon="-2.814080"/>
      <trkpt lat="43.416560" lon="-2.814940"/>
      <trkpt lat="43.416410" lon="-2.815620"/>
      <trkpt lat="43.416370" lon="-2.815750"/>
      <trkpt lat="43.416270" lon="-2.816020"/>
      <trkpt lat="43.416230" lon="-2.816140"/>
      <trkpt lat="43.416210" lon="-2.816250"/>
      <trkpt lat="43.416200" lon="-2.816360"/>
      <trkpt lat="43.416200" lon="-2.816460"/>
      <trkpt lat="43.416210" lon="-2.816570"/>
      <trkpt lat="43.416240" lon="-2.816680"/>
      <trkpt lat="43.416270" lon="-2.816780"/>
      <trkpt lat="43.416320" lon="-2.816870"/>
      <trkpt lat="43.416480" lon="-2.817090"/>
      <trkpt lat="43.416520" lon="-2.817180"/>
      <trkpt lat="43.416570" lon="-2.817340"/>
      <trkpt lat="43.416600" lon="-2.817590"/>
      <trkpt lat="43.416620" lon="-2.817800"/>
      <trkpt lat="43.416620" lon="-2.817940"/>
      <trkpt lat="43.416600" lon="-2.818050"/>
      <trkpt lat="43.416570" lon="-2.818140"/>
      <trkpt lat="43.416520" lon="-2.818230"/>
      <trkpt lat="43.416440" lon="-2.818310"/>
      <trkpt lat="43.416340" lon="-2.818380"/>
      <trkpt lat="43.416230" lon="-2.818410"/>
      <trkpt lat="43.416100" lon="-2.818420"/>
      <trkpt lat="43.415960" lon="-2.818410"/>
      <trkpt lat="43.415850" lon="-2.818380"/>
      <trkpt lat="43.415710" lon="-2.818310"/>
      <trkpt lat="43.415540" lon="-2.818220"/>
      <trkpt lat="43.415450" lon="-2.818180"/>
      <trkpt lat="43.415360" lon="-2.818160"/>
      <trkpt lat="43.415280" lon="-2.818150"/>
      <trkpt lat="43.415180" lon="-2.818190"/>
      <trkpt lat="43.415080" lon="-2.818250"/>
      <trkpt lat="43.414940" lon="-2.818350"/>
      <trkpt lat="43.414640" lon="-2.818560"/>
      <trkpt lat="43.414490" lon="-2.818680"/>
      <trkpt lat="43.414410" lon="-2.818770"/>
      <trkpt lat="43.414370" lon="-2.818870"/>
      <trkpt lat="43.414340" lon="-2.819000"/>
      <trkpt lat="43.414330" lon="-2.819130"/>
      <trkpt lat="43.414360" lon="-2.819500"/>
      <trkpt lat="43.414390" lon="-2.819940"/>
      <trkpt lat="43.414410" lon="-2.820470"/>
      <trkpt lat="43.414430" lon="-2.821070"/>
      <trkpt lat="43.414430" lon="-2.821220"/>
      <trkpt lat="43.414420" lon="-2.821340"/>
      <trkpt lat="43.414400" lon="-2.821440"/>
      <trkpt lat="43.414370" lon="-2.821540"/>
      <trkpt lat="43.413860" lon="-2.823200"/>
      <trkpt lat="43.413800" lon="-2.823370"/>
      <trkpt lat="43.413730" lon="-2.823530"/>
      <trkpt lat="43.413470" lon="-2.824030"/>
      <trkpt lat="43.413430" lon="-2.824130"/>
      <trkpt lat="43.413380" lon="-2.824270"/>
      <trkpt lat="43.413360" lon="-2.824380"/>
      <trkpt lat="43.413340" lon="-2.824530"/>
      <trkpt lat="43.413320" lon="-2.825020"/>
      <trkpt lat="43.413300" lon="-2.825260"/>
      <trkpt lat="43.413270" lon="-2.825410"/>
      <trkpt lat="43.413140" lon="-2.825860"/>
      <trkpt lat="43.413020" lon="-2.826280"/>
      <trkpt lat="43.412960" lon="-2.826530"/>
      <trkpt lat="43.412940" lon="-2.826650"/>
      <trkpt lat="43.412930" lon="-2.826790"/>
      <trkpt lat="43.412920" lon="-2.826940"/>
      <trkpt lat="43.412930" lon="-2.827070"/>
      <trkpt lat="43.412980" lon="-2.827220"/>
      <trkpt lat="43.413040" lon="-2.827350"/>
      <trkpt lat="43.413130" lon="-2.827480"/>
      <trkpt lat="43.413320" lon="-2.827630"/>
      <trkpt lat="43.413650" lon="-2.827840"/>
      <trkpt lat="43.413860" lon="-2.827980"/>
      <trkpt lat="43.414020" lon="-2.828090"/>
      <trkpt lat="43.414130" lon="-2.828190"/>
      <trkpt lat="43.414200" lon="-2.828270"/>
      <trkpt lat="43.414250" lon="-2.828360"/>
      <trkpt lat="43.414300" lon="-2.828520"/>
      <trkpt lat="43.414330" lon="-2.828640"/>
      <trkpt lat="43.414330" lon="-2.828800"/>
      <trkpt lat="43.414310" lon="-2.828950"/>
      <trkpt lat="43.414260" lon="-2.829120"/>
      <trkpt lat="43.414220" lon="-2.829260"/>
      <trkpt lat="43.414000" lon="-2.829840"/>
      <trkpt lat="43.413540" lon="-2.831100"/>
      <trkpt lat="43.413470" lon="-2.831320"/>
      <trkpt lat="43.413420" lon="-2.831540"/>
      <trkpt lat="43.413160" lon="-2.832930"/>
      <trkpt lat="43.413090" lon="-2.833390"/>
      <trkpt lat="43.413050" lon="-2.833800"/>
      <trkpt lat="43.413070" lon="-2.833970"/>
      <trkpt lat="43.413130" lon="-2.834110"/>
      <trkpt lat="43.413210" lon="-2.834180"/>
      <trkpt lat="43.413270" lon="-2.834200"/>
      <trkpt lat="43.413360" lon="-2.834180"/>
      <trkpt lat="43.413440" lon="-2.834120"/>
      <trkpt lat="43.413550" lon="-2.833960"/>
      <trkpt lat="43.413740" lon="-2.833610"/>
      <trkpt lat="43.413880" lon="-2.833390"/>
      <trkpt lat="43.413960" lon="-2.833300"/>
      <trkpt lat="43.414140" lon="-2.833150"/>
      <trkpt lat="43.414430" lon="-2.832940"/>
      <trkpt lat="43.414570" lon="-2.832840"/>
      <trkpt lat="43.414690" lon="-2.832720"/>
      <trkpt lat="43.414840" lon="-2.832530"/>
      <trkpt lat="43.414920" lon="-2.832440"/>
      <trkpt lat="43.415040" lon="-2.832370"/>
      <trkpt lat="43.415180" lon="-2.832370"/>
      <trkpt lat="43.415290" lon="-2.832360"/>
      <trkpt lat="43.415370" lon="-2.832340"/>
      <trkpt lat="43.415470" lon="-2.832280"/>
      <trkpt lat="43.415530" lon="-2.832230"/>
      <trkpt lat="43.415590" lon="-2.832150"/>
      <trkpt lat="43.415700" lon="-2.831970"/>
      <trkpt lat="43.415800" lon="-2.831860"/>
      <trkpt lat="43.415860" lon="-2.831830"/>
      <trkpt lat="43.415940" lon="-2.831830"/>
      <trkpt lat="43.416140" lon="-2.831870"/>
      <trkpt lat="43.416230" lon="-2.831840"/>
      <trkpt lat="43.416310" lon="-2.831790"/>
      <trkpt lat="43.416450" lon="-2.831650"/>
      <trkpt lat="43.416650" lon="-2.831470"/>
      <trkpt lat="43.416850" lon="-2.831330"/>
      <trkpt lat="43.417010" lon="-2.831260"/>
      <trkpt lat="43.417160" lon="-2.831240"/>
      <trkpt lat="43.417440" lon="-2.831230"/>
      <trkpt lat="43.417560" lon="-2.831270"/>
      <trkpt lat="43.417650" lon="-2.831350"/>
      <trkpt lat="43.417730" lon="-2.831430"/>
      <trkpt lat="43.417850" lon="-2.831550"/>
      <trkpt lat="43.417960" lon="-2.831610"/>
      <trkpt lat="43.418090" lon="-2.831600"/>
      <trkpt lat="43.418300" lon="-2.831500"/>
      <trkpt lat="43.418530" lon="-2.831390"/>
      <trkpt lat="43.418700" lon="-2.831350"/>
      <trkpt lat="43.419080" lon="-2.831240"/>
      <trkpt lat="43.419180" lon="-2.831230"/>
      <trkpt lat="43.419290" lon="-2.831250"/>
      <trkpt lat="43.419930" lon="-2.831390"/>
      <trkpt lat="43.420090" lon="-2.831420"/>
      <trkpt lat="43.420200" lon="-2.831430"/>
      <trkpt lat="43.420320" lon="-2.831420"/>
      <trkpt lat="43.420440" lon="-2.831380"/>
      <trkpt lat="43.420560" lon="-2.831300"/>
      <trkpt lat="43.421040" lon="-2.830900"/>
      <trkpt lat="43.421190" lon="-2.830800"/>
      <trkpt lat="43.421320" lon="-2.830750"/>
      <trkpt lat="43.421450" lon="-2.830720"/>
      <trkpt lat="43.421590" lon="-2.830730"/>
      <trkpt lat="43.421760" lon="-2.830770"/>
      <trkpt lat="43.421910" lon="-2.830830"/>
      <trkpt lat="43.422040" lon="-2.830900"/>
      <trkpt lat="43.422170" lon="-2.831000"/>
      <trkpt lat="43.422270" lon="-2.831090"/>
      <trkpt lat="43.422510" lon="-2.831360"/>
      <trkpt lat="43.422640" lon="-2.831490"/>
      <trkpt lat="43.422730" lon="-2.831570"/>
      <trkpt lat="43.422860" lon="-2.831650"/>
      <trkpt lat="43.423480" lon="-2.831970"/>
      <trkpt lat="43.423570" lon="-2.832020"/>
      <trkpt lat="43.423670" lon="-2.832070"/>
      <trkpt lat="43.423780" lon="-2.832110"/>
      <trkpt lat="43.423860" lon="-2.832110"/>
      <trkpt lat="43.423970" lon="-2.832070"/>
      <trkpt lat="43.424050" lon="-2.832010"/>
      <trkpt lat="43.424140" lon="-2.831920"/>
      <trkpt lat="43.424280" lon="-2.831730"/>
      <trkpt lat="43.424470" lon="-2.831460"/>
      <trkpt lat="43.424860" lon="-2.830900"/>
      <trkpt lat="43.425170" lon="-2.830460"/>
      <trkpt lat="43.425240" lon="-2.830380"/>
      <trkpt lat="43.425310" lon="-2.830310"/>
      <trkpt lat="43.425410" lon="-2.830260"/>
      <trkpt lat="43.425510" lon="-2.830260"/>
      <trkpt lat="43.425590" lon="-2.830280"/>
      <trkpt lat="43.425690" lon="-2.830350"/>
      <trkpt lat="43.425750" lon="-2.830420"/>
      <trkpt lat="43.425800" lon="-2.830510"/>
      <trkpt lat="43.425840" lon="-2.830630"/>
      <trkpt lat="43.425850" lon="-2.830760"/>
      <trkpt lat="43.425840" lon="-2.830910"/>
      <trkpt lat="43.425790" lon="-2.831060"/>
      <trkpt lat="43.425540" lon="-2.831540"/>
      <trkpt lat="43.425240" lon="-2.832100"/>
      <trkpt lat="43.424780" lon="-2.832960"/>
      <trkpt lat="43.424710" lon="-2.833130"/>
      <trkpt lat="43.424690" lon="-2.833290"/>
      <trkpt lat="43.424680" lon="-2.833470"/>
      <trkpt lat="43.424720" lon="-2.833650"/>
      <trkpt lat="43.424890" lon="-2.834160"/>
      <trkpt lat="43.424950" lon="-2.834420"/>
      <trkpt lat="43.425080" lon="-2.835310"/>
      <trkpt lat="43.425130" lon="-2.835460"/>
      <trkpt lat="43.425260" lon="-2.835710"/>
      <trkpt lat="43.425620" lon="-2.836430"/>
      <trkpt lat="43.425760" lon="-2.836720"/>
      <trkpt lat="43.425950" lon="-2.837110"/>
      <trkpt lat="43.425990" lon="-2.837300"/>
      <trkpt lat="43.426000" lon="-2.837450"/>
      <trkpt lat="43.425990" lon="-2.837570"/>
      <trkpt lat="43.425950" lon="-2.837720"/>
      <trkpt lat="43.425880" lon="-2.837840"/>
      <trkpt lat="43.425870" lon="-2.837860"/>
      <trkpt lat="43.425750" lon="-2.838010"/>
      <trkpt lat="43.425380" lon="-2.838530"/>
      <trkpt lat="43.425260" lon="-2.838670"/>
      <trkpt lat="43.425150" lon="-2.838790"/>
      <trkpt lat="43.425010" lon="-2.838890"/>
      <trkpt lat="43.424850" lon="-2.838980"/>
      <trkpt lat="43.424330" lon="-2.839210"/>
      <trkpt lat="43.424030" lon="-2.839340"/>
      <trkpt lat="43.423280" lon="-2.839680"/>
      <trkpt lat="43.422670" lon="-2.839960"/>
      <trkpt lat="43.422510" lon="-2.840030"/>
      <trkpt lat="43.422450" lon="-2.840100"/>
      <trkpt lat="43.422400" lon="-2.840200"/>
      <trkpt lat="43.422380" lon="-2.840290"/>
      <trkpt lat="43.422380" lon="-2.840370"/>
      <trkpt lat="43.422400" lon="-2.840470"/>
      <trkpt lat="43.422480" lon="-2.840620"/>
      <trkpt lat="43.422650" lon="-2.840950"/>
      <trkpt lat="43.423080" lon="-2.841800"/>
      <trkpt lat="43.423210" lon="-2.842040"/>
      <trkpt lat="43.423320" lon="-2.842220"/>
      <trkpt lat="43.423440" lon="-2.842340"/>
      <trkpt lat="43.423580" lon="-2.842480"/>
      <trkpt lat="43.424250" lon="-2.843000"/>
      <trkpt lat="43.424350" lon="-2.843110"/>
      <trkpt lat="43.424420" lon="-2.843220"/>
      <trkpt lat="43.424460" lon="-2.843360"/>
      <trkpt lat="43.424490" lon="-2.843540"/>
      <trkpt lat="43.424470" lon="-2.843700"/>
      <trkpt lat="43.424420" lon="-2.843840"/>
      <trkpt lat="43.424360" lon="-2.843960"/>
      <trkpt lat="43.424280" lon="-2.844060"/>
      <trkpt lat="43.424190" lon="-2.844120"/>
      <trkpt lat="43.424070" lon="-2.844150"/>
      <trkpt lat="43.423920" lon="-2.844150"/>
      <trkpt lat="43.423380" lon="-2.844120"/>
      <trkpt lat="43.423260" lon="-2.844120"/>
      <trkpt lat="43.423150" lon="-2.844150"/>
      <trkpt lat="43.422760" lon="-2.844330"/>
      <trkpt lat="43.422610" lon="-2.844410"/>
      <trkpt lat="43.422540" lon="-2.844470"/>
      <trkpt lat="43.422480" lon="-2.844560"/>
      <trkpt lat="43.422440" lon="-2.844680"/>
      <trkpt lat="43.422430" lon="-2.844790"/>
      <trkpt lat="43.422440" lon="-2.844880"/>
      <trkpt lat="43.422470" lon="-2.844980"/>
      <trkpt lat="43.422570" lon="-2.845140"/>
      <trkpt lat="43.422660" lon="-2.845260"/>
      <trkpt lat="43.423050" lon="-2.845860"/>
      <trkpt lat="43.423130" lon="-2.845980"/>
      <trkpt lat="43.423260" lon="-2.846120"/>
      <trkpt lat="43.423630" lon="-2.846400"/>
      <trkpt lat="43.423710" lon="-2.846510"/>
      <trkpt lat="43.423780" lon="-2.846630"/>
      <trkpt lat="43.423830" lon="-2.846730"/>
      <trkpt lat="43.423860" lon="-2.846910"/>
      <trkpt lat="43.423880" lon="-2.847100"/>
      <trkpt lat="43.423900" lon="-2.847240"/>
      <trkpt lat="43.423920" lon="-2.847550"/>
      <trkpt lat="43.423950" lon="-2.847750"/>
      <trkpt lat="43.423980" lon="-2.847850"/>
      <trkpt lat="43.424010" lon="-2.847930"/>
      <trkpt lat="43.424070" lon="-2.848000"/>
      <trkpt lat="43.424160" lon="-2.848080"/>
      <trkpt lat="43.424220" lon="-2.848100"/>
      <trkpt lat="43.424340" lon="-2.848120"/>
      <trkpt lat="43.424400" lon="-2.848130"/>
      <trkpt lat="43.424480" lon="-2.848210"/>
      <trkpt lat="43.424530" lon="-2.848270"/>
      <trkpt lat="43.424580" lon="-2.848370"/>
      <trkpt lat="43.424610" lon="-2.848510"/>
      <trkpt lat="43.424620" lon="-2.848810"/>
      <trkpt lat="43.424640" lon="-2.849130"/>
      <trkpt lat="43.424700" lon="-2.850320"/>
      <trkpt lat="43.424710" lon="-2.850600"/>
      <trkpt lat="43.424700" lon="-2.850920"/>
      <trkpt lat="43.424660" lon="-2.851350"/>
      <trkpt lat="43.424570" lon="-2.852420"/>
      <trkpt lat="43.424520" lon="-2.852970"/>
      <trkpt lat="43.424500" lon="-2.853290"/>
      <trkpt lat="43.424500" lon="-2.853420"/>
      <trkpt lat="43.424510" lon="-2.853510"/>
      <trkpt lat="43.424520" lon="-2.853600"/>
      <trkpt lat="43.424540" lon="-2.853690"/>
      <trkpt lat="43.424570" lon="-2.853770"/>
      <trkpt lat="43.424640" lon="-2.853860"/>
      <trkpt lat="43.424720" lon="-2.853940"/>
      <trkpt lat="43.424820" lon="-2.854000"/>
      <trkpt lat="43.424910" lon="-2.854020"/>
      <trkpt lat="43.425000" lon="-2.854010"/>
      <trkpt lat="43.425360" lon="-2.853940"/>
      <trkpt lat="43.425870" lon="-2.853810"/>
      <trkpt lat="43.426060" lon="-2.853770"/>
      <trkpt lat="43.426190" lon="-2.853760"/>
      <trkpt lat="43.426320" lon="-2.853780"/>
      <trkpt lat="43.426420" lon="-2.853810"/>
      <trkpt lat="43.426510" lon="-2.853880"/>
      <trkpt lat="43.426570" lon="-2.853950"/>
      <trkpt lat="43.426620" lon="-2.854050"/>
      <trkpt lat="43.426680" lon="-2.854180"/>
      <trkpt lat="43.426710" lon="-2.854320"/>
      <trkpt lat="43.426720" lon="-2.854460"/>
      <trkpt lat="43.426720" lon="-2.854640"/>
      <trkpt lat="43.426680" lon="-2.854900"/>
      <trkpt lat="43.426620" lon="-2.855220"/>
      <trkpt lat="43.426530" lon="-2.855690"/>
      <trkpt lat="43.426510" lon="-2.855920"/>
      <trkpt lat="43.426500" lon="-2.856100"/>
      <trkpt lat="43.426510" lon="-2.856260"/>
      <trkpt lat="43.426540" lon="-2.856470"/>
      <trkpt lat="43.426610" lon="-2.856680"/>
      <trkpt lat="43.426670" lon="-2.856870"/>
      <trkpt lat="43.426780" lon="-2.857120"/>
      <trkpt lat="43.427010" lon="-2.857540"/>
      <trkpt lat="43.427340" lon="-2.858160"/>
      <trkpt lat="43.427450" lon="-2.858370"/>
      <trkpt lat="43.427510" lon="-2.858500"/>
      <trkpt lat="43.427580" lon="-2.858680"/>
      <trkpt lat="43.427620" lon="-2.858890"/>
      <trkpt lat="43.427640" lon="-2.859080"/>
      <trkpt lat="43.427640" lon="-2.859270"/>
      <trkpt lat="43.427620" lon="-2.859440"/>
      <trkpt lat="43.427570" lon="-2.859670"/>
      <trkpt lat="43.427510" lon="-2.859860"/>
      <trkpt lat="43.427450" lon="-2.860000"/>
      <trkpt lat="43.427320" lon="-2.860210"/>
      <trkpt lat="43.427260" lon="-2.860270"/>
      <trkpt lat="43.427220" lon="-2.860320"/>
      <trkpt lat="43.427030" lon="-2.860450"/>
      <trkpt lat="43.426910" lon="-2.860490"/>
      <trkpt lat="43.426820" lon="-2.860500"/>
      <trkpt lat="43.426600" lon="-2.860500"/>
      <trkpt lat="43.426560" lon="-2.860490"/>
      <trkpt lat="43.426310" lon="-2.860440"/>
      <trkpt lat="43.425960" lon="-2.860410"/>
      <trkpt lat="43.425860" lon="-2.860410"/>
      <trkpt lat="43.425760" lon="-2.860410"/>
      <trkpt lat="43.425550" lon="-2.860470"/>
      <trkpt lat="43.425000" lon="-2.860710"/>
      <trkpt lat="43.424800" lon="-2.860790"/>
      <trkpt lat="43.424720" lon="-2.860790"/>
      <trkpt lat="43.424650" lon="-2.860750"/>
      <trkpt lat="43.424570" lon="-2.860670"/>
      <trkpt lat="43.424380" lon="-2.860420"/>
      <trkpt lat="43.424150" lon="-2.860050"/>
      <trkpt lat="43.424050" lon="-2.859940"/>
      <trkpt lat="43.423950" lon="-2.859880"/>
      <trkpt lat="43.423830" lon="-2.859840"/>
      <trkpt lat="43.423640" lon="-2.859850"/>
      <trkpt lat="43.423340" lon="-2.859890"/>
      <trkpt lat="43.423000" lon="-2.859940"/>
      <trkpt lat="43.422800" lon="-2.859970"/>
      <trkpt lat="43.422700" lon="-2.860040"/>
      <trkpt lat="43.422590" lon="-2.860160"/>
      <trkpt lat="43.422530" lon="-2.860310"/>
      <trkpt lat="43.422520" lon="-2.860450"/>
      <trkpt lat="43.422520" lon="-2.860600"/>
      <trkpt lat="43.422550" lon="-2.860700"/>
      <trkpt lat="43.422580" lon="-2.860810"/>
      <trkpt lat="43.422650" lon="-2.860940"/>
      <trkpt lat="43.422870" lon="-2.861220"/>
      <trkpt lat="43.423030" lon="-2.861450"/>
      <trkpt lat="43.423150" lon="-2.861650"/>
      <trkpt lat="43.423510" lon="-2.862320"/>
      <trkpt lat="43.423700" lon="-2.862720"/>
      <trkpt lat="43.424070" lon="-2.863430"/>
      <trkpt lat="43.424200" lon="-2.863640"/>
      <trkpt lat="43.424420" lon="-2.863940"/>
      <trkpt lat="43.424830" lon="-2.864370"/>
      <trkpt lat="43.425530" lon="-2.865130"/>
      <trkpt lat="43.425730" lon="-2.865350"/>
      <trkpt lat="43.426080" lon="-2.865750"/>
      <trkpt lat="43.426180" lon="-2.865860"/>
      <trkpt lat="43.426380" lon="-2.866070"/>
      <trkpt lat="43.426880" lon="-2.866650"/>
      <trkpt lat="43.427510" lon="-2.867420"/>
      <trkpt lat="43.427570" lon="-2.867520"/>
      <trkpt lat="43.427590" lon="-2.867620"/>
      <trkpt lat="43.427600" lon="-2.867750"/>
      <trkpt lat="43.427570" lon="-2.867900"/>
      <trkpt lat="43.427520" lon="-2.868010"/>
      <trkpt lat="43.427450" lon="-2.868110"/>
      <trkpt lat="43.427340" lon="-2.868230"/>
      <trkpt lat="43.427100" lon="-2.868460"/>
      <trkpt lat="43.426750" lon="-2.868780"/>
      <trkpt lat="43.426430" lon="-2.869020"/>
      <trkpt lat="43.426200" lon="-2.869210"/>
      <trkpt lat="43.426080" lon="-2.869350"/>
      <trkpt lat="43.426030" lon="-2.869440"/>
      <trkpt lat="43.425980" lon="-2.869570"/>
      <trkpt lat="43.425950" lon="-2.869660"/>
      <trkpt lat="43.425950" lon="-2.869740"/>
      <trkpt lat="43.425930" lon="-2.869870"/>
      <trkpt lat="43.425950" lon="-2.870010"/>
      <trkpt lat="43.425980" lon="-2.870150"/>
      <trkpt lat="43.426010" lon="-2.870210"/>
      <trkpt lat="43.426080" lon="-2.870320"/>
      <trkpt lat="43.426170" lon="-2.870410"/>
      <trkpt lat="43.426300" lon="-2.870480"/>
      <trkpt lat="43.426400" lon="-2.870500"/>
      <trkpt lat="43.426480" lon="-2.870500"/>
      <trkpt lat="43.426840" lon="-2.870480"/>
      <trkpt lat="43.427180" lon="-2.870450"/>
      <trkpt lat="43.427280" lon="-2.870420"/>
      <trkpt lat="43.427400" lon="-2.870340"/>
      <trkpt lat="43.427540" lon="-2.870200"/>
      <trkpt lat="43.427680" lon="-2.870000"/>
      <trkpt lat="43.427820" lon="-2.869830"/>
      <trkpt lat="43.427960" lon="-2.869730"/>
      <trkpt lat="43.428040" lon="-2.869700"/>
      <trkpt lat="43.428150" lon="-2.869690"/>
      <trkpt lat="43.428400" lon="-2.869650"/>
      <trkpt lat="43.428560" lon="-2.869590"/>
      <trkpt lat="43.428690" lon="-2.869500"/>
      <trkpt lat="43.429020" lon="-2.869280"/>
      <trkpt lat="43.429330" lon="-2.869080"/>
      <trkpt lat="43.429560" lon="-2.868920"/>
      <trkpt lat="43.429710" lon="-2.868830"/>
      <trkpt lat="43.430000" lon="-2.868720"/>
      <trkpt lat="43.430120" lon="-2.868710"/>
      <trkpt lat="43.430200" lon="-2.868720"/>
      <trkpt lat="43.430280" lon="-2.868760"/>
      <trkpt lat="43.430360" lon="-2.868820"/>
      <trkpt lat="43.430420" lon="-2.868890"/>
      <trkpt lat="43.430480" lon="-2.868980"/>
      <trkpt lat="43.430560" lon="-2.869140"/>
      <trkpt lat="43.430640" lon="-2.869350"/>
      <trkpt lat="43.430920" lon="-2.870110"/>
      <trkpt lat="43.430940" lon="-2.870220"/>
      <trkpt lat="43.430940" lon="-2.870340"/>
      <trkpt lat="43.430920" lon="-2.870520"/>
      <trkpt lat="43.430860" lon="-2.870670"/>
      <trkpt lat="43.430830" lon="-2.870730"/>
      <trkpt lat="43.430740" lon="-2.870850"/>
      <trkpt lat="43.430550" lon="-2.870970"/>
      <trkpt lat="43.430300" lon="-2.871100"/>
      <trkpt lat="43.430100" lon="-2.871210"/>
      <trkpt lat="43.429950" lon="-2.871290"/>
      <trkpt lat="43.429810" lon="-2.871410"/>
      <trkpt lat="43.429720" lon="-2.871480"/>
      <trkpt lat="43.429630" lon="-2.871590"/>
      <trkpt lat="43.429530" lon="-2.871730"/>
      <trkpt lat="43.429310" lon="-2.872090"/>
      <trkpt lat="43.428750" lon="-2.872970"/>
      <trkpt lat="43.428670" lon="-2.873090"/>
      <trkpt lat="43.428590" lon="-2.873200"/>
      <trkpt lat="43.428490" lon="-2.873300"/>
      <trkpt lat="43.428210" lon="-2.873540"/>
      <trkpt lat="43.427670" lon="-2.874010"/>
      <trkpt lat="43.427430" lon="-2.874220"/>
      <trkpt lat="43.427190" lon="-2.874420"/>
      <trkpt lat="43.427030" lon="-2.874520"/>
      <trkpt lat="43.426880" lon="-2.874610"/>
      <trkpt lat="43.426660" lon="-2.874710"/>
      <trkpt lat="43.426290" lon="-2.874860"/>
      <trkpt lat="43.425930" lon="-2.875000"/>
      <trkpt lat="43.425830" lon="-2.875040"/>
      <trkpt lat="43.425730" lon="-2.875080"/>
      <trkpt lat="43.425640" lon="-2.875140"/>
      <trkpt lat="43.425610" lon="-2.875170"/>
      <trkpt lat="43.425580" lon="-2.875210"/>
      <trkpt lat="43.425540" lon="-2.875290"/>
      <trkpt lat="43.425510" lon="-2.875360"/>
      <trkpt lat="43.425500" lon="-2.875470"/>
      <trkpt lat="43.425500" lon="-2.875580"/>
      <trkpt lat="43.425520" lon="-2.875650"/>
      <trkpt lat="43.425560" lon="-2.875750"/>
      <trkpt lat="43.425620" lon="-2.875840"/>
      <trkpt lat="43.425710" lon="-2.875910"/>
      <trkpt lat="43.425900" lon="-2.876000"/>
      <trkpt lat="43.426490" lon="-2.876230"/>
      <trkpt lat="43.426710" lon="-2.876320"/>
      <trkpt lat="43.426800" lon="-2.876340"/>
      <trkpt lat="43.426910" lon="-2.876340"/>
      <trkpt lat="43.427030" lon="-2.876320"/>
      <trkpt lat="43.427130" lon="-2.876270"/>
      <trkpt lat="43.427270" lon="-2.876170"/>
      <trkpt lat="43.427470" lon="-2.876000"/>
      <trkpt lat="43.427550" lon="-2.875960"/>
      <trkpt lat="43.427630" lon="-2.875930"/>
      <trkpt lat="43.427710" lon="-2.875920"/>
      <trkpt lat="43.427890" lon="-2.875910"/>
      <trkpt lat="43.428220" lon="-2.875900"/>
      <trkpt lat="43.428730" lon="-2.875880"/>
      <trkpt lat="43.428930" lon="-2.875890"/>
      <trkpt lat="43.429140" lon="-2.875890"/>
      <trkpt lat="43.429280" lon="-2.875900"/>
      <trkpt lat="43.429370" lon="-2.875950"/>
      <trkpt lat="43.429440" lon="-2.876030"/>
      <trkpt lat="43.429490" lon="-2.876140"/>
      <trkpt lat="43.429510" lon="-2.876250"/>
      <trkpt lat="43.429510" lon="-2.876390"/>
      <trkpt lat="43.429480" lon="-2.876510"/>
      <trkpt lat="43.429430" lon="-2.876770"/>
      <trkpt lat="43.429390" lon="-2.876930"/>
      <trkpt lat="43.429390" lon="-2.877080"/>
      <trkpt lat="43.429400" lon="-2.877180"/>
      <trkpt lat="43.429450" lon="-2.877270"/>
      <trkpt lat="43.429550" lon="-2.877330"/>
      <trkpt lat="43.429650" lon="-2.877350"/>
      <trkpt lat="43.429760" lon="-2.877340"/>
      <trkpt lat="43.429880" lon="-2.877280"/>
      <trkpt lat="43.430010" lon="-2.877170"/>
      <trkpt lat="43.430500" lon="-2.876690"/>
      <trkpt lat="43.430590" lon="-2.876610"/>
      <trkpt lat="43.430730" lon="-2.876510"/>
      <trkpt lat="43.430850" lon="-2.876450"/>
      <trkpt lat="43.431530" lon="-2.876120"/>
      <trkpt lat="43.431710" lon="-2.876030"/>
      <trkpt lat="43.431900" lon="-2.875970"/>
      <trkpt lat="43.432060" lon="-2.875940"/>
      <trkpt lat="43.432200" lon="-2.875930"/>
      <trkpt lat="43.432370" lon="-2.875940"/>
      <trkpt lat="43.432530" lon="-2.875980"/>
      <trkpt lat="43.433230" lon="-2.876190"/>
      <trkpt lat="43.434030" lon="-2.876420"/>
      <trkpt lat="43.434160" lon="-2.876470"/>
      <trkpt lat="43.434270" lon="-2.876530"/>
      <trkpt lat="43.434340" lon="-2.876620"/>
      <trkpt lat="43.434390" lon="-2.876710"/>
      <trkpt lat="43.434440" lon="-2.876810"/>
      <trkpt lat="43.434470" lon="-2.876950"/>
      <trkpt lat="43.434480" lon="-2.877140"/>
      <trkpt lat="43.434460" lon="-2.877320"/>
      <trkpt lat="43.434410" lon="-2.877450"/>
      <trkpt lat="43.434330" lon="-2.877580"/>
      <trkpt lat="43.434220" lon="-2.877690"/>
      <trkpt lat="43.434110" lon="-2.877750"/>
      <trkpt lat="43.434000" lon="-2.877770"/>
      <trkpt lat="43.433890" lon="-2.877750"/>
      <trkpt lat="43.433790" lon="-2.877710"/>
      <trkpt lat="43.433690" lon="-2.877620"/>
      <trkpt lat="43.433560" lon="-2.877480"/>
      <trkpt lat="43.433470" lon="-2.877390"/>
      <trkpt lat="43.433400" lon="-2.877320"/>
      <trkpt lat="43.433310" lon="-2.877270"/>
      <trkpt lat="43.433200" lon="-2.877230"/>
      <trkpt lat="43.433090" lon="-2.877210"/>
      <trkpt lat="43.432970" lon="-2.877210"/>
      <trkpt lat="43.432850" lon="-2.877240"/>
      <trkpt lat="43.432670" lon="-2.877330"/>
      <trkpt lat="43.432170" lon="-2.877590"/>
      <trkpt lat="43.431960" lon="-2.877710"/>
      <trkpt lat="43.431740" lon="-2.877830"/>
      <trkpt lat="43.431650" lon="-2.877880"/>
      <trkpt lat="43.431450" lon="-2.878000"/>
      <trkpt lat="43.431360" lon="-2.878040"/>
      <trkpt lat="43.431260" lon="-2.878100"/>
      <trkpt lat="43.431250" lon="-2.878110"/>
      <trkpt lat="43.431080" lon="-2.878200"/>
      <trkpt lat="43.431040" lon="-2.878220"/>
      <trkpt lat="43.430960" lon="-2.878280"/>
      <trkpt lat="43.430880" lon="-2.878320"/>
      <trkpt lat="43.430070" lon="-2.878800"/>
      <trkpt lat="43.429930" lon="-2.878890"/>
      <trkpt lat="43.429780" lon="-2.879030"/>
      <trkpt lat="43.429690" lon="-2.879150"/>
      <trkpt lat="43.429620" lon="-2.879260"/>
      <trkpt lat="43.429540" lon="-2.879410"/>
      <trkpt lat="43.429470" lon="-2.879600"/>
      <trkpt lat="43.429420" lon="-2.879770"/>
      <trkpt lat="43.429390" lon="-2.879950"/>
      <trkpt lat="43.429320" lon="-2.880510"/>
      <trkpt lat="43.429270" lon="-2.880880"/>
      <trkpt lat="43.429200" lon="-2.881460"/>
      <trkpt lat="43.429160" lon="-2.881760"/>
      <trkpt lat="43.429150" lon="-2.881880"/>
      <trkpt lat="43.429160" lon="-2.881980"/>
      <trkpt lat="43.429170" lon="-2.882100"/>
      <trkpt lat="43.429200" lon="-2.882220"/>
      <trkpt lat="43.429240" lon="-2.882340"/>
      <trkpt lat="43.429280" lon="-2.882410"/>
      <trkpt lat="43.429360" lon="-2.882540"/>
      <trkpt lat="43.429440" lon="-2.882620"/>
      <trkpt lat="43.429540" lon="-2.882710"/>
      <trkpt lat="43.429710" lon="-2.882800"/>
      <trkpt lat="43.429870" lon="-2.882900"/>
      <trkpt lat="43.430030" lon="-2.882980"/>
      <trkpt lat="43.430120" lon="-2.883010"/>
      <trkpt lat="43.430210" lon="-2.883000"/>
      <trkpt lat="43.430280" lon="-2.882960"/>
      <trkpt lat="43.430340" lon="-2.882910"/>
      <trkpt lat="43.430400" lon="-2.882840"/>
      <trkpt lat="43.430440" lon="-2.882740"/>
      <trkpt lat="43.430460" lon="-2.882660"/>
      <trkpt lat="43.430480" lon="-2.882530"/>
      <trkpt lat="43.430490" lon="-2.882440"/>
      <trkpt lat="43.430520" lon="-2.882170"/>
      <trkpt lat="43.430540" lon="-2.882020"/>
      <trkpt lat="43.430570" lon="-2.881920"/>
      <trkpt lat="43.430620" lon="-2.881840"/>
      <trkpt lat="43.430690" lon="-2.881770"/>
      <trkpt lat="43.430770" lon="-2.881720"/>
      <trkpt lat="43.430850" lon="-2.881710"/>
      <trkpt lat="43.430930" lon="-2.881710"/>
      <trkpt lat="43.431000" lon="-2.881750"/>
      <trkpt lat="43.431060" lon="-2.881800"/>
      <trkpt lat="43.431120" lon="-2.881880"/>
      <trkpt lat="43.431160" lon="-2.881970"/>
      <trkpt lat="43.431190" lon="-2.882060"/>
      <trkpt lat="43.431270" lon="-2.882380"/>
      <trkpt lat="43.431320" lon="-2.882500"/>
      <trkpt lat="43.431370" lon="-2.882600"/>
      <trkpt lat="43.431420" lon="-2.882650"/>
      <trkpt lat="43.431500" lon="-2.882710"/>
      <trkpt lat="43.431760" lon="-2.882870"/>
      <trkpt lat="43.431830" lon="-2.882920"/>
      <trkpt lat="43.431880" lon="-2.882980"/>
      <trkpt lat="43.431920" lon="-2.883040"/>
      <trkpt lat="43.431950" lon="-2.883140"/>
      <trkpt lat="43.431970" lon="-2.883220"/>
      <trkpt lat="43.431980" lon="-2.883310"/>
      <trkpt lat="43.431970" lon="-2.883450"/>
      <trkpt lat="43.431920" lon="-2.883800"/>
      <trkpt lat="43.431840" lon="-2.884360"/>
      <trkpt lat="43.431820" lon="-2.884550"/>
      <trkpt lat="43.431800" lon="-2.884680"/>
      <trkpt lat="43.431790" lon="-2.884860"/>
      <trkpt lat="43.431790" lon="-2.885050"/>
      <trkpt lat="43.431800" lon="-2.885910"/>
      <trkpt lat="43.431800" lon="-2.886500"/>
      <trkpt lat="43.431800" lon="-2.886820"/>
      <trkpt lat="43.431810" lon="-2.886940"/>
      <trkpt lat="43.431830" lon="-2.887060"/>
      <trkpt lat="43.431860" lon="-2.887170"/>
      <trkpt lat="43.431900" lon="-2.887270"/>
      <trkpt lat="43.431960" lon="-2.887390"/>
      <trkpt lat="43.432030" lon="-2.887480"/>
      <trkpt lat="43.432100" lon="-2.887550"/>
      <trkpt lat="43.432190" lon="-2.887620"/>
      <trkpt lat="43.432380" lon="-2.887750"/>
      <trkpt lat="43.432440" lon="-2.887800"/>
      <trkpt lat="43.432490" lon="-2.887870"/>
      <trkpt lat="43.432520" lon="-2.887960"/>
      <trkpt lat="43.432550" lon="-2.888050"/>
      <trkpt lat="43.432560" lon="-2.888140"/>
      <trkpt lat="43.432550" lon="-2.888250"/>
      <trkpt lat="43.432520" lon="-2.888410"/>
      <trkpt lat="43.432470" lon="-2.888700"/>
      <trkpt lat="43.432390" lon="-2.889040"/>
      <trkpt lat="43.432360" lon="-2.889200"/>
      <trkpt lat="43.432350" lon="-2.889360"/>
      <trkpt lat="43.432370" lon="-2.889510"/>
      <trkpt lat="43.432400" lon="-2.889660"/>
      <trkpt lat="43.432470" lon="-2.889950"/>
      <trkpt lat="43.432580" lon="-2.890430"/>
      <trkpt lat="43.432660" lon="-2.890780"/>
      <trkpt lat="43.432720" lon="-2.891020"/>
      <trkpt lat="43.432730" lon="-2.891090"/>
      <trkpt lat="43.432750" lon="-2.891220"/>
      <trkpt lat="43.432760" lon="-2.891320"/>
      <trkpt lat="43.432760" lon="-2.891390"/>
      <trkpt lat="43.432760" lon="-2.891430"/>
      <trkpt lat="43.432760" lon="-2.891460"/>
      <trkpt lat="43.432760" lon="-2.891480"/>
      <trkpt lat="43.432760" lon="-2.891500"/>
      <trkpt lat="43.432750" lon="-2.891520"/>
      <trkpt lat="43.432710" lon="-2.891640"/>
      <trkpt lat="43.432700" lon="-2.891680"/>
      <trkpt lat="43.432690" lon="-2.891690"/>
      <trkpt lat="43.432570" lon="-2.892030"/>
      <trkpt lat="43.432570" lon="-2.892040"/>
      <trkpt lat="43.432530" lon="-2.892140"/>
      <trkpt lat="43.432430" lon="-2.892410"/>
      <trkpt lat="43.432390" lon="-2.892530"/>
      <trkpt lat="43.432240" lon="-2.892920"/>
      <trkpt lat="43.432230" lon="-2.892940"/>
      <trkpt lat="43.432060" lon="-2.893420"/>
      <trkpt lat="43.432060" lon="-2.893430"/>
      <trkpt lat="43.432030" lon="-2.893490"/>
      <trkpt lat="43.431880" lon="-2.893940"/>
      <trkpt lat="43.431860" lon="-2.894010"/>
      <trkpt lat="43.431850" lon="-2.894060"/>
      <trkpt lat="43.431850" lon="-2.894120"/>
      <trkpt lat="43.431850" lon="-2.894500"/>
      <trkpt lat="43.431850" lon="-2.894640"/>
      <trkpt lat="43.431850" lon="-2.894720"/>
      <trkpt lat="43.431850" lon="-2.894770"/>
      <trkpt lat="43.431850" lon="-2.894820"/>
      <trkpt lat="43.431860" lon="-2.895230"/>
      <trkpt lat="43.431870" lon="-2.895290"/>
      <trkpt lat="43.431870" lon="-2.895300"/>
      <trkpt lat="43.431870" lon="-2.895340"/>
      <trkpt lat="43.431870" lon="-2.895480"/>
      <trkpt lat="43.431880" lon="-2.895920"/>
      <trkpt lat="43.431890" lon="-2.896060"/>
      <trkpt lat="43.431900" lon="-2.896420"/>
      <trkpt lat="43.431900" lon="-2.896570"/>
      <trkpt lat="43.431900" lon="-2.896700"/>
      <trkpt lat="43.431900" lon="-2.896750"/>
      <trkpt lat="43.431870" lon="-2.896880"/>
      <trkpt lat="43.431830" lon="-2.896940"/>
      <trkpt lat="43.431800" lon="-2.896980"/>
      <trkpt lat="43.431750" lon="-2.897040"/>
      <trkpt lat="43.431680" lon="-2.897090"/>
      <trkpt lat="43.431620" lon="-2.897120"/>
      <trkpt lat="43.431430" lon="-2.897220"/>
      <trkpt lat="43.431350" lon="-2.897260"/>
      <trkpt lat="43.431130" lon="-2.897360"/>
      <trkpt lat="43.431060" lon="-2.897390"/>
      <trkpt lat="43.431030" lon="-2.897400"/>
      <trkpt lat="43.431020" lon="-2.897450"/>
      <trkpt lat="43.431010" lon="-2.897490"/>
      <trkpt lat="43.431000" lon="-2.897530"/>
      <trkpt lat="43.430970" lon="-2.897550"/>
      <trkpt lat="43.430940" lon="-2.897570"/>
      <trkpt lat="43.430910" lon="-2.897570"/>
      <trkpt lat="43.430870" lon="-2.897560"/>
      <trkpt lat="43.430840" lon="-2.897540"/>
      <trkpt lat="43.430820" lon="-2.897510"/>
      <trkpt lat="43.430790" lon="-2.897540"/>
      <trkpt lat="43.430700" lon="-2.897610"/>
      <trkpt lat="43.430540" lon="-2.897680"/>
      <trkpt lat="43.430370" lon="-2.897730"/>
      <trkpt lat="43.430320" lon="-2.897740"/>
      <trkpt lat="43.430230" lon="-2.897770"/>
      <trkpt lat="43.430040" lon="-2.897820"/>
      <trkpt lat="43.429650" lon="-2.897940"/>
      <trkpt lat="43.429380" lon="-2.898020"/>
      <trkpt lat="43.429310" lon="-2.898040"/>
      <trkpt lat="43.429290" lon="-2.898050"/>
      <trkpt lat="43.428910" lon="-2.898230"/>
      <trkpt lat="43.428660" lon="-2.898360"/>
      <trkpt lat="43.428480" lon="-2.898430"/>
      <trkpt lat="43.428140" lon="-2.898520"/>
      <trkpt lat="43.427790" lon="-2.898620"/>
      <trkpt lat="43.427540" lon="-2.898680"/>
      <trkpt lat="43.427340" lon="-2.898750"/>
      <trkpt lat="43.427150" lon="-2.898870"/>
      <trkpt lat="43.426970" lon="-2.899030"/>
      <trkpt lat="43.426680" lon="-2.899280"/>
      <trkpt lat="43.426560" lon="-2.899390"/>
      <trkpt lat="43.426230" lon="-2.899690"/>
      <trkpt lat="43.426150" lon="-2.899750"/>
      <trkpt lat="43.426020" lon="-2.899850"/>
      <trkpt lat="43.425860" lon="-2.899960"/>
      <trkpt lat="43.425690" lon="-2.900070"/>
      <trkpt lat="43.425590" lon="-2.900150"/>
      <trkpt lat="43.425490" lon="-2.900260"/>
      <trkpt lat="43.425270" lon="-2.900530"/>
      <trkpt lat="43.425190" lon="-2.900620"/>
      <trkpt lat="43.425080" lon="-2.900720"/>
      <trkpt lat="43.424900" lon="-2.900840"/>
      <trkpt lat="43.424810" lon="-2.900930"/>
      <trkpt lat="43.424690" lon="-2.901030"/>
      <trkpt lat="43.424620" lon="-2.901110"/>
      <trkpt lat="43.424560" lon="-2.901180"/>
      <trkpt lat="43.424480" lon="-2.901320"/>
      <trkpt lat="43.424440" lon="-2.901450"/>
      <trkpt lat="43.424410" lon="-2.901560"/>
      <trkpt lat="43.424410" lon="-2.901700"/>
      <trkpt lat="43.424420" lon="-2.901790"/>
      <trkpt lat="43.424470" lon="-2.901990"/>
      <trkpt lat="43.424520" lon="-2.902200"/>
      <trkpt lat="43.424520" lon="-2.902330"/>
      <trkpt lat="43.424520" lon="-2.902450"/>
      <trkpt lat="43.424490" lon="-2.902630"/>
      <trkpt lat="43.424450" lon="-2.902740"/>
      <trkpt lat="43.424370" lon="-2.902870"/>
      <trkpt lat="43.424240" lon="-2.903030"/>
      <trkpt lat="43.424030" lon="-2.903250"/>
      <trkpt lat="43.423500" lon="-2.903740"/>
      <trkpt lat="43.423290" lon="-2.903920"/>
      <trkpt lat="43.423130" lon="-2.904010"/>
      <trkpt lat="43.423030" lon="-2.904060"/>
      <trkpt lat="43.422920" lon="-2.904070"/>
      <trkpt lat="43.422830" lon="-2.904060"/>
      <trkpt lat="43.422520" lon="-2.904020"/>
      <trkpt lat="43.422420" lon="-2.904010"/>
      <trkpt lat="43.422310" lon="-2.904030"/>
      <trkpt lat="43.422200" lon="-2.904060"/>
      <trkpt lat="43.421960" lon="-2.904150"/>
      <trkpt lat="43.421650" lon="-2.904310"/>
      <trkpt lat="43.421530" lon="-2.904370"/>
      <trkpt lat="43.421420" lon="-2.904450"/>
      <trkpt lat="43.421300" lon="-2.904550"/>
      <trkpt lat="43.421190" lon="-2.904660"/>
      <trkpt lat="43.421090" lon="-2.904780"/>
      <trkpt lat="43.421000" lon="-2.904850"/>
      <trkpt lat="43.420910" lon="-2.904910"/>
      <trkpt lat="43.420820" lon="-2.904940"/>
      <trkpt lat="43.420670" lon="-2.904990"/>
      <trkpt lat="43.420530" lon="-2.905040"/>
      <trkpt lat="43.420400" lon="-2.905110"/>
      <trkpt lat="43.420270" lon="-2.905210"/>
      <trkpt lat="43.420180" lon="-2.905310"/>
      <trkpt lat="43.420110" lon="-2.905420"/>
      <trkpt lat="43.420030" lon="-2.905540"/>
      <trkpt lat="43.419970" lon="-2.905630"/>
      <trkpt lat="43.419960" lon="-2.905720"/>
      <trkpt lat="43.419890" lon="-2.905920"/>
      <trkpt lat="43.419870" lon="-2.906040"/>
      <trkpt lat="43.419860" lon="-2.906150"/>
      <trkpt lat="43.419850" lon="-2.906230"/>
      <trkpt lat="43.419910" lon="-2.906500"/>
      <trkpt lat="43.420230" lon="-2.907480"/>
      <trkpt lat="43.420440" lon="-2.908130"/>
      <trkpt lat="43.420670" lon="-2.908770"/>
      <trkpt lat="43.420860" lon="-2.909300"/>
      <trkpt lat="43.420920" lon="-2.909500"/>
      <trkpt lat="43.420950" lon="-2.909620"/>
      <trkpt lat="43.421000" lon="-2.909840"/>
      <trkpt lat="43.421030" lon="-2.910040"/>
      <trkpt lat="43.421020" lon="-2.910310"/>
      <trkpt lat="43.420960" lon="-2.910570"/>
      <trkpt lat="43.420940" lon="-2.910630"/>
      <trkpt lat="43.420930" lon="-2.910700"/>
      <trkpt lat="43.420910" lon="-2.910750"/>
      <trkpt lat="43.420840" lon="-2.910910"/>
      <trkpt lat="43.420720" lon="-2.911230"/>
      <trkpt lat="43.420650" lon="-2.911480"/>
      <trkpt lat="43.420600" lon="-2.911700"/>
      <trkpt lat="43.420590" lon="-2.911910"/>
      <trkpt lat="43.420600" lon="-2.912080"/>
      <trkpt lat="43.420600" lon="-2.912110"/>
      <trkpt lat="43.420630" lon="-2.912320"/>
      <trkpt lat="43.420650" lon="-2.912520"/>
      <trkpt lat="43.420660" lon="-2.912600"/>
      <trkpt lat="43.420680" lon="-2.912880"/>
      <trkpt lat="43.420670" lon="-2.913070"/>
      <trkpt lat="43.420630" lon="-2.913310"/>
      <trkpt lat="43.420520" lon="-2.913850"/>
      <trkpt lat="43.420460" lon="-2.914090"/>
      <trkpt lat="43.420410" lon="-2.914220"/>
      <trkpt lat="43.420360" lon="-2.914320"/>
      <trkpt lat="43.420280" lon="-2.914420"/>
      <trkpt lat="43.420210" lon="-2.914480"/>
      <trkpt lat="43.420120" lon="-2.914520"/>
      <trkpt lat="43.420020" lon="-2.914520"/>
      <trkpt lat="43.419940" lon="-2.914520"/>
      <trkpt lat="43.419570" lon="-2.914470"/>
      <trkpt lat="43.419380" lon="-2.914440"/>
      <trkpt lat="43.419240" lon="-2.914440"/>
      <trkpt lat="43.419140" lon="-2.914450"/>
      <trkpt lat="43.419040" lon="-2.914500"/>
      <trkpt lat="43.418940" lon="-2.914590"/>
      <trkpt lat="43.418840" lon="-2.914710"/>
      <trkpt lat="43.418720" lon="-2.914890"/>
      <trkpt lat="43.418640" lon="-2.915010"/>
      <trkpt lat="43.418560" lon="-2.915120"/>
      <trkpt lat="43.418440" lon="-2.915210"/>
      <trkpt lat="43.418270" lon="-2.915300"/>
      <trkpt lat="43.417920" lon="-2.915460"/>
      <trkpt lat="43.417760" lon="-2.915550"/>
      <trkpt lat="43.417630" lon="-2.915630"/>
      <trkpt lat="43.417520" lon="-2.915730"/>
      <trkpt lat="43.417260" lon="-2.916000"/>
      <trkpt lat="43.417050" lon="-2.916270"/>
      <trkpt lat="43.416970" lon="-2.916450"/>
      <trkpt lat="43.416940" lon="-2.916580"/>
      <trkpt lat="43.416930" lon="-2.916710"/>
      <trkpt lat="43.416950" lon="-2.916900"/>
      <trkpt lat="43.417000" lon="-2.917120"/>
      <trkpt lat="43.417040" lon="-2.917280"/>
      <trkpt lat="43.417100" lon="-2.917470"/>
      <trkpt lat="43.417210" lon="-2.917880"/>
      <trkpt lat="43.417230" lon="-2.918070"/>
      <trkpt lat="43.417220" lon="-2.918230"/>
      <trkpt lat="43.417180" lon="-2.918580"/>
      <trkpt lat="43.417020" lon="-2.919640"/>
      <trkpt lat="43.416980" lon="-2.919930"/>
      <trkpt lat="43.416960" lon="-2.920110"/>
      <trkpt lat="43.416950" lon="-2.920270"/>
      <trkpt lat="43.416970" lon="-2.920430"/>
      <trkpt lat="43.416990" lon="-2.920520"/>
      <trkpt lat="43.417050" lon="-2.920630"/>
      <trkpt lat="43.417110" lon="-2.920780"/>
      <trkpt lat="43.417150" lon="-2.920890"/>
      <trkpt lat="43.417160" lon="-2.920990"/>
      <trkpt lat="43.417190" lon="-2.921170"/>
      <trkpt lat="43.417210" lon="-2.921300"/>
      <trkpt lat="43.417240" lon="-2.921410"/>
      <trkpt lat="43.417280" lon="-2.921490"/>
      <trkpt lat="43.417340" lon="-2.921600"/>
      <trkpt lat="43.417390" lon="-2.921690"/>
      <trkpt lat="43.417440" lon="-2.921770"/>
      <trkpt lat="43.417490" lon="-2.921880"/>
      <trkpt lat="43.417550" lon="-2.922000"/>
      <trkpt lat="43.417610" lon="-2.922150"/>
      <trkpt lat="43.417690" lon="-2.922340"/>
      <trkpt lat="43.417750" lon="-2.922520"/>
      <trkpt lat="43.417860" lon="-2.922920"/>
      <trkpt lat="43.417980" lon="-2.923340"/>
      <trkpt lat="43.418060" lon="-2.923660"/>
      <trkpt lat="43.418120" lon="-2.923930"/>
      <trkpt lat="43.418180" lon="-2.924240"/>
      <trkpt lat="43.418210" lon="-2.924460"/>
      <trkpt lat="43.418240" lon="-2.924710"/>
      <trkpt lat="43.418260" lon="-2.924880"/>
      <trkpt lat="43.418270" lon="-2.925110"/>
      <trkpt lat="43.418270" lon="-2.925310"/>
      <trkpt lat="43.418250" lon="-2.925470"/>
      <trkpt lat="43.418210" lon="-2.925630"/>
      <trkpt lat="43.418210" lon="-2.925630"/>
      <trkpt lat="43.418170" lon="-2.925780"/>
      <trkpt lat="43.418000" lon="-2.926220"/>
      <trkpt lat="43.417940" lon="-2.926350"/>
      <trkpt lat="43.417870" lon="-2.926440"/>
      <trkpt lat="43.417790" lon="-2.926500"/>
      <trkpt lat="43.417630" lon="-2.926570"/>
      <trkpt lat="43.417530" lon="-2.926590"/>
      <trkpt lat="43.417430" lon="-2.926620"/>
      <trkpt lat="43.417200" lon="-2.926630"/>
      <trkpt lat="43.417060" lon="-2.926650"/>
      <trkpt lat="43.416990" lon="-2.926660"/>
      <trkpt lat="43.416970" lon="-2.926670"/>
      <trkpt lat="43.416370" lon="-2.926780"/>
      <trkpt lat="43.416130" lon="-2.926840"/>
      <trkpt lat="43.415970" lon="-2.926880"/>
      <trkpt lat="43.415870" lon="-2.926940"/>
      <trkpt lat="43.415790" lon="-2.927030"/>
      <trkpt lat="43.415740" lon="-2.927150"/>
      <trkpt lat="43.415730" lon="-2.927270"/>
      <trkpt lat="43.415700" lon="-2.927720"/>
      <trkpt lat="43.415690" lon="-2.927840"/>
      <trkpt lat="43.415650" lon="-2.928020"/>
      <trkpt lat="43.415430" lon="-2.928580"/>
      <trkpt lat="43.415210" lon="-2.929210"/>
      <trkpt lat="43.415010" lon="-2.929730"/>
      <trkpt lat="43.414980" lon="-2.929820"/>
      <trkpt lat="43.414970" lon="-2.929960"/>
      <trkpt lat="43.414960" lon="-2.930050"/>
      <trkpt lat="43.414980" lon="-2.930070"/>
      <trkpt lat="43.414990" lon="-2.930110"/>
      <trkpt lat="43.414990" lon="-2.930140"/>
      <trkpt lat="43.414990" lon="-2.930180"/>
      <trkpt lat="43.414980" lon="-2.930210"/>
      <trkpt lat="43.414960" lon="-2.930240"/>
      <trkpt lat="43.414940" lon="-2.930260"/>
      <trkpt lat="43.414910" lon="-2.930270"/>
      <trkpt lat="43.414880" lon="-2.930270"/>
      <trkpt lat="43.414850" lon="-2.930260"/>
      <trkpt lat="43.414830" lon="-2.930240"/>
      <trkpt lat="43.414810" lon="-2.930210"/>
      <trkpt lat="43.414800" lon="-2.930180"/>
      <trkpt lat="43.414800" lon="-2.930140"/>
      <trkpt lat="43.414800" lon="-2.930110"/>
      <trkpt lat="43.414750" lon="-2.930100"/>
      <trkpt lat="43.414630" lon="-2.930070"/>
      <trkpt lat="43.414510" lon="-2.930060"/>
      <trkpt lat="43.414370" lon="-2.930070"/>
      <trkpt lat="43.414300" lon="-2.930090"/>
      <trkpt lat="43.414200" lon="-2.930130"/>
      <trkpt lat="43.414180" lon="-2.930140"/>
      <trkpt lat="43.414100" lon="-2.930180"/>
      <trkpt lat="43.413970" lon="-2.930290"/>
      <trkpt lat="43.413950" lon="-2.930310"/>
      <trkpt lat="43.413870" lon="-2.930380"/>
      <trkpt lat="43.413640" lon="-2.930610"/>
      <trkpt lat="43.413340" lon="-2.930910"/>
      <trkpt lat="43.413130" lon="-2.931130"/>
      <trkpt lat="43.412990" lon="-2.931260"/>
      <trkpt lat="43.412850" lon="-2.931380"/>
      <trkpt lat="43.412680" lon="-2.931490"/>
      <trkpt lat="43.412470" lon="-2.931610"/>
      <trkpt lat="43.412260" lon="-2.931700"/>
      <trkpt lat="43.412230" lon="-2.931710"/>
      <trkpt lat="43.412050" lon="-2.931820"/>
      <trkpt lat="43.411900" lon="-2.931940"/>
      <trkpt lat="43.411810" lon="-2.932040"/>
      <trkpt lat="43.411720" lon="-2.932150"/>
      <trkpt lat="43.411600" lon="-2.932310"/>
      <trkpt lat="43.411540" lon="-2.932430"/>
      <trkpt lat="43.411500" lon="-2.932510"/>
      <trkpt lat="43.411400" lon="-2.932740"/>
      <trkpt lat="43.411320" lon="-2.932940"/>
      <trkpt lat="43.411270" lon="-2.933160"/>
      <trkpt lat="43.411230" lon="-2.933360"/>
      <trkpt lat="43.411190" lon="-2.933730"/>
      <trkpt lat="43.411170" lon="-2.933860"/>
      <trkpt lat="43.411160" lon="-2.933920"/>
      <trkpt lat="43.411200" lon="-2.933930"/>
      <trkpt lat="43.411230" lon="-2.933950"/>
      <trkpt lat="43.411260" lon="-2.933990"/>
      <trkpt lat="43.411270" lon="-2.934030"/>
      <trkpt lat="43.411270" lon="-2.934080"/>
      <trkpt lat="43.411270" lon="-2.934130"/>
      <trkpt lat="43.411250" lon="-2.934170"/>
      <trkpt lat="43.411240" lon="-2.934190"/>
      <trkpt lat="43.411220" lon="-2.934210"/>
      <trkpt lat="43.411190" lon="-2.934230"/>
      <trkpt lat="43.411150" lon="-2.934230"/>
      <trkpt lat="43.411110" lon="-2.934220"/>
      <trkpt lat="43.411080" lon="-2.934190"/>
      <trkpt lat="43.411050" lon="-2.934140"/>
      <trkpt lat="43.410910" lon="-2.934060"/>
      <trkpt lat="43.410590" lon="-2.933990"/>
      <trkpt lat="43.410390" lon="-2.933920"/>
      <trkpt lat="43.410190" lon="-2.933810"/>
      <trkpt lat="43.409950" lon="-2.933650"/>
      <trkpt lat="43.409460" lon="-2.933260"/>
      <trkpt lat="43.409090" lon="-2.932970"/>
      <trkpt lat="43.408820" lon="-2.932750"/>
      <trkpt lat="43.408640" lon="-2.932620"/>
      <trkpt lat="43.408550" lon="-2.932560"/>
      <trkpt lat="43.408450" lon="-2.932500"/>
      <trkpt lat="43.408340" lon="-2.932440"/>
      <trkpt lat="43.408250" lon="-2.932410"/>
      <trkpt lat="43.408120" lon="-2.932380"/>
      <trkpt lat="43.407830" lon="-2.932340"/>
      <trkpt lat="43.407260" lon="-2.932330"/>
      <trkpt lat="43.407110" lon="-2.932340"/>
      <trkpt lat="43.406800" lon="-2.932340"/>
      <trkpt lat="43.406750" lon="-2.932340"/>
      <trkpt lat="43.406560" lon="-2.932360"/>
      <trkpt lat="43.406340" lon="-2.932420"/>
      <trkpt lat="43.406240" lon="-2.932480"/>
      <trkpt lat="43.406120" lon="-2.932570"/>
      <trkpt lat="43.406050" lon="-2.932650"/>
      <trkpt lat="43.405930" lon="-2.932800"/>
      <trkpt lat="43.405610" lon="-2.933320"/>
      <trkpt lat="43.405510" lon="-2.933480"/>
      <trkpt lat="43.405400" lon="-2.933610"/>
      <trkpt lat="43.405280" lon="-2.933690"/>
      <trkpt lat="43.405190" lon="-2.933720"/>
      <trkpt lat="43.405020" lon="-2.933760"/>
      <trkpt lat="43.404940" lon="-2.933770"/>
      <trkpt lat="43.404890" lon="-2.933810"/>
      <trkpt lat="43.404830" lon="-2.933860"/>
      <trkpt lat="43.404770" lon="-2.933870"/>
      <trkpt lat="43.404700" lon="-2.933850"/>
      <trkpt lat="43.404650" lon="-2.933800"/>
      <trkpt lat="43.404620" lon="-2.933730"/>
      <trkpt lat="43.404600" lon="-2.933650"/>
      <trkpt lat="43.404600" lon="-2.933540"/>
      <trkpt lat="43.404610" lon="-2.933450"/>
      <trkpt lat="43.404630" lon="-2.933340"/>
      <trkpt lat="43.404670" lon="-2.933250"/>
      <trkpt lat="43.404730" lon="-2.933160"/>
      <trkpt lat="43.404800" lon="-2.933100"/>
      <trkpt lat="43.404860" lon="-2.933060"/>
      <trkpt lat="43.404900" lon="-2.932980"/>
      <trkpt lat="43.405000" lon="-2.932870"/>
      <trkpt lat="43.405060" lon="-2.932760"/>
      <trkpt lat="43.405110" lon="-2.932620"/>
      <trkpt lat="43.405200" lon="-2.932450"/>
      <trkpt lat="43.405320" lon="-2.932090"/>
      <trkpt lat="43.405360" lon="-2.931910"/>
      <trkpt lat="43.405390" lon="-2.931730"/>
      <trkpt lat="43.405390" lon="-2.931520"/>
      <trkpt lat="43.405390" lon="-2.931380"/>
      <trkpt lat="43.405350" lon="-2.931170"/>
      <trkpt lat="43.405310" lon="-2.930960"/>
      <trkpt lat="43.405210" lon="-2.930560"/>
      <trkpt lat="43.405110" lon="-2.930170"/>
      <trkpt lat="43.404930" lon="-2.929580"/>
      <trkpt lat="43.404760" lon="-2.929250"/>
      <trkpt lat="43.404610" lon="-2.929110"/>
      <trkpt lat="43.404430" lon="-2.929020"/>
      <trkpt lat="43.404290" lon="-2.928960"/>
      <trkpt lat="43.404210" lon="-2.928860"/>
      <trkpt lat="43.404160" lon="-2.928750"/>
      <trkpt lat="43.404110" lon="-2.928570"/>
      <trkpt lat="43.404020" lon="-2.928340"/>
      <trkpt lat="43.403880" lon="-2.928130"/>
      <trkpt lat="43.403780" lon="-2.928060"/>
      <trkpt lat="43.403650" lon="-2.928020"/>
      <trkpt lat="43.403500" lon="-2.927960"/>
      <trkpt lat="43.403390" lon="-2.927890"/>
      <trkpt lat="43.403330" lon="-2.927780"/>
      <trkpt lat="43.403220" lon="-2.927630"/>
      <trkpt lat="43.403170" lon="-2.927470"/>
      <trkpt lat="43.403100" lon="-2.927030"/>
      <trkpt lat="43.403000" lon="-2.926700"/>
      <trkpt lat="43.402860" lon="-2.926460"/>
      <trkpt lat="43.402770" lon="-2.926300"/>
      <trkpt lat="43.402660" lon="-2.926190"/>
      <trkpt lat="43.402510" lon="-2.926070"/>
      <trkpt lat="43.402340" lon="-2.925920"/>
      <trkpt lat="43.402180" lon="-2.925730"/>
      <trkpt lat="43.402090" lon="-2.925560"/>
      <trkpt lat="43.402070" lon="-2.925360"/>
      <trkpt lat="43.402070" lon="-2.925190"/>
      <trkpt lat="43.402100" lon="-2.924960"/>
      <trkpt lat="43.402070" lon="-2.924760"/>
      <trkpt lat="43.401980" lon="-2.924550"/>
      <trkpt lat="43.401860" lon="-2.924290"/>
      <trkpt lat="43.401560" lon="-2.923750"/>
      <trkpt lat="43.401310" lon="-2.923270"/>
      <trkpt lat="43.400920" lon="-2.922530"/>
      <trkpt lat="43.400630" lon="-2.921940"/>
      <trkpt lat="43.400500" lon="-2.921710"/>
      <trkpt lat="43.400410" lon="-2.921430"/>
      <trkpt lat="43.400260" lon="-2.920850"/>
      <trkpt lat="43.400080" lon="-2.920080"/>
      <trkpt lat="43.400010" lon="-2.919750"/>
      <trkpt lat="43.400010" lon="-2.919470"/>
      <trkpt lat="43.400010" lon="-2.919270"/>
      <trkpt lat="43.399990" lon="-2.919040"/>
      <trkpt lat="43.399930" lon="-2.918760"/>
      <trkpt lat="43.399790" lon="-2.918230"/>
      <trkpt lat="43.399590" lon="-2.917500"/>
      <trkpt lat="43.399550" lon="-2.917270"/>
      <trkpt lat="43.399590" lon="-2.917070"/>
      <trkpt lat="43.399650" lon="-2.916860"/>
      <trkpt lat="43.399730" lon="-2.916710"/>
      <trkpt lat="43.399810" lon="-2.916550"/>
      <trkpt lat="43.399940" lon="-2.916380"/>
      <trkpt lat="43.400050" lon="-2.916250"/>
      <trkpt lat="43.400100" lon="-2.916190"/>
      <trkpt lat="43.400180" lon="-2.916110"/>
      <trkpt lat="43.400270" lon="-2.915990"/>
      <trkpt lat="43.400290" lon="-2.915910"/>
      <trkpt lat="43.400310" lon="-2.915840"/>
      <trkpt lat="43.400310" lon="-2.915710"/>
      <trkpt lat="43.400270" lon="-2.915540"/>
      <trkpt lat="43.400120" lon="-2.914930"/>
      <trkpt lat="43.400040" lon="-2.914620"/>
      <trkpt lat="43.399990" lon="-2.914450"/>
      <trkpt lat="43.399870" lon="-2.914140"/>
      <trkpt lat="43.399710" lon="-2.913770"/>
      <trkpt lat="43.399630" lon="-2.913570"/>
      <trkpt lat="43.399570" lon="-2.913410"/>
      <trkpt lat="43.399540" lon="-2.913240"/>
      <trkpt lat="43.399530" lon="-2.913140"/>
      <trkpt lat="43.399530" lon="-2.913030"/>
      <trkpt lat="43.399550" lon="-2.912900"/>
      <trkpt lat="43.399590" lon="-2.912730"/>
      <trkpt lat="43.399630" lon="-2.912530"/>
      <trkpt lat="43.399630" lon="-2.912360"/>
      <trkpt lat="43.399610" lon="-2.912200"/>
      <trkpt lat="43.399580" lon="-2.912060"/>
      <trkpt lat="43.399520" lon="-2.911920"/>
      <trkpt lat="43.399430" lon="-2.911780"/>
      <trkpt lat="43.399310" lon="-2.911610"/>
      <trkpt lat="43.399070" lon="-2.911280"/>
      <trkpt lat="43.398970" lon="-2.911080"/>
      <trkpt lat="43.398860" lon="-2.910820"/>
      <trkpt lat="43.398710" lon="-2.910430"/>
      <trkpt lat="43.398520" lon="-2.909900"/>
      <trkpt lat="43.398460" lon="-2.909700"/>
      <trkpt lat="43.398410" lon="-2.909550"/>
      <trkpt lat="43.398300" lon="-2.909330"/>
      <trkpt lat="43.398200" lon="-2.909170"/>
      <trkpt lat="43.398100" lon="-2.909000"/>
      <trkpt lat="43.398010" lon="-2.908790"/>
      <trkpt lat="43.397980" lon="-2.908720"/>
      <trkpt lat="43.397950" lon="-2.908640"/>
      <trkpt lat="43.397910" lon="-2.908550"/>
      <trkpt lat="43.397800" lon="-2.908300"/>
      <trkpt lat="43.397760" lon="-2.908210"/>
      <trkpt lat="43.397680" lon="-2.908000"/>
      <trkpt lat="43.397630" lon="-2.907850"/>
      <trkpt lat="43.397590" lon="-2.907690"/>
      <trkpt lat="43.397500" lon="-2.907270"/>
      <trkpt lat="43.397480" lon="-2.907160"/>
      <trkpt lat="43.397460" lon="-2.907040"/>
      <trkpt lat="43.397450" lon="-2.906960"/>
      <trkpt lat="43.397400" lon="-2.906950"/>
      <trkpt lat="43.397360" lon="-2.906920"/>
      <trkpt lat="43.397320" lon="-2.906870"/>
      <trkpt lat="43.397300" lon="-2.906810"/>
      <trkpt lat="43.397300" lon="-2.906750"/>
      <trkpt lat="43.397300" lon="-2.906690"/>
      <trkpt lat="43.397320" lon="-2.906640"/>
      <trkpt lat="43.397350" lon="-2.906590"/>
      <trkpt lat="43.397270" lon="-2.906390"/>
      <trkpt lat="43.397000" lon="-2.905790"/>
      <trkpt lat="43.396650" lon="-2.905030"/>
      <trkpt lat="43.396400" lon="-2.904480"/>
      <trkpt lat="43.396340" lon="-2.904320"/>
      <trkpt lat="43.396300" lon="-2.904180"/>
      <trkpt lat="43.396270" lon="-2.904040"/>
      <trkpt lat="43.396240" lon="-2.903820"/>
      <trkpt lat="43.396110" lon="-2.902540"/>
      <trkpt lat="43.396090" lon="-2.902290"/>
      <trkpt lat="43.396050" lon="-2.902050"/>
      <trkpt lat="43.396030" lon="-2.901950"/>
      <trkpt lat="43.396000" lon="-2.901860"/>
      <trkpt lat="43.395930" lon="-2.901720"/>
      <trkpt lat="43.395830" lon="-2.901580"/>
      <trkpt lat="43.395690" lon="-2.901430"/>
      <trkpt lat="43.395530" lon="-2.901280"/>
      <trkpt lat="43.395380" lon="-2.901160"/>
      <trkpt lat="43.395220" lon="-2.901060"/>
      <trkpt lat="43.395110" lon="-2.900990"/>
      <trkpt lat="43.394970" lon="-2.900890"/>
      <trkpt lat="43.394870" lon="-2.900790"/>
      <trkpt lat="43.394750" lon="-2.900630"/>
      <trkpt lat="43.394640" lon="-2.900470"/>
      <trkpt lat="43.394550" lon="-2.900320"/>
      <trkpt lat="43.394400" lon="-2.900050"/>
      <trkpt lat="43.394330" lon="-2.899910"/>
      <trkpt lat="43.394270" lon="-2.899750"/>
      <trkpt lat="43.394220" lon="-2.899550"/>
      <trkpt lat="43.394180" lon="-2.899370"/>
      <trkpt lat="43.394120" lon="-2.898970"/>
      <trkpt lat="43.394080" lon="-2.898700"/>
      <trkpt lat="43.394070" lon="-2.898550"/>
      <trkpt lat="43.394090" lon="-2.898430"/>
      <trkpt lat="43.394120" lon="-2.898280"/>
      <trkpt lat="43.394170" lon="-2.898130"/>
      <trkpt lat="43.394210" lon="-2.898000"/>
      <trkpt lat="43.394220" lon="-2.897830"/>
      <trkpt lat="43.394250" lon="-2.897250"/>
      <trkpt lat="43.394250" lon="-2.897140"/>
      <trkpt lat="43.394240" lon="-2.897040"/>
      <trkpt lat="43.394190" lon="-2.896930"/>
      <trkpt lat="43.394130" lon="-2.896860"/>
      <trkpt lat="43.394060" lon="-2.896820"/>
      <trkpt lat="43.393870" lon="-2.896730"/>
      <trkpt lat="43.393750" lon="-2.896660"/>
      <trkpt lat="43.393680" lon="-2.896580"/>
      <trkpt lat="43.393580" lon="-2.896470"/>
      <trkpt lat="43.393510" lon="-2.896340"/>
      <trkpt lat="43.393440" lon="-2.896210"/>
      <trkpt lat="43.393360" lon="-2.896000"/>
      <trkpt lat="43.393290" lon="-2.895850"/>
      <trkpt lat="43.393210" lon="-2.895750"/>
      <trkpt lat="43.393160" lon="-2.895700"/>
      <trkpt lat="43.392930" lon="-2.895590"/>
      <trkpt lat="43.392830" lon="-2.895520"/>
      <trkpt lat="43.392760" lon="-2.895420"/>
      <trkpt lat="43.392670" lon="-2.895270"/>
      <trkpt lat="43.392570" lon="-2.895070"/>
      <trkpt lat="43.392510" lon="-2.894890"/>
      <trkpt lat="43.392410" lon="-2.894610"/>
      <trkpt lat="43.392370" lon="-2.894410"/>
      <trkpt lat="43.392280" lon="-2.894010"/>
      <trkpt lat="43.392200" lon="-2.893750"/>
      <trkpt lat="43.392120" lon="-2.893450"/>
      <trkpt lat="43.392100" lon="-2.893300"/>
      <trkpt lat="43.392100" lon="-2.893170"/>
      <trkpt lat="43.392130" lon="-2.893070"/>
      <trkpt lat="43.392180" lon="-2.892960"/>
      <trkpt lat="43.392240" lon="-2.892880"/>
      <trkpt lat="43.392330" lon="-2.892810"/>
      <trkpt lat="43.392500" lon="-2.892690"/>
      <trkpt lat="43.392730" lon="-2.892540"/>
      <trkpt lat="43.393160" lon="-2.892280"/>
      <trkpt lat="43.393340" lon="-2.892170"/>
      <trkpt lat="43.393420" lon="-2.892110"/>
      <trkpt lat="43.393480" lon="-2.892050"/>
      <trkpt lat="43.393520" lon="-2.891960"/>
      <trkpt lat="43.393540" lon="-2.891840"/>
      <trkpt lat="43.393530" lon="-2.891720"/>
      <trkpt lat="43.393500" lon="-2.891620"/>
      <trkpt lat="43.393440" lon="-2.891560"/>
      <trkpt lat="43.393390" lon="-2.891520"/>
      <trkpt lat="43.393300" lon="-2.891500"/>
      <trkpt lat="43.393200" lon="-2.891530"/>
      <trkpt lat="43.392370" lon="-2.891760"/>
      <trkpt lat="43.392320" lon="-2.891780"/>
      <trkpt lat="43.392170" lon="-2.891830"/>
      <trkpt lat="43.392010" lon="-2.891900"/>
      <trkpt lat="43.391680" lon="-2.892090"/>
      <trkpt lat="43.391350" lon="-2.892280"/>
      <trkpt lat="43.391190" lon="-2.892330"/>
      <trkpt lat="43.391080" lon="-2.892340"/>
      <trkpt lat="43.390960" lon="-2.892340"/>
      <trkpt lat="43.390840" lon="-2.892320"/>
      <trkpt lat="43.390590" lon="-2.892250"/>
      <trkpt lat="43.390300" lon="-2.892140"/>
      <trkpt lat="43.390070" lon="-2.892010"/>
      <trkpt lat="43.389920" lon="-2.891900"/>
      <trkpt lat="43.389760" lon="-2.891750"/>
      <trkpt lat="43.389650" lon="-2.891630"/>
      <trkpt lat="43.389540" lon="-2.891440"/>
      <trkpt lat="43.389400" lon="-2.891140"/>
      <trkpt lat="43.389250" lon="-2.890750"/>
      <trkpt lat="43.389190" lon="-2.890540"/>
      <trkpt lat="43.389130" lon="-2.890280"/>
      <trkpt lat="43.389110" lon="-2.890180"/>
      <trkpt lat="43.389080" lon="-2.890070"/>
      <trkpt lat="43.389060" lon="-2.890020"/>
      <trkpt lat="43.389000" lon="-2.889910"/>
      <trkpt lat="43.388850" lon="-2.889630"/>
      <trkpt lat="43.388800" lon="-2.889510"/>
      <trkpt lat="43.388770" lon="-2.889340"/>
      <trkpt lat="43.388740" lon="-2.889110"/>
      <trkpt lat="43.388720" lon="-2.888850"/>
      <trkpt lat="43.388690" lon="-2.888670"/>
      <trkpt lat="43.388620" lon="-2.888440"/>
      <trkpt lat="43.388500" lon="-2.888190"/>
      <trkpt lat="43.388300" lon="-2.887800"/>
      <trkpt lat="43.388050" lon="-2.887290"/>
      <trkpt lat="43.387810" lon="-2.886820"/>
      <trkpt lat="43.387660" lon="-2.886480"/>
      <trkpt lat="43.387560" lon="-2.886190"/>
      <trkpt lat="43.387420" lon="-2.885730"/>
      <trkpt lat="43.387320" lon="-2.885290"/>
      <trkpt lat="43.387190" lon="-2.884700"/>
      <trkpt lat="43.387130" lon="-2.884430"/>
      <trkpt lat="43.387080" lon="-2.884280"/>
      <trkpt lat="43.387020" lon="-2.884120"/>
      <trkpt lat="43.386940" lon="-2.883980"/>
      <trkpt lat="43.386810" lon="-2.883800"/>
      <trkpt lat="43.386650" lon="-2.883610"/>
      <trkpt lat="43.386390" lon="-2.883370"/>
      <trkpt lat="43.386200" lon="-2.883190"/>
      <trkpt lat="43.386070" lon="-2.883040"/>
      <trkpt lat="43.385850" lon="-2.882750"/>
      <trkpt lat="43.385530" lon="-2.882330"/>
      <trkpt lat="43.385300" lon="-2.882040"/>
      <trkpt lat="43.385220" lon="-2.881810"/>
      <trkpt lat="43.385150" lon="-2.881530"/>
      <trkpt lat="43.385100" lon="-2.881220"/>
      <trkpt lat="43.385090" lon="-2.880900"/>
      <trkpt lat="43.385090" lon="-2.880600"/>
      <trkpt lat="43.385090" lon="-2.880500"/>
      <trkpt lat="43.385090" lon="-2.880400"/>
      <trkpt lat="43.385080" lon="-2.880220"/>
      <trkpt lat="43.385060" lon="-2.880060"/>
      <trkpt lat="43.385010" lon="-2.879830"/>
      <trkpt lat="43.384940" lon="-2.879560"/>
      <trkpt lat="43.384890" lon="-2.879360"/>
      <trkpt lat="43.384830" lon="-2.879130"/>
      <trkpt lat="43.384750" lon="-2.878910"/>
      <trkpt lat="43.384690" lon="-2.878720"/>
      <trkpt lat="43.384590" lon="-2.878520"/>
      <trkpt lat="43.384550" lon="-2.878430"/>
      <trkpt lat="43.384490" lon="-2.878320"/>
      <trkpt lat="43.384360" lon="-2.878110"/>
      <trkpt lat="43.384110" lon="-2.877850"/>
      <trkpt lat="43.383930" lon="-2.877690"/>
      <trkpt lat="43.383800" lon="-2.877540"/>
      <trkpt lat="43.383730" lon="-2.877590"/>
      <trkpt lat="43.383660" lon="-2.877600"/>
      <trkpt lat="43.383600" lon="-2.877580"/>
      <trkpt lat="43.383550" lon="-2.877560"/>
      <trkpt lat="43.383490" lon="-2.877490"/>
      <trkpt lat="43.383450" lon="-2.877440"/>
      <trkpt lat="43.383410" lon="-2.877340"/>
      <trkpt lat="43.383400" lon="-2.877260"/>
      <trkpt lat="43.383400" lon="-2.877180"/>
      <trkpt lat="43.383430" lon="-2.877100"/>
      <trkpt lat="43.383310" lon="-2.876950"/>
      <trkpt lat="43.383190" lon="-2.876810"/>
      <trkpt lat="43.383100" lon="-2.876700"/>
      <trkpt lat="43.382920" lon="-2.876500"/>
      <trkpt lat="43.382610" lon="-2.876110"/>
      <trkpt lat="43.382380" lon="-2.875800"/>
      <trkpt lat="43.382270" lon="-2.875650"/>
      <trkpt lat="43.382110" lon="-2.875400"/>
      <trkpt lat="43.381990" lon="-2.875150"/>
      <trkpt lat="43.381920" lon="-2.874960"/>
      <trkpt lat="43.381880" lon="-2.874860"/>
      <trkpt lat="43.381840" lon="-2.874730"/>
      <trkpt lat="43.381810" lon="-2.874610"/>
      <trkpt lat="43.381770" lon="-2.874450"/>
      <trkpt lat="43.381740" lon="-2.874290"/>
      <trkpt lat="43.381730" lon="-2.874180"/>
      <trkpt lat="43.381710" lon="-2.873940"/>
      <trkpt lat="43.381700" lon="-2.873770"/>
      <trkpt lat="43.381710" lon="-2.873510"/>
      <trkpt lat="43.381740" lon="-2.873160"/>
      <trkpt lat="43.381820" lon="-2.872230"/>
      <trkpt lat="43.381850" lon="-2.871820"/>
      <trkpt lat="43.381860" lon="-2.871610"/>
      <trkpt lat="43.381860" lon="-2.871440"/>
      <trkpt lat="43.381850" lon="-2.871280"/>
      <trkpt lat="43.381840" lon="-2.871110"/>
      <trkpt lat="43.381820" lon="-2.870950"/>
      <trkpt lat="43.381800" lon="-2.870800"/>
      <trkpt lat="43.381760" lon="-2.870620"/>
      <trkpt lat="43.381710" lon="-2.870410"/>
      <trkpt lat="43.381650" lon="-2.870200"/>
      <trkpt lat="43.381590" lon="-2.870030"/>
      <trkpt lat="43.381540" lon="-2.869940"/>
      <trkpt lat="43.381480" lon="-2.869870"/>
      <trkpt lat="43.381420" lon="-2.869800"/>
      <trkpt lat="43.381390" lon="-2.869840"/>
      <trkpt lat="43.381350" lon="-2.869860"/>
      <trkpt lat="43.381310" lon="-2.869860"/>
      <trkpt lat="43.381270" lon="-2.869850"/>
      <trkpt lat="43.381240" lon="-2.869830"/>
      <trkpt lat="43.381210" lon="-2.869790"/>
      <trkpt lat="43.381190" lon="-2.869740"/>
      <trkpt lat="43.381180" lon="-2.869680"/>
      <trkpt lat="43.381190" lon="-2.869630"/>
      <trkpt lat="43.381200" lon="-2.869580"/>
      <trkpt lat="43.381230" lon="-2.869530"/>
      <trkpt lat="43.381260" lon="-2.869500"/>
      <trkpt lat="43.381300" lon="-2.869480"/>
      <trkpt lat="43.381350" lon="-2.869490"/>
      <trkpt lat="43.381390" lon="-2.869510"/>
      <trkpt lat="43.381430" lon="-2.869550"/>
      <trkpt lat="43.381470" lon="-2.869500"/>
      <trkpt lat="43.381530" lon="-2.869470"/>
      <trkpt lat="43.381580" lon="-2.869460"/>
      <trkpt lat="43.381640" lon="-2.869470"/>
      <trkpt lat="43.381730" lon="-2.869550"/>
      <trkpt lat="43.381850" lon="-2.869650"/>
      <trkpt lat="43.381970" lon="-2.869730"/>
      <trkpt lat="43.382090" lon="-2.869800"/>
      <trkpt lat="43.382160" lon="-2.869850"/>
      <trkpt lat="43.382330" lon="-2.869900"/>
      <trkpt lat="43.382660" lon="-2.870000"/>
      <trkpt lat="43.382660" lon="-2.869920"/>
      <trkpt lat="43.382660" lon="-2.869910"/>
      <trkpt lat="43.382610" lon="-2.869750"/>
      <trkpt lat="43.382570" lon="-2.869600"/>
      <trkpt lat="43.382590" lon="-2.869380"/>
      <trkpt lat="43.382630" lon="-2.869180"/>
      <trkpt lat="43.382680" lon="-2.868990"/>
      <trkpt lat="43.382790" lon="-2.868680"/>
      <trkpt lat="43.382890" lon="-2.868410"/>
      <trkpt lat="43.382950" lon="-2.868220"/>
      <trkpt lat="43.383010" lon="-2.867900"/>
      <trkpt lat="43.383030" lon="-2.867820"/>
      <trkpt lat="43.383120" lon="-2.867330"/>
      <trkpt lat="43.383150" lon="-2.867170"/>
      <trkpt lat="43.383270" lon="-2.866620"/>
      <trkpt lat="43.383380" lon="-2.866270"/>
      <trkpt lat="43.383410" lon="-2.866110"/>
      <trkpt lat="43.383400" lon="-2.865960"/>
      <trkpt lat="43.383380" lon="-2.865830"/>
      <trkpt lat="43.383340" lon="-2.865750"/>
      <trkpt lat="43.383300" lon="-2.865710"/>
      <trkpt lat="43.383280" lon="-2.865660"/>
      <trkpt lat="43.383270" lon="-2.865580"/>
      <trkpt lat="43.383260" lon="-2.865490"/>
      <trkpt lat="43.383250" lon="-2.865150"/>
      <trkpt lat="43.383250" lon="-2.864930"/>
      <trkpt lat="43.383270" lon="-2.864790"/>
      <trkpt lat="43.383350" lon="-2.864330"/>
      <trkpt lat="43.383380" lon="-2.864130"/>
      <trkpt lat="43.383420" lon="-2.863930"/>
      <trkpt lat="43.383440" lon="-2.863860"/>
      <trkpt lat="43.383470" lon="-2.863790"/>
      <trkpt lat="43.383540" lon="-2.863700"/>
      <trkpt lat="43.383900" lon="-2.863320"/>
      <trkpt lat="43.383940" lon="-2.863270"/>
      <trkpt lat="43.383960" lon="-2.863210"/>
      <trkpt lat="43.383970" lon="-2.863120"/>
      <trkpt lat="43.383970" lon="-2.863000"/>
      <trkpt lat="43.383950" lon="-2.862630"/>
      <trkpt lat="43.383930" lon="-2.862300"/>
      <trkpt lat="43.383930" lon="-2.862270"/>
      <trkpt lat="43.383930" lon="-2.862060"/>
      <trkpt lat="43.383930" lon="-2.861790"/>
      <trkpt lat="43.383940" lon="-2.861660"/>
      <trkpt lat="43.383960" lon="-2.861510"/>
      <trkpt lat="43.384040" lon="-2.861000"/>
      <trkpt lat="43.384050" lon="-2.860940"/>
      <trkpt lat="43.384100" lon="-2.860580"/>
      <trkpt lat="43.384110" lon="-2.860480"/>
      <trkpt lat="43.384120" lon="-2.860410"/>
      <trkpt lat="43.384280" lon="-2.859330"/>
      <trkpt lat="43.384340" lon="-2.858900"/>
      <trkpt lat="43.384380" lon="-2.858640"/>
      <trkpt lat="43.384620" lon="-2.857240"/>
      <trkpt lat="43.384710" lon="-2.856730"/>
      <trkpt lat="43.384760" lon="-2.856480"/>
      <trkpt lat="43.384800" lon="-2.856300"/>
      <trkpt lat="43.384870" lon="-2.856090"/>
      <trkpt lat="43.384980" lon="-2.855790"/>
      <trkpt lat="43.385000" lon="-2.855690"/>
      <trkpt lat="43.385020" lon="-2.855560"/>
      <trkpt lat="43.385010" lon="-2.855460"/>
      <trkpt lat="43.384980" lon="-2.855230"/>
      <trkpt lat="43.384920" lon="-2.854860"/>
      <trkpt lat="43.384860" lon="-2.854470"/>
      <trkpt lat="43.384800" lon="-2.854160"/>
      <trkpt lat="43.384720" lon="-2.853870"/>
      <trkpt lat="43.384650" lon="-2.853580"/>
      <trkpt lat="43.384510" lon="-2.853140"/>
      <trkpt lat="43.384460" lon="-2.852980"/>
      <trkpt lat="43.384300" lon="-2.852480"/>
      <trkpt lat="43.384260" lon="-2.852310"/>
      <trkpt lat="43.384240" lon="-2.852180"/>
      <trkpt lat="43.384230" lon="-2.852070"/>
      <trkpt lat="43.384240" lon="-2.851980"/>
      <trkpt lat="43.384270" lon="-2.851880"/>
      <trkpt lat="43.384320" lon="-2.851770"/>
      <trkpt lat="43.384470" lon="-2.851520"/>
      <trkpt lat="43.384510" lon="-2.851450"/>
      <trkpt lat="43.384680" lon="-2.851190"/>
      <trkpt lat="43.384740" lon="-2.851120"/>
      <trkpt lat="43.384800" lon="-2.851060"/>
      <trkpt lat="43.384920" lon="-2.850940"/>
      <trkpt lat="43.384990" lon="-2.850880"/>
      <trkpt lat="43.385180" lon="-2.850730"/>
      <trkpt lat="43.385310" lon="-2.850650"/>
      <trkpt lat="43.385420" lon="-2.850580"/>
      <trkpt lat="43.385480" lon="-2.850510"/>
      <trkpt lat="43.385520" lon="-2.850440"/>
      <trkpt lat="43.385550" lon="-2.850370"/>
      <trkpt lat="43.385580" lon="-2.850290"/>
      <trkpt lat="43.385700" lon="-2.849840"/>
      <trkpt lat="43.385770" lon="-2.849590"/>
      <trkpt lat="43.385820" lon="-2.849370"/>
      <trkpt lat="43.385830" lon="-2.849240"/>
      <trkpt lat="43.385840" lon="-2.849100"/>
      <trkpt lat="43.385840" lon="-2.848980"/>
      <trkpt lat="43.385820" lon="-2.848810"/>
      <trkpt lat="43.385560" lon="-2.847600"/>
      <trkpt lat="43.385540" lon="-2.847450"/>
      <trkpt lat="43.385510" lon="-2.847280"/>
      <trkpt lat="43.385510" lon="-2.847200"/>
      <trkpt lat="43.385520" lon="-2.847120"/>
      <trkpt lat="43.385530" lon="-2.846980"/>
      <trkpt lat="43.385610" lon="-2.846400"/>
      <trkpt lat="43.385660" lon="-2.846020"/>
      <trkpt lat="43.385740" lon="-2.845320"/>
      <trkpt lat="43.385970" lon="-2.843560"/>
      <trkpt lat="43.386080" lon="-2.842640"/>
      <trkpt lat="43.386090" lon="-2.842360"/>
      <trkpt lat="43.386070" lon="-2.842120"/>
      <trkpt lat="43.386000" lon="-2.841560"/>
      <trkpt lat="43.385890" lon="-2.840700"/>
      <trkpt lat="43.385780" lon="-2.839900"/>
      <trkpt lat="43.385770" lon="-2.839720"/>
      <trkpt lat="43.385770" lon="-2.839650"/>
      <trkpt lat="43.385780" lon="-2.839450"/>
      <trkpt lat="43.385790" lon="-2.839280"/>
      <trkpt lat="43.385840" lon="-2.838810"/>
      <trkpt lat="43.385860" lon="-2.838600"/>
      <trkpt lat="43.385850" lon="-2.838450"/>
      <trkpt lat="43.385830" lon="-2.838320"/>
      <trkpt lat="43.385790" lon="-2.838160"/>
      <trkpt lat="43.385690" lon="-2.837860"/>
      <trkpt lat="43.385600" lon="-2.837610"/>
      <trkpt lat="43.385540" lon="-2.837470"/>
      <trkpt lat="43.385380" lon="-2.837170"/>
      <trkpt lat="43.385300" lon="-2.837050"/>
      <trkpt lat="43.385240" lon="-2.836980"/>
      <trkpt lat="43.385170" lon="-2.836900"/>
      <trkpt lat="43.385070" lon="-2.836860"/>
      <trkpt lat="43.384900" lon="-2.836810"/>
      <trkpt lat="43.384300" lon="-2.836680"/>
      <trkpt lat="43.384180" lon="-2.836630"/>
      <trkpt lat="43.384100" lon="-2.836580"/>
      <trkpt lat="43.384010" lon="-2.836510"/>
      <trkpt lat="43.383900" lon="-2.836370"/>
      <trkpt lat="43.383840" lon="-2.836270"/>
      <trkpt lat="43.383800" lon="-2.836140"/>
      <trkpt lat="43.383760" lon="-2.836030"/>
      <trkpt lat="43.383740" lon="-2.835890"/>
      <trkpt lat="43.383730" lon="-2.835730"/>
      <trkpt lat="43.383700" lon="-2.835010"/>
      <trkpt lat="43.383690" lon="-2.834830"/>
      <trkpt lat="43.383690" lon="-2.834500"/>
      <trkpt lat="43.383700" lon="-2.834350"/>
      <trkpt lat="43.383710" lon="-2.834230"/>
      <trkpt lat="43.383770" lon="-2.833730"/>
      <trkpt lat="43.383790" lon="-2.833590"/>
      <trkpt lat="43.383790" lon="-2.833470"/>
      <trkpt lat="43.383780" lon="-2.833380"/>
      <trkpt lat="43.383760" lon="-2.833290"/>
      <trkpt lat="43.383720" lon="-2.833190"/>
      <trkpt lat="43.383680" lon="-2.833090"/>
      <trkpt lat="43.383610" lon="-2.832950"/>
      <trkpt lat="43.383550" lon="-2.832860"/>
      <trkpt lat="43.383400" lon="-2.832660"/>
      <trkpt lat="43.383050" lon="-2.832210"/>
      <trkpt lat="43.382760" lon="-2.831800"/>
      <trkpt lat="43.382670" lon="-2.831690"/>
      <trkpt lat="43.382580" lon="-2.831600"/>
      <trkpt lat="43.382490" lon="-2.831520"/>
      <trkpt lat="43.382400" lon="-2.831460"/>
      <trkpt lat="43.382090" lon="-2.831310"/>
      <trkpt lat="43.382010" lon="-2.831260"/>
      <trkpt lat="43.381950" lon="-2.831210"/>
      <trkpt lat="43.381870" lon="-2.831130"/>
      <trkpt lat="43.381820" lon="-2.831070"/>
      <trkpt lat="43.381760" lon="-2.830990"/>
      <trkpt lat="43.381490" lon="-2.830590"/>
      <trkpt lat="43.381390" lon="-2.830440"/>
      <trkpt lat="43.381330" lon="-2.830370"/>
      <trkpt lat="43.381250" lon="-2.830270"/>
      <trkpt lat="43.381170" lon="-2.830180"/>
      <trkpt lat="43.381030" lon="-2.830060"/>
      <trkpt lat="43.380950" lon="-2.829990"/>
      <trkpt lat="43.380820" lon="-2.829900"/>
      <trkpt lat="43.380730" lon="-2.829820"/>
      <trkpt lat="43.380670" lon="-2.829750"/>
      <trkpt lat="43.380630" lon="-2.829700"/>
      <trkpt lat="43.380580" lon="-2.829600"/>
      <trkpt lat="43.380550" lon="-2.829510"/>
      <trkpt lat="43.380530" lon="-2.829410"/>
      <trkpt lat="43.380470" lon="-2.829120"/>
      <trkpt lat="43.380440" lon="-2.829020"/>
      <trkpt lat="43.380390" lon="-2.828900"/>
      <trkpt lat="43.380340" lon="-2.828780"/>
      <trkpt lat="43.380300" lon="-2.828700"/>
      <trkpt lat="43.380250" lon="-2.828610"/>
      <trkpt lat="43.380190" lon="-2.828520"/>
      <trkpt lat="43.380140" lon="-2.828440"/>
      <trkpt lat="43.380080" lon="-2.828370"/>
      <trkpt lat="43.380000" lon="-2.828270"/>
      <trkpt lat="43.379930" lon="-2.828220"/>
      <trkpt lat="43.379840" lon="-2.828180"/>
      <trkpt lat="43.379600" lon="-2.828100"/>
      <trkpt lat="43.379500" lon="-2.828070"/>
      <trkpt lat="43.379410" lon="-2.828000"/>
      <trkpt lat="43.379330" lon="-2.827900"/>
      <trkpt lat="43.379320" lon="-2.827890"/>
      <trkpt lat="43.379230" lon="-2.827770"/>
      <trkpt lat="43.379110" lon="-2.827620"/>
      <trkpt lat="43.378980" lon="-2.827480"/>
      <trkpt lat="43.378870" lon="-2.827390"/>
      <trkpt lat="43.378560" lon="-2.827210"/>
      <trkpt lat="43.378480" lon="-2.827140"/>
      <trkpt lat="43.378400" lon="-2.827060"/>
      <trkpt lat="43.378100" lon="-2.826680"/>
      <trkpt lat="43.377900" lon="-2.826420"/>
      <trkpt lat="43.377640" lon="-2.826080"/>
      <trkpt lat="43.377510" lon="-2.825910"/>
      <trkpt lat="43.377460" lon="-2.825850"/>
      <trkpt lat="43.377390" lon="-2.825780"/>
      <trkpt lat="43.377330" lon="-2.825730"/>
      <trkpt lat="43.377030" lon="-2.825530"/>
      <trkpt lat="43.376970" lon="-2.825500"/>
      <trkpt lat="43.376780" lon="-2.825380"/>
      <trkpt lat="43.376720" lon="-2.825350"/>
      <trkpt lat="43.376660" lon="-2.825320"/>
      <trkpt lat="43.376580" lon="-2.825310"/>
      <trkpt lat="43.376490" lon="-2.825310"/>
      <trkpt lat="43.376480" lon="-2.824800"/>
      <trkpt lat="43.376480" lon="-2.824700"/>
      <trkpt lat="43.376470" lon="-2.824660"/>
      <trkpt lat="43.376450" lon="-2.824130"/>
      <trkpt lat="43.376440" lon="-2.823990"/>
      <trkpt lat="43.376420" lon="-2.823770"/>
      <trkpt lat="43.376390" lon="-2.823610"/>
      <trkpt lat="43.376380" lon="-2.823540"/>
      <trkpt lat="43.376360" lon="-2.823480"/>
      <trkpt lat="43.376320" lon="-2.823380"/>
      <trkpt lat="43.376270" lon="-2.823300"/>
      <trkpt lat="43.376150" lon="-2.823120"/>
      <trkpt lat="43.375950" lon="-2.822900"/>
      <trkpt lat="43.375850" lon="-2.822820"/>
      <trkpt lat="43.375630" lon="-2.822680"/>
      <trkpt lat="43.375580" lon="-2.822630"/>
      <trkpt lat="43.375540" lon="-2.822600"/>
      <trkpt lat="43.375420" lon="-2.822480"/>
      <trkpt lat="43.375320" lon="-2.822410"/>
      <trkpt lat="43.375210" lon="-2.822330"/>
      <trkpt lat="43.375140" lon="-2.822260"/>
      <trkpt lat="43.375070" lon="-2.822180"/>
      <trkpt lat="43.375020" lon="-2.822090"/>
      <trkpt lat="43.374960" lon="-2.821960"/>
      <trkpt lat="43.374870" lon="-2.821780"/>
      <trkpt lat="43.374820" lon="-2.821640"/>
      <trkpt lat="43.374790" lon="-2.821550"/>
      <trkpt lat="43.374750" lon="-2.821480"/>
      <trkpt lat="43.374710" lon="-2.821420"/>
      <trkpt lat="43.374660" lon="-2.821360"/>
      <trkpt lat="43.374570" lon="-2.821270"/>
      <trkpt lat="43.374500" lon="-2.821210"/>
      <trkpt lat="43.374360" lon="-2.821090"/>
      <trkpt lat="43.374240" lon="-2.820980"/>
      <trkpt lat="43.374140" lon="-2.820870"/>
      <trkpt lat="43.374080" lon="-2.820780"/>
      <trkpt lat="43.374050" lon="-2.820710"/>
      <trkpt lat="43.374040" lon="-2.820640"/>
      <trkpt lat="43.374030" lon="-2.820530"/>
      <trkpt lat="43.374030" lon="-2.820240"/>
      <trkpt lat="43.374010" lon="-2.820150"/>
      <trkpt lat="43.373990" lon="-2.820040"/>
      <trkpt lat="43.373960" lon="-2.819940"/>
      <trkpt lat="43.373810" lon="-2.819650"/>
      <trkpt lat="43.373730" lon="-2.819440"/>
      <trkpt lat="43.373670" lon="-2.819240"/>
      <trkpt lat="43.373550" lon="-2.818970"/>
      <trkpt lat="43.373480" lon="-2.818840"/>
      <trkpt lat="43.373280" lon="-2.818620"/>
      <trkpt lat="43.373260" lon="-2.818590"/>
      <trkpt lat="43.373140" lon="-2.818420"/>
      <trkpt lat="43.373030" lon="-2.818110"/>
      <trkpt lat="43.372950" lon="-2.817830"/>
      <trkpt lat="43.372930" lon="-2.817710"/>
      <trkpt lat="43.372910" lon="-2.817520"/>
      <trkpt lat="43.372910" lon="-2.817340"/>
      <trkpt lat="43.372910" lon="-2.816990"/>
      <trkpt lat="43.372920" lon="-2.816530"/>
      <trkpt lat="43.372950" lon="-2.816170"/>
      <trkpt lat="43.372980" lon="-2.815940"/>
      <trkpt lat="43.372970" lon="-2.815740"/>
      <trkpt lat="43.372940" lon="-2.815620"/>
      <trkpt lat="43.372920" lon="-2.815520"/>
      <trkpt lat="43.372750" lon="-2.815020"/>
      <trkpt lat="43.372730" lon="-2.814930"/>
      <trkpt lat="43.372690" lon="-2.814770"/>
      <trkpt lat="43.372680" lon="-2.814670"/>
      <trkpt lat="43.372710" lon="-2.814580"/>
      <trkpt lat="43.372760" lon="-2.814340"/>
      <trkpt lat="43.372760" lon="-2.814280"/>
      <trkpt lat="43.372730" lon="-2.814230"/>
      <trkpt lat="43.372690" lon="-2.814180"/>
      <trkpt lat="43.372650" lon="-2.814170"/>
      <trkpt lat="43.372560" lon="-2.814170"/>
      <trkpt lat="43.372500" lon="-2.814180"/>
      <trkpt lat="43.372400" lon="-2.814220"/>
      <trkpt lat="43.372360" lon="-2.814260"/>
      <trkpt lat="43.372320" lon="-2.814270"/>
      <trkpt lat="43.372260" lon="-2.814270"/>
      <trkpt lat="43.372090" lon="-2.814140"/>
      <trkpt lat="43.372000" lon="-2.814070"/>
      <trkpt lat="43.371920" lon="-2.814050"/>
      <trkpt lat="43.371830" lon="-2.814030"/>
      <trkpt lat="43.371630" lon="-2.813990"/>
      <trkpt lat="43.371480" lon="-2.813920"/>
      <trkpt lat="43.371390" lon="-2.813860"/>
      <trkpt lat="43.371320" lon="-2.813810"/>
      <trkpt lat="43.371210" lon="-2.813720"/>
      <trkpt lat="43.370890" lon="-2.813500"/>
      <trkpt lat="43.370530" lon="-2.813280"/>
      <trkpt lat="43.370320" lon="-2.813160"/>
      <trkpt lat="43.370240" lon="-2.813090"/>
      <trkpt lat="43.370150" lon="-2.813000"/>
      <trkpt lat="43.370050" lon="-2.812840"/>
      <trkpt lat="43.369940" lon="-2.812650"/>
      <trkpt lat="43.369790" lon="-2.812420"/>
      <trkpt lat="43.369610" lon="-2.812130"/>
      <trkpt lat="43.369360" lon="-2.811690"/>
      <trkpt lat="43.369320" lon="-2.811640"/>
      <trkpt lat="43.369250" lon="-2.811570"/>
      <trkpt lat="43.369210" lon="-2.811560"/>
      <trkpt lat="43.369130" lon="-2.811580"/>
      <trkpt lat="43.369000" lon="-2.811630"/>
      <trkpt lat="43.368910" lon="-2.811670"/>
      <trkpt lat="43.368600" lon="-2.811790"/>
      <trkpt lat="43.368550" lon="-2.811810"/>
      <trkpt lat="43.368210" lon="-2.811940"/>
      <trkpt lat="43.368150" lon="-2.811940"/>
      <trkpt lat="43.368110" lon="-2.811930"/>
      <trkpt lat="43.367830" lon="-2.811870"/>
      <trkpt lat="43.367570" lon="-2.811810"/>
      <trkpt lat="43.367550" lon="-2.811810"/>
      <trkpt lat="43.367530" lon="-2.811800"/>
      <trkpt lat="43.367230" lon="-2.811720"/>
      <trkpt lat="43.367220" lon="-2.811720"/>
      <trkpt lat="43.367180" lon="-2.811710"/>
      <trkpt lat="43.366910" lon="-2.811640"/>
      <trkpt lat="43.366810" lon="-2.811610"/>
      <trkpt lat="43.366760" lon="-2.811550"/>
      <trkpt lat="43.366830" lon="-2.811440"/>
      <trkpt lat="43.366980" lon="-2.811200"/>
      <trkpt lat="43.367220" lon="-2.810810"/>
      <trkpt lat="43.367530" lon="-2.810350"/>
      <trkpt lat="43.368720" lon="-2.808480"/>
      <trkpt lat="43.368790" lon="-2.808380"/>
      <trkpt lat="43.369030" lon="-2.808010"/>
      <trkpt lat="43.369150" lon="-2.807820"/>
      <trkpt lat="43.370160" lon="-2.806250"/>
      <trkpt lat="43.370220" lon="-2.806150"/>
      <trkpt lat="43.370300" lon="-2.806020"/>
      <trkpt lat="43.370620" lon="-2.805530"/>
      <trkpt lat="43.370800" lon="-2.805240"/>
      <trkpt lat="43.371030" lon="-2.804890"/>
      <trkpt lat="43.371180" lon="-2.804660"/>
      <trkpt lat="43.371540" lon="-2.804090"/>
      <trkpt lat="43.372090" lon="-2.803230"/>
      <trkpt lat="43.372210" lon="-2.803030"/>
      <trkpt lat="43.372380" lon="-2.802760"/>
      <trkpt lat="43.372730" lon="-2.802220"/>
      <trkpt lat="43.372980" lon="-2.801820"/>
      <trkpt lat="43.373010" lon="-2.801760"/>
      <trkpt lat="43.373070" lon="-2.801600"/>
      <trkpt lat="43.373100" lon="-2.801480"/>
      <trkpt lat="43.373120" lon="-2.801400"/>
      <trkpt lat="43.373110" lon="-2.801350"/>
      <trkpt lat="43.373110" lon="-2.801290"/>
      <trkpt lat="43.373120" lon="-2.801240"/>
      <trkpt lat="43.373140" lon="-2.801190"/>
      <trkpt lat="43.373170" lon="-2.801150"/>
      <trkpt lat="43.373210" lon="-2.801120"/>
      <trkpt lat="43.373250" lon="-2.801110"/>
      <trkpt lat="43.373310" lon="-2.801050"/>
      <trkpt lat="43.373500" lon="-2.800860"/>
      <trkpt lat="43.373670" lon="-2.800610"/>
      <trkpt lat="43.374140" lon="-2.799930"/>
      <trkpt lat="43.374480" lon="-2.799470"/>
      <trkpt lat="43.374640" lon="-2.799220"/>
      <trkpt lat="43.374830" lon="-2.798930"/>
      <trkpt lat="43.375160" lon="-2.798410"/>
      <trkpt lat="43.375770" lon="-2.797470"/>
      <trkpt lat="43.375780" lon="-2.797460"/>
      <trkpt lat="43.376180" lon="-2.796840"/>
      <trkpt lat="43.376690" lon="-2.796050"/>
      <trkpt lat="43.376790" lon="-2.795860"/>
      <trkpt lat="43.376890" lon="-2.795630"/>
      <trkpt lat="43.376930" lon="-2.795450"/>
      <trkpt lat="43.376940" lon="-2.795270"/>
      <trkpt lat="43.376960" lon="-2.794870"/>
      <trkpt lat="43.377010" lon="-2.794590"/>
      <trkpt lat="43.377070" lon="-2.794430"/>
      <trkpt lat="43.377360" lon="-2.793920"/>
      <trkpt lat="43.377480" lon="-2.793740"/>
      <trkpt lat="43.377580" lon="-2.793640"/>
      <trkpt lat="43.377670" lon="-2.793580"/>
      <trkpt lat="43.378170" lon="-2.793330"/>
      <trkpt lat="43.378300" lon="-2.793240"/>
      <trkpt lat="43.378380" lon="-2.793150"/>
      <trkpt lat="43.378470" lon="-2.793040"/>
      <trkpt lat="43.378590" lon="-2.792810"/>
      <trkpt lat="43.378640" lon="-2.792710"/>
      <trkpt lat="43.378710" lon="-2.792620"/>
      <trkpt lat="43.378840" lon="-2.792500"/>
      <trkpt lat="43.379160" lon="-2.792260"/>
      <trkpt lat="43.379240" lon="-2.792180"/>
      <trkpt lat="43.379340" lon="-2.792060"/>
      <trkpt lat="43.379470" lon="-2.791840"/>
      <trkpt lat="43.379550" lon="-2.791690"/>
      <trkpt lat="43.379640" lon="-2.791600"/>
      <trkpt lat="43.379780" lon="-2.791520"/>
      <trkpt lat="43.379960" lon="-2.791450"/>
      <trkpt lat="43.380040" lon="-2.791390"/>
      <trkpt lat="43.380100" lon="-2.791330"/>
      <trkpt lat="43.380180" lon="-2.791240"/>
      <trkpt lat="43.380240" lon="-2.791130"/>
      <trkpt lat="43.380290" lon="-2.791000"/>
      <trkpt lat="43.380350" lon="-2.790680"/>
      <trkpt lat="43.380420" lon="-2.790450"/>
      <trkpt lat="43.380560" lon="-2.790200"/>
      <trkpt lat="43.380650" lon="-2.790040"/>
      <trkpt lat="43.380710" lon="-2.789870"/>
      <trkpt lat="43.380760" lon="-2.789590"/>
      <trkpt lat="43.380780" lon="-2.789270"/>
      <trkpt lat="43.380810" lon="-2.789150"/>
      <trkpt lat="43.380860" lon="-2.789080"/>
      <trkpt lat="43.380920" lon="-2.789050"/>
      <trkpt lat="43.381140" lon="-2.789080"/>
      <trkpt lat="43.381270" lon="-2.789080"/>
      <trkpt lat="43.381410" lon="-2.789010"/>
      <trkpt lat="43.381500" lon="-2.788930"/>
      <trkpt lat="43.381580" lon="-2.788810"/>
      <trkpt lat="43.381700" lon="-2.788560"/>
      <trkpt lat="43.381780" lon="-2.788380"/>
      <trkpt lat="43.381830" lon="-2.788250"/>
      <trkpt lat="43.381880" lon="-2.788160"/>
      <trkpt lat="43.381960" lon="-2.788080"/>
      <trkpt lat="43.382030" lon="-2.788080"/>
      <trkpt lat="43.382090" lon="-2.788100"/>
      <trkpt lat="43.382150" lon="-2.788160"/>
      <trkpt lat="43.382380" lon="-2.788350"/>
      <trkpt lat="43.382470" lon="-2.788390"/>
      <trkpt lat="43.382560" lon="-2.788440"/>
      <trkpt lat="43.382700" lon="-2.788470"/>
      <trkpt lat="43.382820" lon="-2.788460"/>
      <trkpt lat="43.382980" lon="-2.788410"/>
      <trkpt lat="43.383210" lon="-2.788250"/>
      <trkpt lat="43.383430" lon="-2.788220"/>
      <trkpt lat="43.383830" lon="-2.788230"/>
      <trkpt lat="43.384100" lon="-2.788220"/>
      <trkpt lat="43.384230" lon="-2.788190"/>
      <trkpt lat="43.384370" lon="-2.788120"/>
      <trkpt lat="43.384480" lon="-2.788050"/>
      <trkpt lat="43.384770" lon="-2.787830"/>
      <trkpt lat="43.385140" lon="-2.787530"/>
      <trkpt lat="43.385430" lon="-2.787220"/>
      <trkpt lat="43.385590" lon="-2.787010"/>
      <trkpt lat="43.385660" lon="-2.786880"/>
      <trkpt lat="43.385710" lon="-2.786730"/>
      <trkpt lat="43.385770" lon="-2.786460"/>
      <trkpt lat="43.385790" lon="-2.786120"/>
      <trkpt lat="43.385850" lon="-2.785430"/>
      <trkpt lat="43.385850" lon="-2.785240"/>
      <trkpt lat="43.385820" lon="-2.785010"/>
      <trkpt lat="43.385600" lon="-2.783230"/>
      <trkpt lat="43.385550" lon="-2.782860"/>
      <trkpt lat="43.385490" lon="-2.782450"/>
      <trkpt lat="43.385480" lon="-2.782230"/>
      <trkpt lat="43.385490" lon="-2.782060"/>
      <trkpt lat="43.385520" lon="-2.781820"/>
      <trkpt lat="43.385580" lon="-2.781550"/>
      <trkpt lat="43.385660" lon="-2.781340"/>
      <trkpt lat="43.385740" lon="-2.781200"/>
      <trkpt lat="43.385840" lon="-2.781110"/>
      <trkpt lat="43.385970" lon="-2.781060"/>
      <trkpt lat="43.386510" lon="-2.780940"/>
      <trkpt lat="43.386660" lon="-2.780930"/>
      <trkpt lat="43.386810" lon="-2.780940"/>
      <trkpt lat="43.386940" lon="-2.780960"/>
      <trkpt lat="43.387240" lon="-2.781020"/>
      <trkpt lat="43.387570" lon="-2.781110"/>
      <trkpt lat="43.387790" lon="-2.781170"/>
      <trkpt lat="43.387920" lon="-2.781170"/>
      <trkpt lat="43.388020" lon="-2.781120"/>
      <trkpt lat="43.388100" lon="-2.781050"/>
      <trkpt lat="43.388170" lon="-2.780950"/>
      <trkpt lat="43.388220" lon="-2.780820"/>
      <trkpt lat="43.388260" lon="-2.780630"/>
      <trkpt lat="43.388270" lon="-2.780420"/>
      <trkpt lat="43.388240" lon="-2.780260"/>
      <trkpt lat="43.388140" lon="-2.779930"/>
      <trkpt lat="43.387920" lon="-2.779290"/>
      <trkpt lat="43.387860" lon="-2.779100"/>
      <trkpt lat="43.387780" lon="-2.778930"/>
      <trkpt lat="43.387680" lon="-2.778770"/>
      <trkpt lat="43.387580" lon="-2.778670"/>
      <trkpt lat="43.387470" lon="-2.778550"/>
      <trkpt lat="43.387310" lon="-2.778450"/>
      <trkpt lat="43.387130" lon="-2.778370"/>
      <trkpt lat="43.386830" lon="-2.778250"/>
      <trkpt lat="43.386650" lon="-2.778180"/>
      <trkpt lat="43.386490" lon="-2.778160"/>
      <trkpt lat="43.386330" lon="-2.778150"/>
      <trkpt lat="43.385850" lon="-2.778190"/>
      <trkpt lat="43.385540" lon="-2.778210"/>
      <trkpt lat="43.385370" lon="-2.778220"/>
      <trkpt lat="43.385250" lon="-2.778190"/>
      <trkpt lat="43.385130" lon="-2.778160"/>
      <trkpt lat="43.385020" lon="-2.778080"/>
      <trkpt lat="43.384930" lon="-2.777970"/>
      <trkpt lat="43.384880" lon="-2.777900"/>
      <trkpt lat="43.384800" lon="-2.777710"/>
      <trkpt lat="43.384560" lon="-2.777210"/>
      <trkpt lat="43.384340" lon="-2.776750"/>
      <trkpt lat="43.384200" lon="-2.776570"/>
      <trkpt lat="43.384070" lon="-2.776460"/>
      <trkpt lat="43.383930" lon="-2.776370"/>
      <trkpt lat="43.383760" lon="-2.776270"/>
      <trkpt lat="43.383590" lon="-2.776210"/>
      <trkpt lat="43.383430" lon="-2.776150"/>
      <trkpt lat="43.383070" lon="-2.776040"/>
      <trkpt lat="43.382940" lon="-2.775970"/>
      <trkpt lat="43.382820" lon="-2.775900"/>
      <trkpt lat="43.382450" lon="-2.775670"/>
      <trkpt lat="43.382330" lon="-2.775590"/>
      <trkpt lat="43.382240" lon="-2.775500"/>
      <trkpt lat="43.382150" lon="-2.775330"/>
      <trkpt lat="43.381910" lon="-2.774770"/>
      <trkpt lat="43.381840" lon="-2.774580"/>
      <trkpt lat="43.381800" lon="-2.774370"/>
      <trkpt lat="43.381790" lon="-2.774170"/>
      <trkpt lat="43.381830" lon="-2.773950"/>
      <trkpt lat="43.381910" lon="-2.773790"/>
      <trkpt lat="43.382000" lon="-2.773710"/>
      <trkpt lat="43.382130" lon="-2.773680"/>
      <trkpt lat="43.382510" lon="-2.773660"/>
      <trkpt lat="43.382750" lon="-2.773640"/>
      <trkpt lat="43.382840" lon="-2.773630"/>
      <trkpt lat="43.382950" lon="-2.773600"/>
      <trkpt lat="43.383970" lon="-2.773340"/>
      <trkpt lat="43.384100" lon="-2.773300"/>
      <trkpt lat="43.384220" lon="-2.773210"/>
      <trkpt lat="43.384280" lon="-2.773060"/>
      <trkpt lat="43.384310" lon="-2.772900"/>
      <trkpt lat="43.384290" lon="-2.772740"/>
      <trkpt lat="43.384220" lon="-2.772530"/>
      <trkpt lat="43.384070" lon="-2.772200"/>
      <trkpt lat="43.384030" lon="-2.772090"/>
      <trkpt lat="43.384030" lon="-2.772000"/>
      <trkpt lat="43.384050" lon="-2.771910"/>
      <trkpt lat="43.384090" lon="-2.771860"/>
      <trkpt lat="43.384150" lon="-2.771800"/>
      <trkpt lat="43.384190" lon="-2.771780"/>
      <trkpt lat="43.384280" lon="-2.771760"/>
      <trkpt lat="43.384710" lon="-2.771660"/>
      <trkpt lat="43.384910" lon="-2.771610"/>
      <trkpt lat="43.385000" lon="-2.771580"/>
      <trkpt lat="43.385150" lon="-2.771520"/>
      <trkpt lat="43.385290" lon="-2.771440"/>
      <trkpt lat="43.385620" lon="-2.771210"/>
      <trkpt lat="43.385940" lon="-2.770970"/>
      <trkpt lat="43.386010" lon="-2.770940"/>
      <trkpt lat="43.386100" lon="-2.770910"/>
      <trkpt lat="43.386200" lon="-2.770930"/>
      <trkpt lat="43.386400" lon="-2.770970"/>
      <trkpt lat="43.386640" lon="-2.771010"/>
      <trkpt lat="43.387120" lon="-2.771030"/>
      <trkpt lat="43.387390" lon="-2.771060"/>
      <trkpt lat="43.387590" lon="-2.771090"/>
      <trkpt lat="43.388190" lon="-2.771220"/>
      <trkpt lat="43.388280" lon="-2.771230"/>
      <trkpt lat="43.388360" lon="-2.771200"/>
      <trkpt lat="43.388390" lon="-2.771160"/>
      <trkpt lat="43.388430" lon="-2.771120"/>
      <trkpt lat="43.388530" lon="-2.770880"/>
      <trkpt lat="43.388610" lon="-2.770690"/>
      <trkpt lat="43.388710" lon="-2.770440"/>
      <trkpt lat="43.388750" lon="-2.770310"/>
      <trkpt lat="43.388760" lon="-2.770220"/>
      <trkpt lat="43.388750" lon="-2.770080"/>
      <trkpt lat="43.388740" lon="-2.770000"/>
      <trkpt lat="43.388620" lon="-2.769600"/>
      <trkpt lat="43.388580" lon="-2.769420"/>
      <trkpt lat="43.388570" lon="-2.769260"/>
      <trkpt lat="43.388600" lon="-2.769100"/>
      <trkpt lat="43.388650" lon="-2.769000"/>
      <trkpt lat="43.388690" lon="-2.768920"/>
      <trkpt lat="43.388790" lon="-2.768810"/>
      <trkpt lat="43.388870" lon="-2.768750"/>
      <trkpt lat="43.388960" lon="-2.768700"/>
      <trkpt lat="43.389060" lon="-2.768700"/>
      <trkpt lat="43.389130" lon="-2.768730"/>
      <trkpt lat="43.389340" lon="-2.768860"/>
      <trkpt lat="43.389480" lon="-2.768950"/>
      <trkpt lat="43.389640" lon="-2.769020"/>
      <trkpt lat="43.389820" lon="-2.769090"/>
      <trkpt lat="43.390150" lon="-2.769190"/>
      <trkpt lat="43.390330" lon="-2.769260"/>
      <trkpt lat="43.390470" lon="-2.769330"/>
      <trkpt lat="43.390580" lon="-2.769410"/>
      <trkpt lat="43.390710" lon="-2.769520"/>
      <trkpt lat="43.390820" lon="-2.769600"/>
      <trkpt lat="43.390950" lon="-2.769670"/>
      <trkpt lat="43.391130" lon="-2.769740"/>
      <trkpt lat="43.391290" lon="-2.769790"/>
      <trkpt lat="43.391900" lon="-2.769960"/>
      <trkpt lat="43.392090" lon="-2.770040"/>
      <trkpt lat="43.392300" lon="-2.770140"/>
      <trkpt lat="43.392730" lon="-2.770390"/>
      <trkpt lat="43.393010" lon="-2.770560"/>
      <trkpt lat="43.393140" lon="-2.770630"/>
      <trkpt lat="43.393280" lon="-2.770680"/>
      <trkpt lat="43.393390" lon="-2.770700"/>
      <trkpt lat="43.393420" lon="-2.770710"/>
      <trkpt lat="43.393570" lon="-2.770680"/>
      <trkpt lat="43.393690" lon="-2.770610"/>
      <trkpt lat="43.393830" lon="-2.770500"/>
      <trkpt lat="43.393920" lon="-2.770390"/>
      <trkpt lat="43.394030" lon="-2.770240"/>
      <trkpt lat="43.394110" lon="-2.770000"/>
      <trkpt lat="43.394120" lon="-2.769860"/>
      <trkpt lat="43.394110" lon="-2.769700"/>
      <trkpt lat="43.394050" lon="-2.769410"/>
      <trkpt lat="43.394040" lon="-2.769220"/>
      <trkpt lat="43.394070" lon="-2.769010"/>
      <trkpt lat="43.394130" lon="-2.768800"/>
      <trkpt lat="43.394240" lon="-2.768570"/>
      <trkpt lat="43.394310" lon="-2.768440"/>
      <trkpt lat="43.394460" lon="-2.768180"/>
      <trkpt lat="43.394600" lon="-2.768010"/>
      <trkpt lat="43.394800" lon="-2.767820"/>
      <trkpt lat="43.394950" lon="-2.767730"/>
      <trkpt lat="43.395040" lon="-2.767680"/>
      <trkpt lat="43.395200" lon="-2.767680"/>
      <trkpt lat="43.395380" lon="-2.767690"/>
      <trkpt lat="43.395530" lon="-2.767710"/>
      <trkpt lat="43.395670" lon="-2.767760"/>
      <trkpt lat="43.396070" lon="-2.767950"/>
      <trkpt lat="43.396190" lon="-2.767980"/>
      <trkpt lat="43.396320" lon="-2.767980"/>
      <trkpt lat="43.396470" lon="-2.767940"/>
      <trkpt lat="43.396660" lon="-2.767830"/>
      <trkpt lat="43.396780" lon="-2.767710"/>
      <trkpt lat="43.396830" lon="-2.767590"/>
      <trkpt lat="43.396880" lon="-2.767430"/>
      <trkpt lat="43.396880" lon="-2.767220"/>
      <trkpt lat="43.396850" lon="-2.766870"/>
      <trkpt lat="43.396830" lon="-2.766420"/>
      <trkpt lat="43.396810" lon="-2.765980"/>
      <trkpt lat="43.396810" lon="-2.765670"/>
      <trkpt lat="43.396820" lon="-2.765400"/>
      <trkpt lat="43.396850" lon="-2.765210"/>
      <trkpt lat="43.396860" lon="-2.765100"/>
      <trkpt lat="43.397120" lon="-2.763470"/>
      <trkpt lat="43.397200" lon="-2.762860"/>
      <trkpt lat="43.397360" lon="-2.761670"/>
      <trkpt lat="43.397470" lon="-2.760670"/>
      <trkpt lat="43.397520" lon="-2.760460"/>
      <trkpt lat="43.397570" lon="-2.760320"/>
      <trkpt lat="43.397660" lon="-2.760180"/>
      <trkpt lat="43.397860" lon="-2.760020"/>
      <trkpt lat="43.398810" lon="-2.759330"/>
      <trkpt lat="43.399310" lon="-2.758960"/>
      <trkpt lat="43.399530" lon="-2.758820"/>
      <trkpt lat="43.399840" lon="-2.758680"/>
      <trkpt lat="43.400010" lon="-2.758610"/>
      <trkpt lat="43.400350" lon="-2.758470"/>
      <trkpt lat="43.400460" lon="-2.758470"/>
      <trkpt lat="43.400580" lon="-2.758500"/>
      <trkpt lat="43.400680" lon="-2.758600"/>
      <trkpt lat="43.400860" lon="-2.758890"/>
      <trkpt lat="43.401000" lon="-2.759060"/>
      <trkpt lat="43.401130" lon="-2.759170"/>
      <trkpt lat="43.401280" lon="-2.759210"/>
      <trkpt lat="43.401790" lon="-2.759390"/>
      <trkpt lat="43.402510" lon="-2.759630"/>
      <trkpt lat="43.403080" lon="-2.759810"/>
      <trkpt lat="43.403380" lon="-2.759910"/>
      <trkpt lat="43.404040" lon="-2.760120"/>
      <trkpt lat="43.404750" lon="-2.760350"/>
      <trkpt lat="43.404940" lon="-2.760410"/>
      <trkpt lat="43.405330" lon="-2.760530"/>
      <trkpt lat="43.405940" lon="-2.760730"/>
      <trkpt lat="43.406080" lon="-2.760760"/>
      <trkpt lat="43.406190" lon="-2.760750"/>
      <trkpt lat="43.406300" lon="-2.760730"/>
      <trkpt lat="43.406430" lon="-2.760670"/>
      <trkpt lat="43.406560" lon="-2.760570"/>
      <trkpt lat="43.407470" lon="-2.759910"/>
      <trkpt lat="43.407540" lon="-2.759880"/>
      <trkpt lat="43.407590" lon="-2.759890"/>
      <trkpt lat="43.407620" lon="-2.759920"/>
      <trkpt lat="43.407650" lon="-2.759960"/>
      <trkpt lat="43.407670" lon="-2.760010"/>
      <trkpt lat="43.407690" lon="-2.760090"/>
      <trkpt lat="43.407690" lon="-2.760230"/>
      <trkpt lat="43.407680" lon="-2.760440"/>
      <trkpt lat="43.407650" lon="-2.760670"/>
      <trkpt lat="43.407610" lon="-2.761050"/>
      <trkpt lat="43.407560" lon="-2.761520"/>
      <trkpt lat="43.407560" lon="-2.761620"/>
      <trkpt lat="43.407570" lon="-2.761700"/>
      <trkpt lat="43.407600" lon="-2.761760"/>
      <trkpt lat="43.407640" lon="-2.761830"/>
      <trkpt lat="43.407710" lon="-2.761890"/>
      <trkpt lat="43.407910" lon="-2.762000"/>
      <trkpt lat="43.408150" lon="-2.762140"/>
      <trkpt lat="43.408470" lon="-2.762350"/>
      <trkpt lat="43.408760" lon="-2.762560"/>
      <trkpt lat="43.408980" lon="-2.762680"/>
      <trkpt lat="43.409430" lon="-2.762860"/>
      <trkpt lat="43.410080" lon="-2.763090"/>
      <trkpt lat="43.410190" lon="-2.763110"/>
      <trkpt lat="43.410270" lon="-2.763110"/>
      <trkpt lat="43.410350" lon="-2.763060"/>
      <trkpt lat="43.410400" lon="-2.762980"/>
      <trkpt lat="43.410430" lon="-2.762870"/>
      <trkpt lat="43.410430" lon="-2.762730"/>
      <trkpt lat="43.410400" lon="-2.762610"/>
      <trkpt lat="43.410350" lon="-2.762520"/>
      <trkpt lat="43.410290" lon="-2.762440"/>
      <trkpt lat="43.410220" lon="-2.762380"/>
      <trkpt lat="43.410130" lon="-2.762340"/>
      <trkpt lat="43.410010" lon="-2.762320"/>
      <trkpt lat="43.409920" lon="-2.762300"/>
      <trkpt lat="43.409810" lon="-2.762250"/>
      <trkpt lat="43.409650" lon="-2.762170"/>
      <trkpt lat="43.409470" lon="-2.762080"/>
      <trkpt lat="43.409290" lon="-2.761960"/>
      <trkpt lat="43.409040" lon="-2.761740"/>
      <trkpt lat="43.408880" lon="-2.761580"/>
      <trkpt lat="43.408790" lon="-2.761480"/>
      <trkpt lat="43.408740" lon="-2.761380"/>
      <trkpt lat="43.408720" lon="-2.761300"/>
      <trkpt lat="43.408710" lon="-2.761200"/>
      <trkpt lat="43.408720" lon="-2.761090"/>
      <trkpt lat="43.408760" lon="-2.760970"/>
      <trkpt lat="43.408880" lon="-2.760780"/>
      <trkpt lat="43.409510" lon="-2.759870"/>
      <trkpt lat="43.409640" lon="-2.759660"/>
      <trkpt lat="43.409780" lon="-2.759410"/>
      <trkpt lat="43.409900" lon="-2.759100"/>
      <trkpt lat="43.409930" lon="-2.758970"/>
      <trkpt lat="43.409930" lon="-2.758870"/>
      <trkpt lat="43.409930" lon="-2.758760"/>
      <trkpt lat="43.409900" lon="-2.758660"/>
      <trkpt lat="43.409850" lon="-2.758580"/>
      <trkpt lat="43.409740" lon="-2.758390"/>
      <trkpt lat="43.409690" lon="-2.758290"/>
      <trkpt lat="43.409660" lon="-2.758190"/>
      <trkpt lat="43.409650" lon="-2.758060"/>
      <trkpt lat="43.409680" lon="-2.757840"/>
      <trkpt lat="43.409720" lon="-2.757630"/>
      <trkpt lat="43.409780" lon="-2.757430"/>
      <trkpt lat="43.409860" lon="-2.757200"/>
      <trkpt lat="43.409880" lon="-2.757080"/>
      <trkpt lat="43.409890" lon="-2.756940"/>
      <trkpt lat="43.409890" lon="-2.756840"/>
      <trkpt lat="43.409850" lon="-2.756710"/>
      <trkpt lat="43.409800" lon="-2.756580"/>
      <trkpt lat="43.409730" lon="-2.756450"/>
      <trkpt lat="43.409670" lon="-2.756380"/>
      <trkpt lat="43.409610" lon="-2.756330"/>
      <trkpt lat="43.409540" lon="-2.756310"/>
      <trkpt lat="43.409450" lon="-2.756300"/>
      <trkpt lat="43.409360" lon="-2.756320"/>
      <trkpt lat="43.409250" lon="-2.756370"/>
      <trkpt lat="43.409070" lon="-2.756450"/>
      <trkpt lat="43.408920" lon="-2.756520"/>
      <trkpt lat="43.408790" lon="-2.756560"/>
      <trkpt lat="43.408680" lon="-2.756570"/>
      <trkpt lat="43.408440" lon="-2.756580"/>
      <trkpt lat="43.408330" lon="-2.756590"/>
      <trkpt lat="43.408220" lon="-2.756630"/>
      <trkpt lat="43.408140" lon="-2.756680"/>
      <trkpt lat="43.408070" lon="-2.756740"/>
      <trkpt lat="43.407970" lon="-2.756850"/>
      <trkpt lat="43.407930" lon="-2.756890"/>
      <trkpt lat="43.407900" lon="-2.756890"/>
      <trkpt lat="43.407860" lon="-2.756890"/>
      <trkpt lat="43.407830" lon="-2.756860"/>
      <trkpt lat="43.407810" lon="-2.756820"/>
      <trkpt lat="43.407810" lon="-2.756770"/>
      <trkpt lat="43.407820" lon="-2.756710"/>
      <trkpt lat="43.407870" lon="-2.756620"/>
      <trkpt lat="43.407940" lon="-2.756550"/>
      <trkpt lat="43.408030" lon="-2.756480"/>
      <trkpt lat="43.408140" lon="-2.756420"/>
      <trkpt lat="43.408410" lon="-2.756340"/>
      <trkpt lat="43.408590" lon="-2.756280"/>
      <trkpt lat="43.408700" lon="-2.756230"/>
      <trkpt lat="43.408820" lon="-2.756140"/>
      <trkpt lat="43.408920" lon="-2.756030"/>
      <trkpt lat="43.409030" lon="-2.755900"/>
      <trkpt lat="43.409140" lon="-2.755750"/>
      <trkpt lat="43.409300" lon="-2.755480"/>
      <trkpt lat="43.409430" lon="-2.755310"/>
      <trkpt lat="43.409510" lon="-2.755250"/>
      <trkpt lat="43.409600" lon="-2.755220"/>
      <trkpt lat="43.409690" lon="-2.755220"/>
      <trkpt lat="43.409790" lon="-2.755230"/>
      <trkpt lat="43.409940" lon="-2.755310"/>
      <trkpt lat="43.410040" lon="-2.755340"/>
      <trkpt lat="43.410110" lon="-2.755340"/>
      <trkpt lat="43.410180" lon="-2.755310"/>
      <trkpt lat="43.410240" lon="-2.755250"/>
      <trkpt lat="43.410300" lon="-2.755180"/>
      <trkpt lat="43.410390" lon="-2.755040"/>
      <trkpt lat="43.410460" lon="-2.754970"/>
      <trkpt lat="43.410550" lon="-2.754910"/>
      <trkpt lat="43.410680" lon="-2.754850"/>
      <trkpt lat="43.410840" lon="-2.754780"/>
      <trkpt lat="43.411300" lon="-2.754560"/>
      <trkpt lat="43.412040" lon="-2.754220"/>
      <trkpt lat="43.412350" lon="-2.754050"/>
      <trkpt lat="43.412480" lon="-2.753950"/>
      <trkpt lat="43.412590" lon="-2.753850"/>
      <trkpt lat="43.412780" lon="-2.753630"/>
      <trkpt lat="43.412910" lon="-2.753500"/>
      <trkpt lat="43.413190" lon="-2.753380"/>
      <trkpt lat="43.413310" lon="-2.753350"/>
      <trkpt lat="43.413550" lon="-2.753380"/>
      <trkpt lat="43.413800" lon="-2.753430"/>
      <trkpt lat="43.414040" lon="-2.753390"/>
      <trkpt lat="43.414210" lon="-2.753340"/>
      <trkpt lat="43.414540" lon="-2.753210"/>
      <trkpt lat="43.414880" lon="-2.753010"/>
      <trkpt lat="43.415190" lon="-2.752540"/>
      <trkpt lat="43.415730" lon="-2.751610"/>
      <trkpt lat="43.415950" lon="-2.751200"/>
      <trkpt lat="43.416420" lon="-2.750340"/>
      <trkpt lat="43.416800" lon="-2.749500"/>
      <trkpt lat="43.416920" lon="-2.749190"/>
      <trkpt lat="43.417200" lon="-2.748590"/>
      <trkpt lat="43.417360" lon="-2.748310"/>
      <trkpt lat="43.417460" lon="-2.748220"/>
      <trkpt lat="43.417810" lon="-2.748060"/>
      <trkpt lat="43.417900" lon="-2.747950"/>
      <trkpt lat="43.417990" lon="-2.747720"/>
      <trkpt lat="43.418090" lon="-2.747290"/>
      <trkpt lat="43.418130" lon="-2.747040"/>
      <trkpt lat="43.418160" lon="-2.746090"/>
      <trkpt lat="43.418130" lon="-2.745730"/>
      <trkpt lat="43.418100" lon="-2.745440"/>
      <trkpt lat="43.418080" lon="-2.745090"/>
      <trkpt lat="43.418080" lon="-2.744690"/>
      <trkpt lat="43.418080" lon="-2.744390"/>
      <trkpt lat="43.418150" lon="-2.742910"/>
      <trkpt lat="43.418150" lon="-2.742830"/>
      <trkpt lat="43.418160" lon="-2.742650"/>
      <trkpt lat="43.418220" lon="-2.742120"/>
      <trkpt lat="43.418300" lon="-2.741690"/>
      <trkpt lat="43.418410" lon="-2.741250"/>
      <trkpt lat="43.418550" lon="-2.740670"/>
      <trkpt lat="43.418760" lon="-2.739710"/>
      <trkpt lat="43.418910" lon="-2.739020"/>
      <trkpt lat="43.419010" lon="-2.738500"/>
      <trkpt lat="43.419190" lon="-2.737520"/>
      <trkpt lat="43.419290" lon="-2.736930"/>
      <trkpt lat="43.419330" lon="-2.736700"/>
      <trkpt lat="43.419380" lon="-2.736320"/>
      <trkpt lat="43.419420" lon="-2.736090"/>
      <trkpt lat="43.419450" lon="-2.735750"/>
      <trkpt lat="43.419480" lon="-2.735380"/>
      <trkpt lat="43.419490" lon="-2.734910"/>
      <trkpt lat="43.419490" lon="-2.734660"/>
      <trkpt lat="43.419470" lon="-2.734510"/>
      <trkpt lat="43.419430" lon="-2.734380"/>
      <trkpt lat="43.419370" lon="-2.734340"/>
      <trkpt lat="43.419320" lon="-2.734270"/>
      <trkpt lat="43.419300" lon="-2.734200"/>
      <trkpt lat="43.419290" lon="-2.734130"/>
      <trkpt lat="43.419290" lon="-2.734070"/>
      <trkpt lat="43.419310" lon="-2.734000"/>
      <trkpt lat="43.419340" lon="-2.733940"/>
      <trkpt lat="43.419380" lon="-2.733890"/>
      <trkpt lat="43.419430" lon="-2.733850"/>
      <trkpt lat="43.419480" lon="-2.733770"/>
      <trkpt lat="43.419510" lon="-2.733680"/>
      <trkpt lat="43.419530" lon="-2.733590"/>
      <trkpt lat="43.419540" lon="-2.733440"/>
      <trkpt lat="43.419550" lon="-2.733330"/>
      <trkpt lat="43.419590" lon="-2.733140"/>
      <trkpt lat="43.419720" lon="-2.732510"/>
      <trkpt lat="43.419760" lon="-2.732250"/>
      <trkpt lat="43.419770" lon="-2.732170"/>
      <trkpt lat="43.419780" lon="-2.732060"/>
      <trkpt lat="43.419780" lon="-2.731710"/>
      <trkpt lat="43.419770" lon="-2.731400"/>
      <trkpt lat="43.419770" lon="-2.731360"/>
      <trkpt lat="43.419770" lon="-2.731330"/>
      <trkpt lat="43.419760" lon="-2.731010"/>
      <trkpt lat="43.419760" lon="-2.730880"/>
      <trkpt lat="43.419710" lon="-2.729740"/>
      <trkpt lat="43.419710" lon="-2.729710"/>
      <trkpt lat="43.419710" lon="-2.729580"/>
      <trkpt lat="43.419700" lon="-2.729280"/>
      <trkpt lat="43.419670" lon="-2.728790"/>
      <trkpt lat="43.419630" lon="-2.727840"/>
      <trkpt lat="43.419630" lon="-2.727700"/>
      <trkpt lat="43.419600" lon="-2.727080"/>
      <trkpt lat="43.419760" lon="-2.727070"/>
      <trkpt lat="43.420180" lon="-2.727000"/>
      <trkpt lat="43.420260" lon="-2.726960"/>
      <trkpt lat="43.420460" lon="-2.726850"/>
      <trkpt lat="43.420520" lon="-2.726820"/>
      <trkpt lat="43.420500" lon="-2.726720"/>
      <trkpt lat="43.420460" lon="-2.726470"/>
      <trkpt lat="43.420340" lon="-2.725680"/>
      <trkpt lat="43.420340" lon="-2.725640"/>
      <trkpt lat="43.420290" lon="-2.725420"/>
      <trkpt lat="43.420340" lon="-2.725320"/>
      <trkpt lat="43.420400" lon="-2.725230"/>
      <trkpt lat="43.420690" lon="-2.724730"/>
      <trkpt lat="43.420790" lon="-2.724470"/>
      <trkpt lat="43.420830" lon="-2.724380"/>
      <trkpt lat="43.420970" lon="-2.724020"/>
      <trkpt lat="43.421230" lon="-2.723360"/>
      <trkpt lat="43.421290" lon="-2.723230"/>
      <trkpt lat="43.421320" lon="-2.723140"/>
      <trkpt lat="43.421360" lon="-2.723060"/>
      <trkpt lat="43.421420" lon="-2.723050"/>
      <trkpt lat="43.421490" lon="-2.723040"/>
      <trkpt lat="43.421930" lon="-2.722940"/>
      <trkpt lat="43.422040" lon="-2.722910"/>
      <trkpt lat="43.422460" lon="-2.722810"/>
      <trkpt lat="43.422540" lon="-2.722770"/>
      <trkpt lat="43.422550" lon="-2.722760"/>
      <trkpt lat="43.423070" lon="-2.722490"/>
      <trkpt lat="43.423130" lon="-2.722460"/>
      <trkpt lat="43.423200" lon="-2.722440"/>
      <trkpt lat="43.423250" lon="-2.722420"/>
      <trkpt lat="43.423350" lon="-2.722410"/>
      <trkpt lat="43.423640" lon="-2.722380"/>
      <trkpt lat="43.423660" lon="-2.722470"/>
      <trkpt lat="43.423700" lon="-2.722790"/>
      <trkpt lat="43.423670" lon="-2.722920"/>
      <trkpt lat="43.423570" lon="-2.722970"/>
      <trkpt lat="43.422790" lon="-2.723400"/>
      <trkpt lat="43.422640" lon="-2.723450"/>
      <trkpt lat="43.422610" lon="-2.723570"/>
      <trkpt lat="43.422540" lon="-2.723680"/>
      <trkpt lat="43.422480" lon="-2.723770"/>
      <trkpt lat="43.422450" lon="-2.723850"/>
      <trkpt lat="43.422410" lon="-2.724000"/>
      <trkpt lat="43.422370" lon="-2.724290"/>
      <trkpt lat="43.422370" lon="-2.724340"/>
      <trkpt lat="43.422440" lon="-2.724730"/>
      <trkpt lat="43.422580" lon="-2.725440"/>
      <trkpt lat="43.422580" lon="-2.725480"/>
      <trkpt lat="43.422590" lon="-2.725530"/>
      <trkpt lat="43.422580" lon="-2.725630"/>
      <trkpt lat="43.422610" lon="-2.725710"/>
      <trkpt lat="43.422660" lon="-2.725840"/>
      <trkpt lat="43.422690" lon="-2.725960"/>
      <trkpt lat="43.422710" lon="-2.726110"/>
      <trkpt lat="43.422790" lon="-2.726650"/>
      <trkpt lat="43.422810" lon="-2.726710"/>
      <trkpt lat="43.422830" lon="-2.726870"/>
      <trkpt lat="43.422860" lon="-2.727020"/>
      <trkpt lat="43.422960" lon="-2.727450"/>
      <trkpt lat="43.423070" lon="-2.727870"/>
      <trkpt lat="43.423080" lon="-2.727980"/>
      <trkpt lat="43.423040" lon="-2.728040"/>
      <trkpt lat="43.423000" lon="-2.728100"/>
      <trkpt lat="43.422960" lon="-2.728140"/>
      <trkpt lat="43.422880" lon="-2.728150"/>
      <trkpt lat="43.422710" lon="-2.728240"/>
      <trkpt lat="43.422660" lon="-2.728270"/>
      <trkpt lat="43.422080" lon="-2.728640"/>
      <trkpt lat="43.421830" lon="-2.728800"/>
      <trkpt lat="43.421710" lon="-2.728840"/>
      <trkpt lat="43.421170" lon="-2.729010"/>
      <trkpt lat="43.421040" lon="-2.729040"/>
      <trkpt lat="43.421030" lon="-2.729050"/>
      <trkpt lat="43.420990" lon="-2.729110"/>
      <trkpt lat="43.420970" lon="-2.729150"/>
      <trkpt lat="43.420970" lon="-2.729180"/>
      <trkpt lat="43.420960" lon="-2.729210"/>
      <trkpt lat="43.420950" lon="-2.729240"/>
      <trkpt lat="43.420930" lon="-2.729260"/>
      <trkpt lat="43.420910" lon="-2.729270"/>
      <trkpt lat="43.420890" lon="-2.729270"/>
      <trkpt lat="43.420870" lon="-2.729270"/>
      <trkpt lat="43.420850" lon="-2.729250"/>
      <trkpt lat="43.420830" lon="-2.729230"/>
      <trkpt lat="43.420750" lon="-2.729180"/>
      <trkpt lat="43.420720" lon="-2.729190"/>
      <trkpt lat="43.420560" lon="-2.729240"/>
      <trkpt lat="43.420390" lon="-2.729300"/>
      <trkpt lat="43.420340" lon="-2.729320"/>
      <trkpt lat="43.420250" lon="-2.729330"/>
      <trkpt lat="43.419940" lon="-2.729410"/>
      <trkpt lat="43.419880" lon="-2.729420"/>
      <trkpt lat="43.419840" lon="-2.729510"/>
      <trkpt lat="43.419820" lon="-2.729560"/>
      <trkpt lat="43.419780" lon="-2.729570"/>
      <trkpt lat="43.419740" lon="-2.729570"/>
      <trkpt lat="43.419710" lon="-2.729580"/>
      <trkpt lat="43.419700" lon="-2.729280"/>
      <trkpt lat="43.419670" lon="-2.728790"/>
      <trkpt lat="43.419630" lon="-2.727840"/>
      <trkpt lat="43.419630" lon="-2.727700"/>
      <trkpt lat="43.419600" lon="-2.727080"/>
      <trkpt lat="43.419590" lon="-2.726840"/>
      <trkpt lat="43.419570" lon="-2.726410"/>
      <trkpt lat="43.419540" lon="-2.725850"/>
      <trkpt lat="43.419530" lon="-2.725700"/>
      <trkpt lat="43.419520" lon="-2.725650"/>
      <trkpt lat="43.419520" lon="-2.725620"/>
      <trkpt lat="43.419490" lon="-2.725550"/>
      <trkpt lat="43.419350" lon="-2.725190"/>
      <trkpt lat="43.419130" lon="-2.724620"/>
      <trkpt lat="43.419060" lon="-2.724430"/>
      <trkpt lat="43.419050" lon="-2.724400"/>
      <trkpt lat="43.419020" lon="-2.724360"/>
      <trkpt lat="43.418990" lon="-2.724330"/>
      <trkpt lat="43.418970" lon="-2.724300"/>
      <trkpt lat="43.418790" lon="-2.724170"/>
      <trkpt lat="43.418660" lon="-2.724070"/>
      <trkpt lat="43.418520" lon="-2.723970"/>
      <trkpt lat="43.418480" lon="-2.723930"/>
      <trkpt lat="43.418450" lon="-2.723900"/>
      <trkpt lat="43.418430" lon="-2.723870"/>
      <trkpt lat="43.418420" lon="-2.723880"/>
      <trkpt lat="43.418400" lon="-2.723880"/>
      <trkpt lat="43.418380" lon="-2.723880"/>
      <trkpt lat="43.418360" lon="-2.723880"/>
      <trkpt lat="43.418350" lon="-2.723860"/>
      <trkpt lat="43.418330" lon="-2.723850"/>
      <trkpt lat="43.418320" lon="-2.723820"/>
      <trkpt lat="43.418310" lon="-2.723800"/>
      <trkpt lat="43.418310" lon="-2.723770"/>
      <trkpt lat="43.418270" lon="-2.723760"/>
      <trkpt lat="43.418220" lon="-2.723750"/>
      <trkpt lat="43.418160" lon="-2.723720"/>
      <trkpt lat="43.417830" lon="-2.723500"/>
      <trkpt lat="43.417530" lon="-2.723290"/>
      <trkpt lat="43.417420" lon="-2.723210"/>
      <trkpt lat="43.417270" lon="-2.723120"/>
      <trkpt lat="43.417080" lon="-2.722980"/>
      <trkpt lat="43.417040" lon="-2.722940"/>
      <trkpt lat="43.417010" lon="-2.722890"/>
      <trkpt lat="43.416970" lon="-2.722800"/>
      <trkpt lat="43.416850" lon="-2.722300"/>
      <trkpt lat="43.416800" lon="-2.722020"/>
      <trkpt lat="43.416780" lon="-2.721920"/>
      <trkpt lat="43.416710" lon="-2.721520"/>
      <trkpt lat="43.416640" lon="-2.721060"/>
      <trkpt lat="43.416590" lon="-2.720730"/>
      <trkpt lat="43.416570" lon="-2.720620"/>
      <trkpt lat="43.416550" lon="-2.720440"/>
      <trkpt lat="43.416550" lon="-2.720360"/>
      <trkpt lat="43.416560" lon="-2.720290"/>
      <trkpt lat="43.416600" lon="-2.720120"/>
      <trkpt lat="43.416730" lon="-2.719730"/>
      <trkpt lat="43.416760" lon="-2.719640"/>
      <trkpt lat="43.416820" lon="-2.719390"/>
      <trkpt lat="43.416860" lon="-2.719140"/>
      <trkpt lat="43.416950" lon="-2.718600"/>
      <trkpt lat="43.416960" lon="-2.718440"/>
      <trkpt lat="43.416960" lon="-2.718290"/>
      <trkpt lat="43.416940" lon="-2.718220"/>
      <trkpt lat="43.416920" lon="-2.718040"/>
      <trkpt lat="43.416890" lon="-2.717910"/>
      <trkpt lat="43.416890" lon="-2.717800"/>
      <trkpt lat="43.416910" lon="-2.717700"/>
      <trkpt lat="43.416950" lon="-2.717570"/>
      <trkpt lat="43.417030" lon="-2.717350"/>
      <trkpt lat="43.417080" lon="-2.717110"/>
      <trkpt lat="43.417100" lon="-2.716880"/>
      <trkpt lat="43.417090" lon="-2.716610"/>
      <trkpt lat="43.417020" lon="-2.716170"/>
      <trkpt lat="43.416960" lon="-2.715900"/>
      <trkpt lat="43.416930" lon="-2.715740"/>
      <trkpt lat="43.416920" lon="-2.715570"/>
      <trkpt lat="43.416910" lon="-2.715420"/>
      <trkpt lat="43.416910" lon="-2.715290"/>
      <trkpt lat="43.416910" lon="-2.715200"/>
      <trkpt lat="43.416920" lon="-2.715090"/>
      <trkpt lat="43.416920" lon="-2.715010"/>
      <trkpt lat="43.416920" lon="-2.714960"/>
      <trkpt lat="43.416900" lon="-2.714900"/>
      <trkpt lat="43.416870" lon="-2.714830"/>
      <trkpt lat="43.416830" lon="-2.714790"/>
      <trkpt lat="43.416790" lon="-2.714770"/>
      <trkpt lat="43.416740" lon="-2.714740"/>
      <trkpt lat="43.416690" lon="-2.714700"/>
      <trkpt lat="43.416660" lon="-2.714640"/>
      <trkpt lat="43.416640" lon="-2.714570"/>
      <trkpt lat="43.416640" lon="-2.714490"/>
      <trkpt lat="43.416640" lon="-2.714430"/>
      <trkpt lat="43.416650" lon="-2.714370"/>
      <trkpt lat="43.416680" lon="-2.714320"/>
      <trkpt lat="43.416700" lon="-2.714280"/>
      <trkpt lat="43.416730" lon="-2.714250"/>
      <trkpt lat="43.416770" lon="-2.714220"/>
      <trkpt lat="43.416810" lon="-2.714200"/>
      <trkpt lat="43.416840" lon="-2.714200"/>
      <trkpt lat="43.416870" lon="-2.714180"/>
      <trkpt lat="43.416890" lon="-2.714160"/>
      <trkpt lat="43.416920" lon="-2.714120"/>
      <trkpt lat="43.416950" lon="-2.714080"/>
      <trkpt lat="43.416970" lon="-2.714030"/>
      <trkpt lat="43.417000" lon="-2.713960"/>
      <trkpt lat="43.417010" lon="-2.713930"/>
      <trkpt lat="43.417120" lon="-2.713560"/>
      <trkpt lat="43.417150" lon="-2.713440"/>
      <trkpt lat="43.417180" lon="-2.713350"/>
      <trkpt lat="43.417200" lon="-2.713240"/>
      <trkpt lat="43.417220" lon="-2.713120"/>
      <trkpt lat="43.417240" lon="-2.712990"/>
      <trkpt lat="43.417250" lon="-2.712780"/>
      <trkpt lat="43.417260" lon="-2.711710"/>
      <trkpt lat="43.417310" lon="-2.711380"/>
      <trkpt lat="43.417380" lon="-2.711020"/>
      <trkpt lat="43.417510" lon="-2.710520"/>
      <trkpt lat="43.417570" lon="-2.710210"/>
      <trkpt lat="43.417590" lon="-2.710000"/>
      <trkpt lat="43.417600" lon="-2.709760"/>
      <trkpt lat="43.417590" lon="-2.709580"/>
      <trkpt lat="43.417540" lon="-2.709320"/>
      <trkpt lat="43.417460" lon="-2.709010"/>
      <trkpt lat="43.417310" lon="-2.708550"/>
      <trkpt lat="43.417200" lon="-2.708320"/>
      <trkpt lat="43.417140" lon="-2.708190"/>
      <trkpt lat="43.417070" lon="-2.708030"/>
      <trkpt lat="43.417040" lon="-2.707960"/>
      <trkpt lat="43.416890" lon="-2.707640"/>
      <trkpt lat="43.416640" lon="-2.707190"/>
      <trkpt lat="43.416330" lon="-2.706720"/>
      <trkpt lat="43.415990" lon="-2.706270"/>
      <trkpt lat="43.415660" lon="-2.705880"/>
      <trkpt lat="43.415170" lon="-2.705340"/>
      <trkpt lat="43.414520" lon="-2.704620"/>
      <trkpt lat="43.414110" lon="-2.704200"/>
      <trkpt lat="43.413850" lon="-2.703950"/>
      <trkpt lat="43.413450" lon="-2.703600"/>
      <trkpt lat="43.413260" lon="-2.703440"/>
      <trkpt lat="43.413090" lon="-2.703300"/>
      <trkpt lat="43.412700" lon="-2.702960"/>
      <trkpt lat="43.412270" lon="-2.702560"/>
      <trkpt lat="43.412120" lon="-2.702440"/>
      <trkpt lat="43.411840" lon="-2.702240"/>
      <trkpt lat="43.411490" lon="-2.701980"/>
      <trkpt lat="43.411280" lon="-2.701840"/>
      <trkpt lat="43.410740" lon="-2.701590"/>
      <trkpt lat="43.410630" lon="-2.701550"/>
      <trkpt lat="43.410560" lon="-2.701530"/>
      <trkpt lat="43.410410" lon="-2.701490"/>
      <trkpt lat="43.410010" lon="-2.701460"/>
      <trkpt lat="43.409570" lon="-2.701470"/>
      <trkpt lat="43.409190" lon="-2.701550"/>
      <trkpt lat="43.408800" lon="-2.701680"/>
      <trkpt lat="43.408390" lon="-2.701810"/>
      <trkpt lat="43.408290" lon="-2.701820"/>
      <trkpt lat="43.408140" lon="-2.701840"/>
      <trkpt lat="43.407920" lon="-2.701790"/>
      <trkpt lat="43.407710" lon="-2.701680"/>
      <trkpt lat="43.407530" lon="-2.701530"/>
      <trkpt lat="43.407350" lon="-2.701310"/>
      <trkpt lat="43.407020" lon="-2.700770"/>
      <trkpt lat="43.406880" lon="-2.700590"/>
      <trkpt lat="43.406740" lon="-2.700460"/>
      <trkpt lat="43.406580" lon="-2.700350"/>
      <trkpt lat="43.406500" lon="-2.700320"/>
      <trkpt lat="43.406410" lon="-2.700290"/>
      <trkpt lat="43.406300" lon="-2.700270"/>
      <trkpt lat="43.406190" lon="-2.700260"/>
      <trkpt lat="43.406120" lon="-2.700260"/>
      <trkpt lat="43.406040" lon="-2.700270"/>
      <trkpt lat="43.405890" lon="-2.700320"/>
      <trkpt lat="43.405660" lon="-2.700430"/>
      <trkpt lat="43.405310" lon="-2.700650"/>
      <trkpt lat="43.405160" lon="-2.700700"/>
      <trkpt lat="43.405020" lon="-2.700740"/>
      <trkpt lat="43.404920" lon="-2.700740"/>
      <trkpt lat="43.404820" lon="-2.700730"/>
      <trkpt lat="43.404700" lon="-2.700700"/>
      <trkpt lat="43.404600" lon="-2.700640"/>
      <trkpt lat="43.404480" lon="-2.700570"/>
      <trkpt lat="43.404420" lon="-2.700510"/>
      <trkpt lat="43.404340" lon="-2.700420"/>
      <trkpt lat="43.404260" lon="-2.700310"/>
      <trkpt lat="43.404200" lon="-2.700210"/>
      <trkpt lat="43.404140" lon="-2.700100"/>
      <trkpt lat="43.403960" lon="-2.699750"/>
      <trkpt lat="43.403870" lon="-2.699520"/>
      <trkpt lat="43.403720" lon="-2.699130"/>
      <trkpt lat="43.403510" lon="-2.698530"/>
      <trkpt lat="43.403250" lon="-2.697890"/>
      <trkpt lat="43.403230" lon="-2.697840"/>
      <trkpt lat="43.403130" lon="-2.697620"/>
      <trkpt lat="43.402980" lon="-2.697300"/>
      <trkpt lat="43.402970" lon="-2.697270"/>
      <trkpt lat="43.402840" lon="-2.697030"/>
      <trkpt lat="43.402790" lon="-2.696960"/>
      <trkpt lat="43.402710" lon="-2.696870"/>
      <trkpt lat="43.402660" lon="-2.696830"/>
      <trkpt lat="43.402620" lon="-2.696800"/>
      <trkpt lat="43.402450" lon="-2.696670"/>
      <trkpt lat="43.402200" lon="-2.696480"/>
      <trkpt lat="43.401690" lon="-2.696100"/>
      <trkpt lat="43.401220" lon="-2.695740"/>
      <trkpt lat="43.400700" lon="-2.695340"/>
      <trkpt lat="43.400640" lon="-2.695310"/>
      <trkpt lat="43.400560" lon="-2.695290"/>
      <trkpt lat="43.400530" lon="-2.695280"/>
      <trkpt lat="43.400480" lon="-2.695280"/>
      <trkpt lat="43.400390" lon="-2.695290"/>
      <trkpt lat="43.400300" lon="-2.695310"/>
      <trkpt lat="43.400220" lon="-2.695350"/>
      <trkpt lat="43.400100" lon="-2.695400"/>
      <trkpt lat="43.400000" lon="-2.695460"/>
      <trkpt lat="43.399820" lon="-2.695600"/>
      <trkpt lat="43.399430" lon="-2.696000"/>
      <trkpt lat="43.399340" lon="-2.696120"/>
      <trkpt lat="43.399150" lon="-2.696340"/>
      <trkpt lat="43.399120" lon="-2.696390"/>
      <trkpt lat="43.399020" lon="-2.696600"/>
      <trkpt lat="43.398910" lon="-2.696910"/>
      <trkpt lat="43.398710" lon="-2.697640"/>
      <trkpt lat="43.398660" lon="-2.697810"/>
      <trkpt lat="43.398620" lon="-2.697950"/>
      <trkpt lat="43.398560" lon="-2.698080"/>
      <trkpt lat="43.398510" lon="-2.698160"/>
      <trkpt lat="43.398440" lon="-2.698250"/>
      <trkpt lat="43.398380" lon="-2.698320"/>
      <trkpt lat="43.398290" lon="-2.698380"/>
      <trkpt lat="43.398200" lon="-2.698420"/>
      <trkpt lat="43.398100" lon="-2.698440"/>
      <trkpt lat="43.398000" lon="-2.698440"/>
      <trkpt lat="43.397850" lon="-2.698430"/>
      <trkpt lat="43.397690" lon="-2.698400"/>
      <trkpt lat="43.397590" lon="-2.698370"/>
      <trkpt lat="43.397480" lon="-2.698340"/>
      <trkpt lat="43.397240" lon="-2.698280"/>
      <trkpt lat="43.396530" lon="-2.698070"/>
      <trkpt lat="43.396380" lon="-2.698020"/>
      <trkpt lat="43.396110" lon="-2.697940"/>
      <trkpt lat="43.395580" lon="-2.697770"/>
      <trkpt lat="43.395470" lon="-2.697740"/>
      <trkpt lat="43.395110" lon="-2.697630"/>
      <trkpt lat="43.394450" lon="-2.697430"/>
      <trkpt lat="43.394210" lon="-2.697350"/>
      <trkpt lat="43.393930" lon="-2.697270"/>
      <trkpt lat="43.393860" lon="-2.697250"/>
      <trkpt lat="43.393760" lon="-2.697210"/>
      <trkpt lat="43.393740" lon="-2.697210"/>
      <trkpt lat="43.393270" lon="-2.697060"/>
      <trkpt lat="43.393130" lon="-2.697020"/>
      <trkpt lat="43.393060" lon="-2.697000"/>
      <trkpt lat="43.392750" lon="-2.696910"/>
      <trkpt lat="43.392580" lon="-2.696860"/>
      <trkpt lat="43.392540" lon="-2.696840"/>
      <trkpt lat="43.392060" lon="-2.696700"/>
      <trkpt lat="43.392010" lon="-2.696690"/>
      <trkpt lat="43.391980" lon="-2.696670"/>
      <trkpt lat="43.391950" lon="-2.696640"/>
      <trkpt lat="43.391930" lon="-2.696610"/>
      <trkpt lat="43.391900" lon="-2.696570"/>
      <trkpt lat="43.391840" lon="-2.696460"/>
      <trkpt lat="43.391810" lon="-2.696380"/>
      <trkpt lat="43.391790" lon="-2.696310"/>
      <trkpt lat="43.391780" lon="-2.696220"/>
      <trkpt lat="43.391860" lon="-2.695850"/>
      <trkpt lat="43.391970" lon="-2.695470"/>
      <trkpt lat="43.391980" lon="-2.695350"/>
      <trkpt lat="43.391970" lon="-2.695230"/>
      <trkpt lat="43.391910" lon="-2.694900"/>
      <trkpt lat="43.391880" lon="-2.694780"/>
      <trkpt lat="43.391830" lon="-2.694660"/>
      <trkpt lat="43.391740" lon="-2.694540"/>
      <trkpt lat="43.391650" lon="-2.694490"/>
      <trkpt lat="43.391540" lon="-2.694460"/>
      <trkpt lat="43.391380" lon="-2.694470"/>
      <trkpt lat="43.391240" lon="-2.694490"/>
      <trkpt lat="43.391100" lon="-2.694520"/>
      <trkpt lat="43.391060" lon="-2.694530"/>
      <trkpt lat="43.390970" lon="-2.694560"/>
      <trkpt lat="43.390830" lon="-2.694600"/>
      <trkpt lat="43.390690" lon="-2.694650"/>
      <trkpt lat="43.390370" lon="-2.694800"/>
      <trkpt lat="43.389980" lon="-2.694990"/>
      <trkpt lat="43.389190" lon="-2.695350"/>
      <trkpt lat="43.388990" lon="-2.695450"/>
      <trkpt lat="43.388580" lon="-2.695630"/>
      <trkpt lat="43.388470" lon="-2.695730"/>
      <trkpt lat="43.388430" lon="-2.695770"/>
      <trkpt lat="43.388420" lon="-2.695840"/>
      <trkpt lat="43.388400" lon="-2.695890"/>
      <trkpt lat="43.388360" lon="-2.695940"/>
      <trkpt lat="43.388320" lon="-2.695960"/>
      <trkpt lat="43.388270" lon="-2.695970"/>
      <trkpt lat="43.388220" lon="-2.695950"/>
      <trkpt lat="43.388180" lon="-2.695910"/>
      <trkpt lat="43.388010" lon="-2.695890"/>
      <trkpt lat="43.387930" lon="-2.695920"/>
      <trkpt lat="43.387370" lon="-2.696170"/>
      <trkpt lat="43.386810" lon="-2.696410"/>
      <trkpt lat="43.386660" lon="-2.696480"/>
      <trkpt lat="43.386480" lon="-2.696570"/>
      <trkpt lat="43.385420" lon="-2.697040"/>
      <trkpt lat="43.384780" lon="-2.697350"/>
      <trkpt lat="43.384030" lon="-2.697690"/>
      <trkpt lat="43.383980" lon="-2.697710"/>
      <trkpt lat="43.382770" lon="-2.698270"/>
      <trkpt lat="43.382730" lon="-2.698280"/>
      <trkpt lat="43.382280" lon="-2.698500"/>
      <trkpt lat="43.382200" lon="-2.698550"/>
      <trkpt lat="43.381870" lon="-2.698710"/>
      <trkpt lat="43.381610" lon="-2.698830"/>
      <trkpt lat="43.381420" lon="-2.698920"/>
      <trkpt lat="43.380770" lon="-2.699240"/>
      <trkpt lat="43.380540" lon="-2.699340"/>
      <trkpt lat="43.380310" lon="-2.699440"/>
      <trkpt lat="43.380210" lon="-2.699460"/>
      <trkpt lat="43.379970" lon="-2.699460"/>
      <trkpt lat="43.379890" lon="-2.699460"/>
      <trkpt lat="43.379750" lon="-2.699450"/>
      <trkpt lat="43.379500" lon="-2.699440"/>
      <trkpt lat="43.379280" lon="-2.699440"/>
      <trkpt lat="43.378580" lon="-2.699420"/>
      <trkpt lat="43.378400" lon="-2.699410"/>
      <trkpt lat="43.378230" lon="-2.699400"/>
      <trkpt lat="43.378090" lon="-2.699420"/>
      <trkpt lat="43.378040" lon="-2.699430"/>
      <trkpt lat="43.378020" lon="-2.699450"/>
      <trkpt lat="43.378000" lon="-2.699470"/>
      <trkpt lat="43.377980" lon="-2.699480"/>
      <trkpt lat="43.377950" lon="-2.699480"/>
      <trkpt lat="43.377930" lon="-2.699480"/>
      <trkpt lat="43.377920" lon="-2.699460"/>
      <trkpt lat="43.377710" lon="-2.699370"/>
      <trkpt lat="43.377430" lon="-2.699380"/>
      <trkpt lat="43.376550" lon="-2.699370"/>
      <trkpt lat="43.376490" lon="-2.699370"/>
      <trkpt lat="43.376400" lon="-2.699370"/>
      <trkpt lat="43.375920" lon="-2.699360"/>
      <trkpt lat="43.375420" lon="-2.699340"/>
      <trkpt lat="43.375270" lon="-2.699310"/>
      <trkpt lat="43.375160" lon="-2.699290"/>
      <trkpt lat="43.375120" lon="-2.699280"/>
      <trkpt lat="43.374900" lon="-2.699200"/>
      <trkpt lat="43.374700" lon="-2.699090"/>
      <trkpt lat="43.374310" lon="-2.698840"/>
      <trkpt lat="43.373920" lon="-2.698570"/>
      <trkpt lat="43.373880" lon="-2.698540"/>
      <trkpt lat="43.373560" lon="-2.698320"/>
      <trkpt lat="43.372320" lon="-2.697450"/>
      <trkpt lat="43.372180" lon="-2.697350"/>
      <trkpt lat="43.371730" lon="-2.697050"/>
      <trkpt lat="43.371550" lon="-2.696920"/>
      <trkpt lat="43.371510" lon="-2.696890"/>
      <trkpt lat="43.371010" lon="-2.696540"/>
      <trkpt lat="43.370870" lon="-2.696440"/>
      <trkpt lat="43.370660" lon="-2.696290"/>
      <trkpt lat="43.369570" lon="-2.695530"/>
      <trkpt lat="43.369340" lon="-2.695360"/>
      <trkpt lat="43.369180" lon="-2.695340"/>
      <trkpt lat="43.369110" lon="-2.695360"/>
      <trkpt lat="43.369050" lon="-2.695380"/>
      <trkpt lat="43.369000" lon="-2.695380"/>
      <trkpt lat="43.368950" lon="-2.695350"/>
      <trkpt lat="43.368910" lon="-2.695300"/>
      <trkpt lat="43.368890" lon="-2.695230"/>
      <trkpt lat="43.368880" lon="-2.695160"/>
      <trkpt lat="43.368820" lon="-2.695060"/>
      <trkpt lat="43.368760" lon="-2.694970"/>
      <trkpt lat="43.368370" lon="-2.694700"/>
      <trkpt lat="43.368260" lon="-2.694630"/>
      <trkpt lat="43.368210" lon="-2.694600"/>
      <trkpt lat="43.368160" lon="-2.694560"/>
      <trkpt lat="43.368140" lon="-2.694540"/>
      <trkpt lat="43.368080" lon="-2.694500"/>
      <trkpt lat="43.367820" lon="-2.694320"/>
      <trkpt lat="43.367750" lon="-2.694270"/>
      <trkpt lat="43.367670" lon="-2.694220"/>
      <trkpt lat="43.367320" lon="-2.693980"/>
      <trkpt lat="43.367250" lon="-2.693930"/>
      <trkpt lat="43.367200" lon="-2.693890"/>
      <trkpt lat="43.366310" lon="-2.693250"/>
      <trkpt lat="43.365760" lon="-2.692860"/>
      <trkpt lat="43.365670" lon="-2.692790"/>
      <trkpt lat="43.364970" lon="-2.692280"/>
      <trkpt lat="43.364650" lon="-2.692040"/>
      <trkpt lat="43.364140" lon="-2.691680"/>
      <trkpt lat="43.363390" lon="-2.691150"/>
      <trkpt lat="43.363340" lon="-2.691110"/>
      <trkpt lat="43.363200" lon="-2.691010"/>
      <trkpt lat="43.363030" lon="-2.690900"/>
      <trkpt lat="43.362770" lon="-2.690710"/>
      <trkpt lat="43.362620" lon="-2.690600"/>
      <trkpt lat="43.362310" lon="-2.690390"/>
      <trkpt lat="43.361600" lon="-2.689910"/>
      <trkpt lat="43.361360" lon="-2.689750"/>
      <trkpt lat="43.361310" lon="-2.689720"/>
      <trkpt lat="43.361060" lon="-2.689540"/>
      <trkpt lat="43.360230" lon="-2.688960"/>
      <trkpt lat="43.359490" lon="-2.688440"/>
      <trkpt lat="43.359290" lon="-2.688310"/>
      <trkpt lat="43.358950" lon="-2.688060"/>
      <trkpt lat="43.358730" lon="-2.687910"/>
      <trkpt lat="43.358410" lon="-2.687680"/>
      <trkpt lat="43.358340" lon="-2.687630"/>
      <trkpt lat="43.357790" lon="-2.687240"/>
      <trkpt lat="43.357530" lon="-2.687080"/>
      <trkpt lat="43.357400" lon="-2.687020"/>
      <trkpt lat="43.357220" lon="-2.686940"/>
      <trkpt lat="43.356380" lon="-2.686550"/>
      <trkpt lat="43.356280" lon="-2.686500"/>
      <trkpt lat="43.355550" lon="-2.686180"/>
      <trkpt lat="43.355380" lon="-2.686080"/>
      <trkpt lat="43.355270" lon="-2.686000"/>
      <trkpt lat="43.355220" lon="-2.685960"/>
      <trkpt lat="43.355010" lon="-2.685780"/>
      <trkpt lat="43.354750" lon="-2.685540"/>
      <trkpt lat="43.354330" lon="-2.685150"/>
      <trkpt lat="43.353780" lon="-2.684660"/>
      <trkpt lat="43.353170" lon="-2.684130"/>
      <trkpt lat="43.353100" lon="-2.684070"/>
      <trkpt lat="43.352680" lon="-2.683690"/>
      <trkpt lat="43.352580" lon="-2.683600"/>
      <trkpt lat="43.352480" lon="-2.683520"/>
      <trkpt lat="43.352420" lon="-2.683480"/>
      <trkpt lat="43.351890" lon="-2.683040"/>
      <trkpt lat="43.351810" lon="-2.682960"/>
      <trkpt lat="43.351570" lon="-2.682730"/>
      <trkpt lat="43.351510" lon="-2.682680"/>
      <trkpt lat="43.351480" lon="-2.682640"/>
      <trkpt lat="43.351370" lon="-2.682530"/>
      <trkpt lat="43.351330" lon="-2.682490"/>
      <trkpt lat="43.351320" lon="-2.682480"/>
      <trkpt lat="43.351270" lon="-2.682440"/>
      <trkpt lat="43.351140" lon="-2.682340"/>
      <trkpt lat="43.351040" lon="-2.682270"/>
      <trkpt lat="43.351010" lon="-2.682250"/>
      <trkpt lat="43.350860" lon="-2.682140"/>
      <trkpt lat="43.350700" lon="-2.682030"/>
      <trkpt lat="43.350440" lon="-2.681900"/>
      <trkpt lat="43.349140" lon="-2.681270"/>
      <trkpt lat="43.347950" lon="-2.680670"/>
      <trkpt lat="43.347340" lon="-2.680370"/>
      <trkpt lat="43.346720" lon="-2.680060"/>
      <trkpt lat="43.346430" lon="-2.679910"/>
      <trkpt lat="43.346100" lon="-2.679750"/>
      <trkpt lat="43.346030" lon="-2.679710"/>
      <trkpt lat="43.345140" lon="-2.679270"/>
      <trkpt lat="43.344870" lon="-2.679150"/>
      <trkpt lat="43.344540" lon="-2.679010"/>
      <trkpt lat="43.343230" lon="-2.678480"/>
      <trkpt lat="43.342190" lon="-2.678060"/>
      <trkpt lat="43.341740" lon="-2.677880"/>
      <trkpt lat="43.340880" lon="-2.677540"/>
      <trkpt lat="43.340670" lon="-2.677460"/>
      <trkpt lat="43.339710" lon="-2.677050"/>
      <trkpt lat="43.339580" lon="-2.677000"/>
      <trkpt lat="43.338800" lon="-2.676690"/>
      <trkpt lat="43.338290" lon="-2.676480"/>
      <trkpt lat="43.337820" lon="-2.676280"/>
      <trkpt lat="43.337640" lon="-2.676240"/>
      <trkpt lat="43.337500" lon="-2.676220"/>
      <trkpt lat="43.337350" lon="-2.676230"/>
      <trkpt lat="43.336870" lon="-2.676300"/>
      <trkpt lat="43.336610" lon="-2.676340"/>
      <trkpt lat="43.335810" lon="-2.676450"/>
      <trkpt lat="43.335040" lon="-2.676530"/>
      <trkpt lat="43.334820" lon="-2.676560"/>
      <trkpt lat="43.334630" lon="-2.676590"/>
      <trkpt lat="43.334460" lon="-2.676620"/>
      <trkpt lat="43.334290" lon="-2.676640"/>
      <trkpt lat="43.333150" lon="-2.676810"/>
      <trkpt lat="43.332190" lon="-2.676940"/>
      <trkpt lat="43.332050" lon="-2.676960"/>
      <trkpt lat="43.331960" lon="-2.676970"/>
      <trkpt lat="43.331890" lon="-2.676980"/>
      <trkpt lat="43.331130" lon="-2.677100"/>
      <trkpt lat="43.331080" lon="-2.677110"/>
      <trkpt lat="43.331020" lon="-2.677120"/>
      <trkpt lat="43.330920" lon="-2.677130"/>
      <trkpt lat="43.330760" lon="-2.677150"/>
      <trkpt lat="43.330530" lon="-2.677160"/>
      <trkpt lat="43.330340" lon="-2.677190"/>
      <trkpt lat="43.329470" lon="-2.677290"/>
      <trkpt lat="43.328640" lon="-2.677400"/>
      <trkpt lat="43.327540" lon="-2.677540"/>
      <trkpt lat="43.326870" lon="-2.677640"/>
      <trkpt lat="43.326420" lon="-2.677700"/>
      <trkpt lat="43.326240" lon="-2.677760"/>
      <trkpt lat="43.326040" lon="-2.677800"/>
      <trkpt lat="43.325560" lon="-2.677880"/>
      <trkpt lat="43.325490" lon="-2.677890"/>
      <trkpt lat="43.325440" lon="-2.677890"/>
      <trkpt lat="43.325330" lon="-2.677910"/>
      <trkpt lat="43.324890" lon="-2.677940"/>
      <trkpt lat="43.324740" lon="-2.677930"/>
      <trkpt lat="43.324560" lon="-2.677960"/>
      <trkpt lat="43.324350" lon="-2.677980"/>
      <trkpt lat="43.324130" lon="-2.678010"/>
      <trkpt lat="43.323910" lon="-2.678050"/>
      <trkpt lat="43.323290" lon="-2.678140"/>
      <trkpt lat="43.323040" lon="-2.678170"/>
      <trkpt lat="43.321980" lon="-2.678290"/>
      <trkpt lat="43.321950" lon="-2.678300"/>
      <trkpt lat="43.321770" lon="-2.678330"/>
      <trkpt lat="43.321580" lon="-2.678360"/>
      <trkpt lat="43.321430" lon="-2.678390"/>
      <trkpt lat="43.321330" lon="-2.678400"/>
      <trkpt lat="43.321230" lon="-2.678400"/>
      <trkpt lat="43.321160" lon="-2.678390"/>
      <trkpt lat="43.321070" lon="-2.678390"/>
      <trkpt lat="43.320980" lon="-2.678380"/>
      <trkpt lat="43.320910" lon="-2.678360"/>
      <trkpt lat="43.320860" lon="-2.678350"/>
      <trkpt lat="43.320810" lon="-2.678340"/>
      <trkpt lat="43.320740" lon="-2.678330"/>
      <trkpt lat="43.320680" lon="-2.678330"/>
      <trkpt lat="43.320640" lon="-2.678340"/>
      <trkpt lat="43.320590" lon="-2.678350"/>
      <trkpt lat="43.320540" lon="-2.678350"/>
      <trkpt lat="43.320490" lon="-2.678330"/>
      <trkpt lat="43.320450" lon="-2.678290"/>
      <trkpt lat="43.320410" lon="-2.678220"/>
      <trkpt lat="43.320390" lon="-2.678140"/>
      <trkpt lat="43.320400" lon="-2.678050"/>
      <trkpt lat="43.320420" lon="-2.677970"/>
      <trkpt lat="43.320430" lon="-2.677910"/>
      <trkpt lat="43.320440" lon="-2.677810"/>
      <trkpt lat="43.320440" lon="-2.677670"/>
      <trkpt lat="43.320440" lon="-2.677560"/>
      <trkpt lat="43.320430" lon="-2.677460"/>
      <trkpt lat="43.320410" lon="-2.677360"/>
      <trkpt lat="43.320340" lon="-2.677050"/>
      <trkpt lat="43.320330" lon="-2.677020"/>
      <trkpt lat="43.320210" lon="-2.676500"/>
      <trkpt lat="43.320070" lon="-2.675890"/>
      <trkpt lat="43.320040" lon="-2.675780"/>
      <trkpt lat="43.319950" lon="-2.675370"/>
      <trkpt lat="43.319880" lon="-2.674950"/>
      <trkpt lat="43.319840" lon="-2.674640"/>
      <trkpt lat="43.319820" lon="-2.674320"/>
      <trkpt lat="43.319810" lon="-2.674000"/>
      <trkpt lat="43.319810" lon="-2.673770"/>
      <trkpt lat="43.319830" lon="-2.673460"/>
      <trkpt lat="43.319840" lon="-2.673300"/>
      <trkpt lat="43.319830" lon="-2.673130"/>
      <trkpt lat="43.319820" lon="-2.673010"/>
      <trkpt lat="43.319790" lon="-2.672890"/>
      <trkpt lat="43.319780" lon="-2.672860"/>
      <trkpt lat="43.319780" lon="-2.672830"/>
      <trkpt lat="43.319760" lon="-2.672790"/>
      <trkpt lat="43.319740" lon="-2.672770"/>
      <trkpt lat="43.319720" lon="-2.672740"/>
      <trkpt lat="43.319700" lon="-2.672710"/>
      <trkpt lat="43.319690" lon="-2.672670"/>
      <trkpt lat="43.319690" lon="-2.672630"/>
      <trkpt lat="43.319680" lon="-2.672590"/>
      <trkpt lat="43.319690" lon="-2.672540"/>
      <trkpt lat="43.319700" lon="-2.672500"/>
      <trkpt lat="43.319720" lon="-2.672460"/>
      <trkpt lat="43.319750" lon="-2.672430"/>
      <trkpt lat="43.319770" lon="-2.672410"/>
      <trkpt lat="43.319800" lon="-2.672390"/>
      <trkpt lat="43.319840" lon="-2.672390"/>
      <trkpt lat="43.319870" lon="-2.672390"/>
      <trkpt lat="43.319900" lon="-2.672370"/>
      <trkpt lat="43.319950" lon="-2.672330"/>
      <trkpt lat="43.320000" lon="-2.672280"/>
      <trkpt lat="43.320040" lon="-2.672230"/>
      <trkpt lat="43.320080" lon="-2.672180"/>
      <trkpt lat="43.320100" lon="-2.672150"/>
      <trkpt lat="43.320170" lon="-2.671990"/>
      <trkpt lat="43.320270" lon="-2.671790"/>
      <trkpt lat="43.320400" lon="-2.671560"/>
      <trkpt lat="43.320570" lon="-2.671330"/>
      <trkpt lat="43.320770" lon="-2.671120"/>
      <trkpt lat="43.320950" lon="-2.670930"/>
      <trkpt lat="43.321200" lon="-2.670670"/>
      <trkpt lat="43.321310" lon="-2.670560"/>
      <trkpt lat="43.321390" lon="-2.670470"/>
      <trkpt lat="43.321740" lon="-2.670140"/>
      <trkpt lat="43.321780" lon="-2.670100"/>
      <trkpt lat="43.321830" lon="-2.670050"/>
      <trkpt lat="43.321950" lon="-2.669930"/>
      <trkpt lat="43.321980" lon="-2.669900"/>
      <trkpt lat="43.322040" lon="-2.669840"/>
      <trkpt lat="43.322240" lon="-2.669630"/>
      <trkpt lat="43.322320" lon="-2.669540"/>
      <trkpt lat="43.322430" lon="-2.669310"/>
      <trkpt lat="43.322450" lon="-2.669260"/>
      <trkpt lat="43.322460" lon="-2.669170"/>
      <trkpt lat="43.322460" lon="-2.669120"/>
      <trkpt lat="43.322460" lon="-2.669060"/>
      <trkpt lat="43.322430" lon="-2.669020"/>
      <trkpt lat="43.322400" lon="-2.668980"/>
      <trkpt lat="43.322380" lon="-2.668900"/>
      <trkpt lat="43.322360" lon="-2.668820"/>
      <trkpt lat="43.322370" lon="-2.668740"/>
      <trkpt lat="43.322400" lon="-2.668660"/>
      <trkpt lat="43.322440" lon="-2.668600"/>
      <trkpt lat="43.322480" lon="-2.668560"/>
      <trkpt lat="43.322530" lon="-2.668530"/>
      <trkpt lat="43.322580" lon="-2.668530"/>
      <trkpt lat="43.322630" lon="-2.668540"/>
      <trkpt lat="43.322680" lon="-2.668560"/>
      <trkpt lat="43.322800" lon="-2.668580"/>
      <trkpt lat="43.322880" lon="-2.668580"/>
      <trkpt lat="43.322960" lon="-2.668580"/>
      <trkpt lat="43.323050" lon="-2.668560"/>
      <trkpt lat="43.323140" lon="-2.668520"/>
      <trkpt lat="43.323420" lon="-2.668330"/>
      <trkpt lat="43.323650" lon="-2.668200"/>
      <trkpt lat="43.323860" lon="-2.668010"/>
      <trkpt lat="43.323970" lon="-2.667900"/>
      <trkpt lat="43.324080" lon="-2.667790"/>
      <trkpt lat="43.324090" lon="-2.667780"/>
      <trkpt lat="43.324190" lon="-2.667670"/>
      <trkpt lat="43.324330" lon="-2.667530"/>
      <trkpt lat="43.324430" lon="-2.667430"/>
      <trkpt lat="43.324510" lon="-2.667350"/>
      <trkpt lat="43.324700" lon="-2.667180"/>
      <trkpt lat="43.324840" lon="-2.667110"/>
      <trkpt lat="43.325160" lon="-2.666950"/>
      <trkpt lat="43.325840" lon="-2.666620"/>
      <trkpt lat="43.326080" lon="-2.666500"/>
      <trkpt lat="43.326400" lon="-2.666320"/>
      <trkpt lat="43.326630" lon="-2.666150"/>
      <trkpt lat="43.326920" lon="-2.665870"/>
      <trkpt lat="43.327070" lon="-2.665700"/>
      <trkpt lat="43.327240" lon="-2.665500"/>
      <trkpt lat="43.327350" lon="-2.665360"/>
      <trkpt lat="43.327440" lon="-2.665200"/>
      <trkpt lat="43.327510" lon="-2.665050"/>
      <trkpt lat="43.327580" lon="-2.664900"/>
      <trkpt lat="43.327680" lon="-2.664610"/>
      <trkpt lat="43.327990" lon="-2.663650"/>
      <trkpt lat="43.328200" lon="-2.662950"/>
      <trkpt lat="43.328350" lon="-2.662470"/>
      <trkpt lat="43.328440" lon="-2.662170"/>
      <trkpt lat="43.328650" lon="-2.661600"/>
      <trkpt lat="43.328780" lon="-2.661290"/>
      <trkpt lat="43.328990" lon="-2.660860"/>
      <trkpt lat="43.329320" lon="-2.660220"/>
      <trkpt lat="43.329370" lon="-2.660140"/>
      <trkpt lat="43.329470" lon="-2.660010"/>
      <trkpt lat="43.329720" lon="-2.659740"/>
      <trkpt lat="43.330700" lon="-2.658820"/>
      <trkpt lat="43.331620" lon="-2.657960"/>
      <trkpt lat="43.332200" lon="-2.657430"/>
      <trkpt lat="43.332450" lon="-2.657200"/>
      <trkpt lat="43.332640" lon="-2.657040"/>
      <trkpt lat="43.332760" lon="-2.656960"/>
      <trkpt lat="43.332820" lon="-2.656930"/>
      <trkpt lat="43.332990" lon="-2.656850"/>
      <trkpt lat="43.333410" lon="-2.656690"/>
      <trkpt lat="43.333570" lon="-2.656610"/>
      <trkpt lat="43.333710" lon="-2.656530"/>
      <trkpt lat="43.333850" lon="-2.656420"/>
      <trkpt lat="43.333990" lon="-2.656270"/>
      <trkpt lat="43.334060" lon="-2.656190"/>
      <trkpt lat="43.334290" lon="-2.655900"/>
      <trkpt lat="43.334520" lon="-2.655590"/>
      <trkpt lat="43.334770" lon="-2.655280"/>
      <trkpt lat="43.334960" lon="-2.655030"/>
      <trkpt lat="43.335080" lon="-2.654910"/>
      <trkpt lat="43.335180" lon="-2.654810"/>
      <trkpt lat="43.335300" lon="-2.654720"/>
      <trkpt lat="43.335410" lon="-2.654670"/>
      <trkpt lat="43.335520" lon="-2.654640"/>
      <trkpt lat="43.335630" lon="-2.654620"/>
      <trkpt lat="43.335730" lon="-2.654610"/>
      <trkpt lat="43.335860" lon="-2.654620"/>
      <trkpt lat="43.335990" lon="-2.654640"/>
      <trkpt lat="43.336160" lon="-2.654680"/>
      <trkpt lat="43.336350" lon="-2.654750"/>
      <trkpt lat="43.336600" lon="-2.654840"/>
      <trkpt lat="43.336690" lon="-2.654880"/>
      <trkpt lat="43.336820" lon="-2.654920"/>
      <trkpt lat="43.337210" lon="-2.655070"/>
      <trkpt lat="43.337620" lon="-2.655220"/>
      <trkpt lat="43.337800" lon="-2.655260"/>
      <trkpt lat="43.337990" lon="-2.655280"/>
      <trkpt lat="43.338160" lon="-2.655260"/>
      <trkpt lat="43.338560" lon="-2.655180"/>
      <trkpt lat="43.338810" lon="-2.655130"/>
      <trkpt lat="43.339070" lon="-2.655020"/>
      <trkpt lat="43.339170" lon="-2.654960"/>
      <trkpt lat="43.339190" lon="-2.654920"/>
      <trkpt lat="43.339210" lon="-2.654900"/>
      <trkpt lat="43.339240" lon="-2.654870"/>
      <trkpt lat="43.339270" lon="-2.654860"/>
      <trkpt lat="43.339310" lon="-2.654870"/>
      <trkpt lat="43.339350" lon="-2.654890"/>
      <trkpt lat="43.339380" lon="-2.654920"/>
      <trkpt lat="43.339470" lon="-2.654950"/>
      <trkpt lat="43.339520" lon="-2.654960"/>
      <trkpt lat="43.339790" lon="-2.654940"/>
      <trkpt lat="43.339990" lon="-2.654890"/>
      <trkpt lat="43.340200" lon="-2.654840"/>
      <trkpt lat="43.340650" lon="-2.654740"/>
      <trkpt lat="43.340740" lon="-2.654710"/>
      <trkpt lat="43.341500" lon="-2.654500"/>
      <trkpt lat="43.341510" lon="-2.654490"/>
      <trkpt lat="43.341990" lon="-2.654320"/>
      <trkpt lat="43.342580" lon="-2.654130"/>
      <trkpt lat="43.343730" lon="-2.653750"/>
      <trkpt lat="43.344390" lon="-2.653540"/>
      <trkpt lat="43.344690" lon="-2.653440"/>
      <trkpt lat="43.344770" lon="-2.653420"/>
      <trkpt lat="43.345420" lon="-2.653220"/>
      <trkpt lat="43.345540" lon="-2.653190"/>
      <trkpt lat="43.345600" lon="-2.653160"/>
      <trkpt lat="43.345680" lon="-2.653120"/>
      <trkpt lat="43.345730" lon="-2.653090"/>
      <trkpt lat="43.345770" lon="-2.653070"/>
      <trkpt lat="43.345800" lon="-2.653050"/>
      <trkpt lat="43.345810" lon="-2.653040"/>
      <trkpt lat="43.345830" lon="-2.652980"/>
      <trkpt lat="43.345870" lon="-2.652940"/>
      <trkpt lat="43.345910" lon="-2.652920"/>
      <trkpt lat="43.345960" lon="-2.652910"/>
      <trkpt lat="43.346010" lon="-2.652940"/>
      <trkpt lat="43.346030" lon="-2.652960"/>
      <trkpt lat="43.346070" lon="-2.652960"/>
      <trkpt lat="43.346110" lon="-2.652960"/>
      <trkpt lat="43.346170" lon="-2.652950"/>
      <trkpt lat="43.346220" lon="-2.652940"/>
      <trkpt lat="43.346290" lon="-2.652910"/>
      <trkpt lat="43.346380" lon="-2.652900"/>
      <trkpt lat="43.346390" lon="-2.652900"/>
      <trkpt lat="43.346450" lon="-2.652880"/>
      <trkpt lat="43.346630" lon="-2.652820"/>
      <trkpt lat="43.347610" lon="-2.652490"/>
      <trkpt lat="43.347660" lon="-2.652470"/>
      <trkpt lat="43.347750" lon="-2.652440"/>
      <trkpt lat="43.347780" lon="-2.652430"/>
      <trkpt lat="43.348150" lon="-2.652310"/>
      <trkpt lat="43.349040" lon="-2.652020"/>
      <trkpt lat="43.349320" lon="-2.651930"/>
      <trkpt lat="43.349450" lon="-2.651890"/>
      <trkpt lat="43.349540" lon="-2.651860"/>
      <trkpt lat="43.349600" lon="-2.651840"/>
      <trkpt lat="43.349830" lon="-2.651770"/>
      <trkpt lat="43.349990" lon="-2.651710"/>
      <trkpt lat="43.350110" lon="-2.651670"/>
      <trkpt lat="43.350930" lon="-2.651410"/>
      <trkpt lat="43.351120" lon="-2.651350"/>
      <trkpt lat="43.351150" lon="-2.651340"/>
      <trkpt lat="43.352170" lon="-2.651000"/>
      <trkpt lat="43.352540" lon="-2.650880"/>
      <trkpt lat="43.352710" lon="-2.650820"/>
      <trkpt lat="43.352820" lon="-2.650790"/>
      <trkpt lat="43.353320" lon="-2.650630"/>
      <trkpt lat="43.353490" lon="-2.650560"/>
      <trkpt lat="43.353640" lon="-2.650490"/>
      <trkpt lat="43.353770" lon="-2.650440"/>
      <trkpt lat="43.353850" lon="-2.650400"/>
      <trkpt lat="43.353930" lon="-2.650410"/>
      <trkpt lat="43.353960" lon="-2.650410"/>
      <trkpt lat="43.354070" lon="-2.650440"/>
      <trkpt lat="43.354120" lon="-2.650460"/>
      <trkpt lat="43.354210" lon="-2.650520"/>
      <trkpt lat="43.354250" lon="-2.650560"/>
      <trkpt lat="43.354350" lon="-2.650660"/>
      <trkpt lat="43.354390" lon="-2.650660"/>
      <trkpt lat="43.354430" lon="-2.650680"/>
      <trkpt lat="43.354460" lon="-2.650710"/>
      <trkpt lat="43.354480" lon="-2.650750"/>
      <trkpt lat="43.354500" lon="-2.650800"/>
      <trkpt lat="43.354500" lon="-2.650860"/>
      <trkpt lat="43.354490" lon="-2.650920"/>
      <trkpt lat="43.354470" lon="-2.650970"/>
      <trkpt lat="43.354440" lon="-2.651010"/>
      <trkpt lat="43.354410" lon="-2.651030"/>
      <trkpt lat="43.354350" lon="-2.651130"/>
      <trkpt lat="43.354340" lon="-2.651200"/>
      <trkpt lat="43.354340" lon="-2.651290"/>
      <trkpt lat="43.354350" lon="-2.651420"/>
      <trkpt lat="43.354380" lon="-2.651490"/>
      <trkpt lat="43.354420" lon="-2.651550"/>
      <trkpt lat="43.354510" lon="-2.651640"/>
      <trkpt lat="43.354580" lon="-2.651710"/>
      <trkpt lat="43.354660" lon="-2.651780"/>
      <trkpt lat="43.354720" lon="-2.651820"/>
      <trkpt lat="43.354800" lon="-2.651870"/>
      <trkpt lat="43.354880" lon="-2.651900"/>
      <trkpt lat="43.354940" lon="-2.651930"/>
      <trkpt lat="43.354990" lon="-2.651940"/>
      <trkpt lat="43.355030" lon="-2.651950"/>
      <trkpt lat="43.355080" lon="-2.651960"/>
      <trkpt lat="43.355120" lon="-2.651970"/>
      <trkpt lat="43.355170" lon="-2.651970"/>
      <trkpt lat="43.355250" lon="-2.651970"/>
      <trkpt lat="43.355350" lon="-2.651960"/>
      <trkpt lat="43.355410" lon="-2.651950"/>
      <trkpt lat="43.355610" lon="-2.651910"/>
      <trkpt lat="43.355810" lon="-2.651870"/>
      <trkpt lat="43.355910" lon="-2.651850"/>
      <trkpt lat="43.356040" lon="-2.651840"/>
      <trkpt lat="43.356140" lon="-2.651850"/>
      <trkpt lat="43.356210" lon="-2.651860"/>
      <trkpt lat="43.356290" lon="-2.651890"/>
      <trkpt lat="43.356360" lon="-2.651920"/>
      <trkpt lat="43.356360" lon="-2.651930"/>
      <trkpt lat="43.356450" lon="-2.652000"/>
      <trkpt lat="43.356540" lon="-2.652090"/>
      <trkpt lat="43.356570" lon="-2.652120"/>
      <trkpt lat="43.356620" lon="-2.652200"/>
      <trkpt lat="43.356750" lon="-2.652420"/>
      <trkpt lat="43.356880" lon="-2.652610"/>
      <trkpt lat="43.357000" lon="-2.652800"/>
      <trkpt lat="43.357260" lon="-2.653160"/>
      <trkpt lat="43.357490" lon="-2.653460"/>
      <trkpt lat="43.357600" lon="-2.653580"/>
      <trkpt lat="43.357780" lon="-2.653800"/>
      <trkpt lat="43.357920" lon="-2.653960"/>
      <trkpt lat="43.357970" lon="-2.654010"/>
      <trkpt lat="43.358040" lon="-2.654060"/>
      <trkpt lat="43.358130" lon="-2.654110"/>
      <trkpt lat="43.358140" lon="-2.654120"/>
      <trkpt lat="43.358180" lon="-2.654140"/>
      <trkpt lat="43.358250" lon="-2.654160"/>
      <trkpt lat="43.358380" lon="-2.654220"/>
      <trkpt lat="43.358450" lon="-2.654260"/>
      <trkpt lat="43.358480" lon="-2.654280"/>
      <trkpt lat="43.358510" lon="-2.654300"/>
      <trkpt lat="43.358540" lon="-2.654320"/>
      <trkpt lat="43.358580" lon="-2.654350"/>
      <trkpt lat="43.358610" lon="-2.654380"/>
      <trkpt lat="43.358630" lon="-2.654400"/>
      <trkpt lat="43.358670" lon="-2.654440"/>
      <trkpt lat="43.358710" lon="-2.654490"/>
      <trkpt lat="43.358750" lon="-2.654540"/>
      <trkpt lat="43.358820" lon="-2.654620"/>
      <trkpt lat="43.358870" lon="-2.654700"/>
      <trkpt lat="43.358900" lon="-2.654750"/>
      <trkpt lat="43.358940" lon="-2.654820"/>
      <trkpt lat="43.358970" lon="-2.654890"/>
      <trkpt lat="43.359010" lon="-2.654980"/>
      <trkpt lat="43.359050" lon="-2.655070"/>
      <trkpt lat="43.359070" lon="-2.655150"/>
      <trkpt lat="43.359080" lon="-2.655190"/>
      <trkpt lat="43.359100" lon="-2.655250"/>
      <trkpt lat="43.359120" lon="-2.655320"/>
      <trkpt lat="43.359130" lon="-2.655390"/>
      <trkpt lat="43.359140" lon="-2.655460"/>
      <trkpt lat="43.359150" lon="-2.655540"/>
      <trkpt lat="43.359160" lon="-2.655590"/>
      <trkpt lat="43.359160" lon="-2.655660"/>
      <trkpt lat="43.359160" lon="-2.655740"/>
      <trkpt lat="43.359160" lon="-2.655850"/>
      <trkpt lat="43.359160" lon="-2.655920"/>
      <trkpt lat="43.359140" lon="-2.656350"/>
      <trkpt lat="43.359090" lon="-2.657620"/>
      <trkpt lat="43.359080" lon="-2.657940"/>
      <trkpt lat="43.359080" lon="-2.658140"/>
      <trkpt lat="43.359080" lon="-2.658320"/>
      <trkpt lat="43.359090" lon="-2.658480"/>
      <trkpt lat="43.359110" lon="-2.658600"/>
      <trkpt lat="43.359130" lon="-2.658740"/>
      <trkpt lat="43.359150" lon="-2.658850"/>
      <trkpt lat="43.359180" lon="-2.658970"/>
      <trkpt lat="43.359200" lon="-2.659070"/>
      <trkpt lat="43.359290" lon="-2.659450"/>
      <trkpt lat="43.359310" lon="-2.659560"/>
      <trkpt lat="43.359330" lon="-2.659620"/>
      <trkpt lat="43.359340" lon="-2.659680"/>
      <trkpt lat="43.359360" lon="-2.659840"/>
      <trkpt lat="43.359360" lon="-2.660020"/>
      <trkpt lat="43.359350" lon="-2.660100"/>
      <trkpt lat="43.359340" lon="-2.660150"/>
      <trkpt lat="43.359330" lon="-2.660200"/>
      <trkpt lat="43.359320" lon="-2.660260"/>
      <trkpt lat="43.359300" lon="-2.660340"/>
      <trkpt lat="43.359280" lon="-2.660380"/>
      <trkpt lat="43.359260" lon="-2.660430"/>
      <trkpt lat="43.359240" lon="-2.660470"/>
      <trkpt lat="43.359220" lon="-2.660510"/>
      <trkpt lat="43.359210" lon="-2.660550"/>
      <trkpt lat="43.359180" lon="-2.660590"/>
      <trkpt lat="43.359080" lon="-2.660740"/>
      <trkpt lat="43.358940" lon="-2.660950"/>
      <trkpt lat="43.358910" lon="-2.661000"/>
      <trkpt lat="43.358900" lon="-2.661030"/>
      <trkpt lat="43.358870" lon="-2.661070"/>
      <trkpt lat="43.358850" lon="-2.661120"/>
      <trkpt lat="43.358820" lon="-2.661180"/>
      <trkpt lat="43.358790" lon="-2.661260"/>
      <trkpt lat="43.358760" lon="-2.661360"/>
      <trkpt lat="43.358750" lon="-2.661440"/>
      <trkpt lat="43.358740" lon="-2.661540"/>
      <trkpt lat="43.358740" lon="-2.661600"/>
      <trkpt lat="43.358740" lon="-2.661640"/>
      <trkpt lat="43.358740" lon="-2.661690"/>
      <trkpt lat="43.358750" lon="-2.661770"/>
      <trkpt lat="43.358760" lon="-2.661870"/>
      <trkpt lat="43.358780" lon="-2.661970"/>
      <trkpt lat="43.358800" lon="-2.662030"/>
      <trkpt lat="43.358820" lon="-2.662080"/>
      <trkpt lat="43.358840" lon="-2.662130"/>
      <trkpt lat="43.358850" lon="-2.662160"/>
      <trkpt lat="43.358880" lon="-2.662230"/>
      <trkpt lat="43.358910" lon="-2.662290"/>
      <trkpt lat="43.358930" lon="-2.662320"/>
      <trkpt lat="43.358960" lon="-2.662360"/>
      <trkpt lat="43.359110" lon="-2.662580"/>
      <trkpt lat="43.359150" lon="-2.662630"/>
      <trkpt lat="43.359170" lon="-2.662670"/>
      <trkpt lat="43.359190" lon="-2.662710"/>
      <trkpt lat="43.359220" lon="-2.662760"/>
      <trkpt lat="43.359240" lon="-2.662820"/>
      <trkpt lat="43.359310" lon="-2.663010"/>
      <trkpt lat="43.359350" lon="-2.663100"/>
      <trkpt lat="43.359370" lon="-2.663150"/>
      <trkpt lat="43.359390" lon="-2.663200"/>
      <trkpt lat="43.359470" lon="-2.663340"/>
      <trkpt lat="43.359510" lon="-2.663420"/>
      <trkpt lat="43.359540" lon="-2.663460"/>
      <trkpt lat="43.359610" lon="-2.663560"/>
      <trkpt lat="43.359760" lon="-2.663790"/>
      <trkpt lat="43.359910" lon="-2.664020"/>
      <trkpt lat="43.360060" lon="-2.664250"/>
      <trkpt lat="43.360260" lon="-2.664560"/>
      <trkpt lat="43.360270" lon="-2.664590"/>
      <trkpt lat="43.360380" lon="-2.664770"/>
      <trkpt lat="43.360410" lon="-2.664820"/>
      <trkpt lat="43.360650" lon="-2.665260"/>
      <trkpt lat="43.360700" lon="-2.665340"/>
      <trkpt lat="43.360750" lon="-2.665450"/>
      <trkpt lat="43.360780" lon="-2.665490"/>
      <trkpt lat="43.360800" lon="-2.665520"/>
      <trkpt lat="43.360870" lon="-2.665590"/>
      <trkpt lat="43.360920" lon="-2.665650"/>
      <trkpt lat="43.360970" lon="-2.665690"/>
      <trkpt lat="43.361040" lon="-2.665750"/>
      <trkpt lat="43.361140" lon="-2.665800"/>
      <trkpt lat="43.361390" lon="-2.665950"/>
      <trkpt lat="43.361910" lon="-2.666280"/>
      <trkpt lat="43.361940" lon="-2.666290"/>
      <trkpt lat="43.361980" lon="-2.666330"/>
      <trkpt lat="43.362010" lon="-2.666370"/>
      <trkpt lat="43.362070" lon="-2.666430"/>
      <trkpt lat="43.362110" lon="-2.666500"/>
      <trkpt lat="43.362130" lon="-2.666530"/>
      <trkpt lat="43.362140" lon="-2.666560"/>
      <trkpt lat="43.362160" lon="-2.666600"/>
      <trkpt lat="43.362170" lon="-2.666630"/>
      <trkpt lat="43.362180" lon="-2.666670"/>
      <trkpt lat="43.362190" lon="-2.666710"/>
      <trkpt lat="43.362200" lon="-2.666740"/>
      <trkpt lat="43.362210" lon="-2.666780"/>
      <trkpt lat="43.362210" lon="-2.666820"/>
      <trkpt lat="43.362210" lon="-2.666860"/>
      <trkpt lat="43.362220" lon="-2.666900"/>
      <trkpt lat="43.362210" lon="-2.667060"/>
      <trkpt lat="43.362200" lon="-2.667190"/>
      <trkpt lat="43.362190" lon="-2.667240"/>
      <trkpt lat="43.362190" lon="-2.667280"/>
      <trkpt lat="43.362190" lon="-2.667320"/>
      <trkpt lat="43.362200" lon="-2.667380"/>
      <trkpt lat="43.362200" lon="-2.667430"/>
      <trkpt lat="43.362210" lon="-2.667470"/>
      <trkpt lat="43.362230" lon="-2.667520"/>
      <trkpt lat="43.362240" lon="-2.667560"/>
      <trkpt lat="43.362260" lon="-2.667610"/>
      <trkpt lat="43.362270" lon="-2.667650"/>
      <trkpt lat="43.362300" lon="-2.667690"/>
      <trkpt lat="43.362330" lon="-2.667750"/>
      <trkpt lat="43.362390" lon="-2.667810"/>
      <trkpt lat="43.362420" lon="-2.667840"/>
      <trkpt lat="43.362450" lon="-2.667860"/>
      <trkpt lat="43.362490" lon="-2.667890"/>
      <trkpt lat="43.362510" lon="-2.667900"/>
      <trkpt lat="43.362590" lon="-2.667930"/>
      <trkpt lat="43.362640" lon="-2.667950"/>
      <trkpt lat="43.362700" lon="-2.667970"/>
      <trkpt lat="43.362930" lon="-2.668010"/>
      <trkpt lat="43.363110" lon="-2.668040"/>
      <trkpt lat="43.363380" lon="-2.668080"/>
      <trkpt lat="43.363640" lon="-2.668120"/>
      <trkpt lat="43.363690" lon="-2.668120"/>
      <trkpt lat="43.363970" lon="-2.668170"/>
      <trkpt lat="43.364100" lon="-2.668180"/>
      <trkpt lat="43.364140" lon="-2.668180"/>
      <trkpt lat="43.364220" lon="-2.668200"/>
      <trkpt lat="43.364490" lon="-2.668240"/>
      <trkpt lat="43.364770" lon="-2.668270"/>
      <trkpt lat="43.364840" lon="-2.668290"/>
      <trkpt lat="43.364870" lon="-2.668300"/>
      <trkpt lat="43.364920" lon="-2.668330"/>
      <trkpt lat="43.364970" lon="-2.668360"/>
      <trkpt lat="43.364980" lon="-2.668360"/>
      <trkpt lat="43.365000" lon="-2.668370"/>
      <trkpt lat="43.365020" lon="-2.668390"/>
      <trkpt lat="43.365070" lon="-2.668430"/>
      <trkpt lat="43.365110" lon="-2.668470"/>
      <trkpt lat="43.365170" lon="-2.668540"/>
      <trkpt lat="43.365230" lon="-2.668630"/>
      <trkpt lat="43.365260" lon="-2.668690"/>
      <trkpt lat="43.365280" lon="-2.668740"/>
      <trkpt lat="43.365330" lon="-2.668850"/>
      <trkpt lat="43.365360" lon="-2.668910"/>
      <trkpt lat="43.365390" lon="-2.668970"/>
      <trkpt lat="43.365440" lon="-2.669070"/>
      <trkpt lat="43.365490" lon="-2.669130"/>
      <trkpt lat="43.365510" lon="-2.669150"/>
      <trkpt lat="43.365540" lon="-2.669170"/>
      <trkpt lat="43.365570" lon="-2.669190"/>
      <trkpt lat="43.365590" lon="-2.669210"/>
      <trkpt lat="43.365640" lon="-2.669230"/>
      <trkpt lat="43.365820" lon="-2.669300"/>
      <trkpt lat="43.366020" lon="-2.669360"/>
      <trkpt lat="43.366130" lon="-2.669380"/>
      <trkpt lat="43.366160" lon="-2.669390"/>
      <trkpt lat="43.366210" lon="-2.669390"/>
      <trkpt lat="43.366270" lon="-2.669390"/>
      <trkpt lat="43.366320" lon="-2.669390"/>
      <trkpt lat="43.366380" lon="-2.669380"/>
      <trkpt lat="43.366530" lon="-2.669340"/>
      <trkpt lat="43.366640" lon="-2.669310"/>
      <trkpt lat="43.366670" lon="-2.669300"/>
      <trkpt lat="43.366700" lon="-2.669300"/>
      <trkpt lat="43.366770" lon="-2.669280"/>
      <trkpt lat="43.366840" lon="-2.669260"/>
      <trkpt lat="43.366900" lon="-2.669250"/>
      <trkpt lat="43.366990" lon="-2.669240"/>
      <trkpt lat="43.367550" lon="-2.669160"/>
      <trkpt lat="43.368230" lon="-2.669050"/>
      <trkpt lat="43.368420" lon="-2.669030"/>
      <trkpt lat="43.368490" lon="-2.669030"/>
      <trkpt lat="43.368530" lon="-2.669040"/>
      <trkpt lat="43.368570" lon="-2.669050"/>
      <trkpt lat="43.368680" lon="-2.669090"/>
      <trkpt lat="43.368710" lon="-2.669100"/>
      <trkpt lat="43.368990" lon="-2.669260"/>
      <trkpt lat="43.369050" lon="-2.669290"/>
      <trkpt lat="43.369090" lon="-2.669310"/>
      <trkpt lat="43.369130" lon="-2.669320"/>
      <trkpt lat="43.369180" lon="-2.669330"/>
      <trkpt lat="43.369250" lon="-2.669340"/>
      <trkpt lat="43.369290" lon="-2.669350"/>
      <trkpt lat="43.369330" lon="-2.669350"/>
      <trkpt lat="43.369370" lon="-2.669350"/>
      <trkpt lat="43.369410" lon="-2.669340"/>
      <trkpt lat="43.369700" lon="-2.669310"/>
      <trkpt lat="43.369760" lon="-2.669300"/>
      <trkpt lat="43.369810" lon="-2.669300"/>
      <trkpt lat="43.369880" lon="-2.669310"/>
      <trkpt lat="43.369910" lon="-2.669310"/>
      <trkpt lat="43.369960" lon="-2.669330"/>
      <trkpt lat="43.369990" lon="-2.669340"/>
      <trkpt lat="43.370030" lon="-2.669350"/>
      <trkpt lat="43.370060" lon="-2.669370"/>
      <trkpt lat="43.370100" lon="-2.669390"/>
      <trkpt lat="43.370150" lon="-2.669430"/>
      <trkpt lat="43.370290" lon="-2.669540"/>
      <trkpt lat="43.370330" lon="-2.669570"/>
      <trkpt lat="43.370390" lon="-2.669600"/>
      <trkpt lat="43.370410" lon="-2.669610"/>
      <trkpt lat="43.370450" lon="-2.669630"/>
      <trkpt lat="43.370490" lon="-2.669650"/>
      <trkpt lat="43.370530" lon="-2.669660"/>
      <trkpt lat="43.370710" lon="-2.669690"/>
      <trkpt lat="43.370860" lon="-2.669710"/>
      <trkpt lat="43.370970" lon="-2.669740"/>
      <trkpt lat="43.371090" lon="-2.669770"/>
      <trkpt lat="43.371230" lon="-2.669830"/>
      <trkpt lat="43.371380" lon="-2.669890"/>
      <trkpt lat="43.371520" lon="-2.669970"/>
      <trkpt lat="43.371540" lon="-2.669980"/>
      <trkpt lat="43.371700" lon="-2.670090"/>
      <trkpt lat="43.371870" lon="-2.670200"/>
      <trkpt lat="43.372070" lon="-2.670310"/>
      <trkpt lat="43.372090" lon="-2.670320"/>
      <trkpt lat="43.372170" lon="-2.670360"/>
      <trkpt lat="43.372260" lon="-2.670400"/>
      <trkpt lat="43.372580" lon="-2.670540"/>
      <trkpt lat="43.372760" lon="-2.670600"/>
      <trkpt lat="43.372970" lon="-2.670680"/>
      <trkpt lat="43.373040" lon="-2.670710"/>
      <trkpt lat="43.373230" lon="-2.670800"/>
      <trkpt lat="43.373480" lon="-2.670900"/>
      <trkpt lat="43.373720" lon="-2.671000"/>
      <trkpt lat="43.373790" lon="-2.671030"/>
      <trkpt lat="43.373860" lon="-2.671060"/>
      <trkpt lat="43.374060" lon="-2.671160"/>
      <trkpt lat="43.374390" lon="-2.671400"/>
      <trkpt lat="43.374980" lon="-2.671870"/>
      <trkpt lat="43.375130" lon="-2.671980"/>
      <trkpt lat="43.375260" lon="-2.672060"/>
      <trkpt lat="43.375360" lon="-2.672090"/>
      <trkpt lat="43.375450" lon="-2.672110"/>
      <trkpt lat="43.375530" lon="-2.672110"/>
      <trkpt lat="43.375610" lon="-2.672100"/>
      <trkpt lat="43.375690" lon="-2.672080"/>
      <trkpt lat="43.375770" lon="-2.672040"/>
      <trkpt lat="43.375860" lon="-2.671980"/>
      <trkpt lat="43.376070" lon="-2.671800"/>
      <trkpt lat="43.376230" lon="-2.671710"/>
      <trkpt lat="43.376330" lon="-2.671660"/>
      <trkpt lat="43.376410" lon="-2.671640"/>
      <trkpt lat="43.376470" lon="-2.671630"/>
      <trkpt lat="43.376530" lon="-2.671620"/>
      <trkpt lat="43.376600" lon="-2.671610"/>
      <trkpt lat="43.376660" lon="-2.671620"/>
      <trkpt lat="43.376740" lon="-2.671630"/>
      <trkpt lat="43.376890" lon="-2.671670"/>
      <trkpt lat="43.376990" lon="-2.671710"/>
      <trkpt lat="43.377090" lon="-2.671770"/>
      <trkpt lat="43.377240" lon="-2.671870"/>
      <trkpt lat="43.377350" lon="-2.671950"/>
      <trkpt lat="43.377450" lon="-2.672060"/>
      <trkpt lat="43.377490" lon="-2.672100"/>
      <trkpt lat="43.377560" lon="-2.672190"/>
      <trkpt lat="43.377680" lon="-2.672330"/>
      <trkpt lat="43.378200" lon="-2.672980"/>
      <trkpt lat="43.378250" lon="-2.673040"/>
      <trkpt lat="43.378330" lon="-2.673130"/>
      <trkpt lat="43.378400" lon="-2.673190"/>
      <trkpt lat="43.378530" lon="-2.673310"/>
      <trkpt lat="43.378610" lon="-2.673380"/>
      <trkpt lat="43.378670" lon="-2.673410"/>
      <trkpt lat="43.378750" lon="-2.673460"/>
      <trkpt lat="43.379000" lon="-2.673580"/>
      <trkpt lat="43.379070" lon="-2.673610"/>
      <trkpt lat="43.379140" lon="-2.673650"/>
      <trkpt lat="43.379220" lon="-2.673690"/>
      <trkpt lat="43.379350" lon="-2.673760"/>
      <trkpt lat="43.379430" lon="-2.673800"/>
      <trkpt lat="43.379520" lon="-2.673870"/>
      <trkpt lat="43.379600" lon="-2.673930"/>
      <trkpt lat="43.379620" lon="-2.673940"/>
      <trkpt lat="43.379690" lon="-2.674000"/>
      <trkpt lat="43.379730" lon="-2.674040"/>
      <trkpt lat="43.379840" lon="-2.674140"/>
      <trkpt lat="43.379970" lon="-2.674270"/>
      <trkpt lat="43.380080" lon="-2.674330"/>
      <trkpt lat="43.380430" lon="-2.674480"/>
      <trkpt lat="43.380640" lon="-2.674570"/>
      <trkpt lat="43.380710" lon="-2.674600"/>
      <trkpt lat="43.380740" lon="-2.674610"/>
      <trkpt lat="43.381140" lon="-2.674780"/>
      <trkpt lat="43.381660" lon="-2.675010"/>
      <trkpt lat="43.381770" lon="-2.675060"/>
      <trkpt lat="43.381850" lon="-2.675100"/>
      <trkpt lat="43.381920" lon="-2.675150"/>
      <trkpt lat="43.382020" lon="-2.675210"/>
      <trkpt lat="43.382110" lon="-2.675290"/>
      <trkpt lat="43.382360" lon="-2.675540"/>
      <trkpt lat="43.382500" lon="-2.675700"/>
      <trkpt lat="43.382560" lon="-2.675770"/>
      <trkpt lat="43.382780" lon="-2.676050"/>
      <trkpt lat="43.382860" lon="-2.676120"/>
      <trkpt lat="43.382940" lon="-2.676200"/>
      <trkpt lat="43.383300" lon="-2.676520"/>
      <trkpt lat="43.383920" lon="-2.677070"/>
      <trkpt lat="43.383970" lon="-2.677110"/>
      <trkpt lat="43.384330" lon="-2.677430"/>
      <trkpt lat="43.384510" lon="-2.677550"/>
      <trkpt lat="43.384580" lon="-2.677580"/>
      <trkpt lat="43.384630" lon="-2.677610"/>
      <trkpt lat="43.384720" lon="-2.677650"/>
      <trkpt lat="43.384810" lon="-2.677700"/>
      <trkpt lat="43.384900" lon="-2.677760"/>
      <trkpt lat="43.384950" lon="-2.677790"/>
      <trkpt lat="43.385250" lon="-2.678040"/>
      <trkpt lat="43.385380" lon="-2.678140"/>
      <trkpt lat="43.385410" lon="-2.678160"/>
      <trkpt lat="43.385470" lon="-2.678210"/>
      <trkpt lat="43.385610" lon="-2.678320"/>
      <trkpt lat="43.386010" lon="-2.678610"/>
      <trkpt lat="43.386360" lon="-2.678870"/>
      <trkpt lat="43.386420" lon="-2.678910"/>
      <trkpt lat="43.386440" lon="-2.678930"/>
      <trkpt lat="43.386480" lon="-2.678960"/>
      <trkpt lat="43.386520" lon="-2.678990"/>
      <trkpt lat="43.386670" lon="-2.679090"/>
      <trkpt lat="43.387070" lon="-2.679390"/>
      <trkpt lat="43.387300" lon="-2.679560"/>
      <trkpt lat="43.387550" lon="-2.679750"/>
      <trkpt lat="43.387780" lon="-2.679940"/>
      <trkpt lat="43.387980" lon="-2.680100"/>
      <trkpt lat="43.388210" lon="-2.680280"/>
      <trkpt lat="43.388440" lon="-2.680460"/>
      <trkpt lat="43.388610" lon="-2.680590"/>
      <trkpt lat="43.388680" lon="-2.680640"/>
      <trkpt lat="43.388750" lon="-2.680690"/>
      <trkpt lat="43.388820" lon="-2.680730"/>
      <trkpt lat="43.388890" lon="-2.680780"/>
      <trkpt lat="43.389000" lon="-2.680840"/>
      <trkpt lat="43.389450" lon="-2.681090"/>
      <trkpt lat="43.389690" lon="-2.681220"/>
      <trkpt lat="43.389920" lon="-2.681340"/>
      <trkpt lat="43.390120" lon="-2.681430"/>
      <trkpt lat="43.390380" lon="-2.681550"/>
      <trkpt lat="43.390630" lon="-2.681650"/>
      <trkpt lat="43.391230" lon="-2.681950"/>
      <trkpt lat="43.391300" lon="-2.681990"/>
      <trkpt lat="43.391470" lon="-2.682100"/>
      <trkpt lat="43.391700" lon="-2.682250"/>
      <trkpt lat="43.391900" lon="-2.682380"/>
      <trkpt lat="43.392130" lon="-2.682510"/>
      <trkpt lat="43.392150" lon="-2.682530"/>
      <trkpt lat="43.392290" lon="-2.682580"/>
      <trkpt lat="43.392310" lon="-2.682580"/>
      <trkpt lat="43.392480" lon="-2.682620"/>
      <trkpt lat="43.392500" lon="-2.682620"/>
      <trkpt lat="43.392550" lon="-2.682630"/>
      <trkpt lat="43.392590" lon="-2.682630"/>
      <trkpt lat="43.392610" lon="-2.682640"/>
      <trkpt lat="43.392730" lon="-2.682640"/>
      <trkpt lat="43.392910" lon="-2.682640"/>
      <trkpt lat="43.393130" lon="-2.682620"/>
      <trkpt lat="43.393310" lon="-2.682590"/>
      <trkpt lat="43.393350" lon="-2.682580"/>
      <trkpt lat="43.393400" lon="-2.682560"/>
      <trkpt lat="43.393460" lon="-2.682540"/>
      <trkpt lat="43.393520" lon="-2.682510"/>
      <trkpt lat="43.393570" lon="-2.682470"/>
      <trkpt lat="43.393620" lon="-2.682430"/>
      <trkpt lat="43.393690" lon="-2.682380"/>
      <trkpt lat="43.393730" lon="-2.682330"/>
      <trkpt lat="43.393780" lon="-2.682290"/>
      <trkpt lat="43.393840" lon="-2.682200"/>
      <trkpt lat="43.393900" lon="-2.682120"/>
      <trkpt lat="43.393940" lon="-2.682040"/>
      <trkpt lat="43.393980" lon="-2.681950"/>
      <trkpt lat="43.394000" lon="-2.681910"/>
      <trkpt lat="43.394010" lon="-2.681870"/>
      <trkpt lat="43.394020" lon="-2.681840"/>
      <trkpt lat="43.394130" lon="-2.681450"/>
      <trkpt lat="43.394190" lon="-2.681220"/>
      <trkpt lat="43.394250" lon="-2.681000"/>
      <trkpt lat="43.394320" lon="-2.680770"/>
      <trkpt lat="43.394360" lon="-2.680670"/>
      <trkpt lat="43.394390" lon="-2.680610"/>
      <trkpt lat="43.394400" lon="-2.680590"/>
      <trkpt lat="43.394470" lon="-2.680490"/>
      <trkpt lat="43.394540" lon="-2.680420"/>
      <trkpt lat="43.394570" lon="-2.680380"/>
      <trkpt lat="43.394590" lon="-2.680370"/>
      <trkpt lat="43.394620" lon="-2.680350"/>
      <trkpt lat="43.394750" lon="-2.680280"/>
      <trkpt lat="43.394820" lon="-2.680240"/>
      <trkpt lat="43.394880" lon="-2.680220"/>
      <trkpt lat="43.394950" lon="-2.680210"/>
      <trkpt lat="43.395020" lon="-2.680200"/>
      <trkpt lat="43.395090" lon="-2.680200"/>
      <trkpt lat="43.395160" lon="-2.680210"/>
      <trkpt lat="43.395230" lon="-2.680230"/>
      <trkpt lat="43.395290" lon="-2.680250"/>
      <trkpt lat="43.395350" lon="-2.680280"/>
      <trkpt lat="43.395410" lon="-2.680310"/>
      <trkpt lat="43.395480" lon="-2.680360"/>
      <trkpt lat="43.395560" lon="-2.680440"/>
      <trkpt lat="43.395620" lon="-2.680520"/>
      <trkpt lat="43.395670" lon="-2.680590"/>
      <trkpt lat="43.395710" lon="-2.680670"/>
      <trkpt lat="43.395760" lon="-2.680770"/>
      <trkpt lat="43.395810" lon="-2.680920"/>
      <trkpt lat="43.396010" lon="-2.681720"/>
      <trkpt lat="43.396200" lon="-2.682420"/>
      <trkpt lat="43.396230" lon="-2.682530"/>
      <trkpt lat="43.396270" lon="-2.682630"/>
      <trkpt lat="43.396400" lon="-2.682900"/>
      <trkpt lat="43.396540" lon="-2.683170"/>
      <trkpt lat="43.396670" lon="-2.683420"/>
      <trkpt lat="43.396760" lon="-2.683550"/>
      <trkpt lat="43.396820" lon="-2.683640"/>
      <trkpt lat="43.396930" lon="-2.683760"/>
      <trkpt lat="43.397020" lon="-2.683860"/>
      <trkpt lat="43.397140" lon="-2.683970"/>
      <trkpt lat="43.397230" lon="-2.684030"/>
      <trkpt lat="43.397330" lon="-2.684090"/>
      <trkpt lat="43.397460" lon="-2.684140"/>
      <trkpt lat="43.398080" lon="-2.684370"/>
      <trkpt lat="43.398270" lon="-2.684410"/>
      <trkpt lat="43.398310" lon="-2.684420"/>
      <trkpt lat="43.398430" lon="-2.684430"/>
      <trkpt lat="43.398760" lon="-2.684460"/>
      <trkpt lat="43.398970" lon="-2.684480"/>
      <trkpt lat="43.399280" lon="-2.684500"/>
      <trkpt lat="43.399610" lon="-2.684530"/>
      <trkpt lat="43.399780" lon="-2.684540"/>
      <trkpt lat="43.399790" lon="-2.684540"/>
      <trkpt lat="43.399990" lon="-2.684550"/>
      <trkpt lat="43.400200" lon="-2.684570"/>
      <trkpt lat="43.400290" lon="-2.684590"/>
      <trkpt lat="43.400300" lon="-2.684590"/>
      <trkpt lat="43.400350" lon="-2.684600"/>
      <trkpt lat="43.400440" lon="-2.684600"/>
      <trkpt lat="43.400470" lon="-2.684610"/>
      <trkpt lat="43.400550" lon="-2.684610"/>
      <trkpt lat="43.400860" lon="-2.684640"/>
      <trkpt lat="43.400970" lon="-2.684640"/>
      <trkpt lat="43.401110" lon="-2.684640"/>
      <trkpt lat="43.401140" lon="-2.684640"/>
      <trkpt lat="43.401450" lon="-2.684610"/>
      <trkpt lat="43.401630" lon="-2.684590"/>
      <trkpt lat="43.401700" lon="-2.684570"/>
      <trkpt lat="43.401780" lon="-2.684550"/>
      <trkpt lat="43.401860" lon="-2.684530"/>
      <trkpt lat="43.401920" lon="-2.684510"/>
      <trkpt lat="43.402100" lon="-2.684430"/>
      <trkpt lat="43.402180" lon="-2.684400"/>
      <trkpt lat="43.402260" lon="-2.684380"/>
      <trkpt lat="43.402340" lon="-2.684370"/>
      <trkpt lat="43.402580" lon="-2.684350"/>
      <trkpt lat="43.403030" lon="-2.684300"/>
      <trkpt lat="43.403210" lon="-2.684280"/>
      <trkpt lat="43.403350" lon="-2.684270"/>
      <trkpt lat="43.403630" lon="-2.684260"/>
      <trkpt lat="43.403700" lon="-2.684260"/>
      <trkpt lat="43.403780" lon="-2.684250"/>
      <trkpt lat="43.403830" lon="-2.684230"/>
      <trkpt lat="43.403920" lon="-2.684200"/>
      <trkpt lat="43.403970" lon="-2.684160"/>
      <trkpt lat="43.404030" lon="-2.684120"/>
      <trkpt lat="43.404080" lon="-2.684080"/>
      <trkpt lat="43.404120" lon="-2.684030"/>
      <trkpt lat="43.404190" lon="-2.683930"/>
      <trkpt lat="43.404240" lon="-2.683860"/>
      <trkpt lat="43.404300" lon="-2.683750"/>
      <trkpt lat="43.404430" lon="-2.683480"/>
      <trkpt lat="43.404520" lon="-2.683310"/>
      <trkpt lat="43.404600" lon="-2.683190"/>
      <trkpt lat="43.404650" lon="-2.683120"/>
      <trkpt lat="43.404720" lon="-2.683040"/>
      <trkpt lat="43.404800" lon="-2.682960"/>
      <trkpt lat="43.404870" lon="-2.682900"/>
      <trkpt lat="43.405100" lon="-2.682720"/>
      <trkpt lat="43.405180" lon="-2.682660"/>
      <trkpt lat="43.405240" lon="-2.682600"/>
      <trkpt lat="43.405300" lon="-2.682530"/>
      <trkpt lat="43.405350" lon="-2.682470"/>
      <trkpt lat="43.405380" lon="-2.682430"/>
      <trkpt lat="43.405410" lon="-2.682370"/>
      <trkpt lat="43.405460" lon="-2.682260"/>
      <trkpt lat="43.405520" lon="-2.682100"/>
      <trkpt lat="43.405570" lon="-2.681930"/>
      <trkpt lat="43.405910" lon="-2.680870"/>
      <trkpt lat="43.405960" lon="-2.680740"/>
      <trkpt lat="43.405990" lon="-2.680660"/>
      <trkpt lat="43.406030" lon="-2.680590"/>
      <trkpt lat="43.406080" lon="-2.680500"/>
      <trkpt lat="43.406140" lon="-2.680410"/>
      <trkpt lat="43.406200" lon="-2.680330"/>
      <trkpt lat="43.406530" lon="-2.679940"/>
      <trkpt lat="43.406570" lon="-2.679900"/>
      <trkpt lat="43.406610" lon="-2.679820"/>
      <trkpt lat="43.406650" lon="-2.679760"/>
      <trkpt lat="43.406690" lon="-2.679680"/>
      <trkpt lat="43.406730" lon="-2.679580"/>
      <trkpt lat="43.406790" lon="-2.679430"/>
      <trkpt lat="43.406820" lon="-2.679330"/>
      <trkpt lat="43.406860" lon="-2.679220"/>
      <trkpt lat="43.406910" lon="-2.679120"/>
      <trkpt lat="43.407040" lon="-2.678900"/>
      <trkpt lat="43.407280" lon="-2.678530"/>
      <trkpt lat="43.407370" lon="-2.678390"/>
      <trkpt lat="43.407470" lon="-2.678270"/>
      <trkpt lat="43.407520" lon="-2.678220"/>
      <trkpt lat="43.407550" lon="-2.678200"/>
      <trkpt lat="43.407580" lon="-2.678170"/>
      <trkpt lat="43.407610" lon="-2.678150"/>
      <trkpt lat="43.407650" lon="-2.678130"/>
      <trkpt lat="43.407680" lon="-2.678110"/>
      <trkpt lat="43.407730" lon="-2.678100"/>
      <trkpt lat="43.407760" lon="-2.678090"/>
      <trkpt lat="43.407800" lon="-2.678080"/>
      <trkpt lat="43.407860" lon="-2.678080"/>
      <trkpt lat="43.407890" lon="-2.678080"/>
      <trkpt lat="43.407960" lon="-2.678090"/>
      <trkpt lat="43.408110" lon="-2.678120"/>
      <trkpt lat="43.408420" lon="-2.678220"/>
      <trkpt lat="43.408620" lon="-2.678280"/>
      <trkpt lat="43.408710" lon="-2.678300"/>
      <trkpt lat="43.408780" lon="-2.678300"/>
      <trkpt lat="43.408820" lon="-2.678300"/>
      <trkpt lat="43.408870" lon="-2.678290"/>
      <trkpt lat="43.408900" lon="-2.678280"/>
      <trkpt lat="43.408930" lon="-2.678270"/>
      <trkpt lat="43.408970" lon="-2.678250"/>
      <trkpt lat="43.409020" lon="-2.678230"/>
      <trkpt lat="43.409070" lon="-2.678200"/>
      <trkpt lat="43.409110" lon="-2.678160"/>
      <trkpt lat="43.409140" lon="-2.678120"/>
      <trkpt lat="43.409170" lon="-2.678090"/>
      <trkpt lat="43.409210" lon="-2.678020"/>
      <trkpt lat="43.409240" lon="-2.677960"/>
      <trkpt lat="43.409260" lon="-2.677900"/>
      <trkpt lat="43.409280" lon="-2.677860"/>
      <trkpt lat="43.409290" lon="-2.677810"/>
      <trkpt lat="43.409300" lon="-2.677730"/>
      <trkpt lat="43.409310" lon="-2.677630"/>
      <trkpt lat="43.409320" lon="-2.677560"/>
      <trkpt lat="43.409350" lon="-2.677570"/>
      <trkpt lat="43.409520" lon="-2.677620"/>
      <trkpt lat="43.409600" lon="-2.677590"/>
      <trkpt lat="43.409700" lon="-2.677520"/>
      <trkpt lat="43.409760" lon="-2.677500"/>
      <trkpt lat="43.409890" lon="-2.677560"/>
      <trkpt lat="43.410010" lon="-2.677620"/>
      <trkpt lat="43.410120" lon="-2.677650"/>
      <trkpt lat="43.410180" lon="-2.677620"/>
      <trkpt lat="43.410220" lon="-2.677570"/>
      <trkpt lat="43.410230" lon="-2.677490"/>
      <trkpt lat="43.410220" lon="-2.677570"/>
      <trkpt lat="43.410220" lon="-2.677570"/>
      <trkpt lat="43.410180" lon="-2.677620"/>
      <trkpt lat="43.410120" lon="-2.677650"/>
      <trkpt lat="43.410010" lon="-2.677620"/>
      <trkpt lat="43.409890" lon="-2.677560"/>
      <trkpt lat="43.409760" lon="-2.677500"/>
      <trkpt lat="43.409700" lon="-2.677520"/>
      <trkpt lat="43.409600" lon="-2.677590"/>
      <trkpt lat="43.409520" lon="-2.677620"/>
      <trkpt lat="43.409350" lon="-2.677570"/>
      <trkpt lat="43.409320" lon="-2.677560"/>
      <trkpt lat="43.409310" lon="-2.677630"/>
      <trkpt lat="43.409300" lon="-2.677730"/>
      <trkpt lat="43.409290" lon="-2.677810"/>
      <trkpt lat="43.409280" lon="-2.677860"/>
      <trkpt lat="43.409260" lon="-2.677900"/>
      <trkpt lat="43.409240" lon="-2.677960"/>
      <trkpt lat="43.409210" lon="-2.678020"/>
      <trkpt lat="43.409170" lon="-2.678090"/>
      <trkpt lat="43.409140" lon="-2.678120"/>
      <trkpt lat="43.409110" lon="-2.678160"/>
      <trkpt lat="43.409070" lon="-2.678200"/>
      <trkpt lat="43.409020" lon="-2.678230"/>
      <trkpt lat="43.408970" lon="-2.678250"/>
      <trkpt lat="43.408930" lon="-2.678270"/>
      <trkpt lat="43.408900" lon="-2.678280"/>
      <trkpt lat="43.408870" lon="-2.678290"/>
      <trkpt lat="43.408820" lon="-2.678300"/>
      <trkpt lat="43.408780" lon="-2.678300"/>
      <trkpt lat="43.408710" lon="-2.678300"/>
      <trkpt lat="43.408620" lon="-2.678280"/>
      <trkpt lat="43.408420" lon="-2.678220"/>
      <trkpt lat="43.408110" lon="-2.678120"/>
      <trkpt lat="43.407960" lon="-2.678090"/>
      <trkpt lat="43.407890" lon="-2.678080"/>
      <trkpt lat="43.407860" lon="-2.678080"/>
      <trkpt lat="43.407800" lon="-2.678080"/>
      <trkpt lat="43.407760" lon="-2.678090"/>
      <trkpt lat="43.407730" lon="-2.678100"/>
      <trkpt lat="43.407680" lon="-2.678110"/>
      <trkpt lat="43.407650" lon="-2.678130"/>
      <trkpt lat="43.407610" lon="-2.678150"/>
      <trkpt lat="43.407580" lon="-2.678170"/>
      <trkpt lat="43.407550" lon="-2.678200"/>
      <trkpt lat="43.407520" lon="-2.678220"/>
      <trkpt lat="43.407470" lon="-2.678270"/>
      <trkpt lat="43.407370" lon="-2.678390"/>
      <trkpt lat="43.407280" lon="-2.678530"/>
      <trkpt lat="43.407040" lon="-2.678900"/>
      <trkpt lat="43.406910" lon="-2.679120"/>
      <trkpt lat="43.406860" lon="-2.679220"/>
      <trkpt lat="43.406820" lon="-2.679330"/>
      <trkpt lat="43.406770" lon="-2.679300"/>
      <trkpt lat="43.406600" lon="-2.679240"/>
      <trkpt lat="43.406490" lon="-2.679190"/>
      <trkpt lat="43.406430" lon="-2.679150"/>
      <trkpt lat="43.406320" lon="-2.679050"/>
      <trkpt lat="43.406140" lon="-2.678850"/>
      <trkpt lat="43.406050" lon="-2.678840"/>
      <trkpt lat="43.405970" lon="-2.678900"/>
      <trkpt lat="43.405920" lon="-2.678960"/>
      <trkpt lat="43.405870" lon="-2.679050"/>
      <trkpt lat="43.405830" lon="-2.679180"/>
      <trkpt lat="43.405810" lon="-2.679240"/>
      <trkpt lat="43.405760" lon="-2.679310"/>
      <trkpt lat="43.405670" lon="-2.679390"/>
      <trkpt lat="43.405620" lon="-2.679420"/>
      <trkpt lat="43.405520" lon="-2.679440"/>
      <trkpt lat="43.405470" lon="-2.679480"/>
      <trkpt lat="43.405410" lon="-2.679600"/>
      <trkpt lat="43.405360" lon="-2.679750"/>
      <trkpt lat="43.405340" lon="-2.679860"/>
      <trkpt lat="43.405310" lon="-2.679980"/>
      <trkpt lat="43.405250" lon="-2.680140"/>
      <trkpt lat="43.405160" lon="-2.680290"/>
      <trkpt lat="43.405010" lon="-2.680540"/>
      <trkpt lat="43.404960" lon="-2.680620"/>
      <trkpt lat="43.404880" lon="-2.680780"/>
      <trkpt lat="43.404830" lon="-2.680930"/>
      <trkpt lat="43.404780" lon="-2.681060"/>
      <trkpt lat="43.404640" lon="-2.681170"/>
      <trkpt lat="43.404560" lon="-2.681200"/>
      <trkpt lat="43.404500" lon="-2.681200"/>
      <trkpt lat="43.404460" lon="-2.681190"/>
      <trkpt lat="43.404400" lon="-2.681160"/>
      <trkpt lat="43.404370" lon="-2.681100"/>
      <trkpt lat="43.404370" lon="-2.681020"/>
      <trkpt lat="43.404390" lon="-2.680900"/>
      <trkpt lat="43.404430" lon="-2.680810"/>
      <trkpt lat="43.404640" lon="-2.680190"/>
      <trkpt lat="43.404820" lon="-2.679520"/>
      <trkpt lat="43.404960" lon="-2.679110"/>
      <trkpt lat="43.405040" lon="-2.678720"/>
      <trkpt lat="43.405060" lon="-2.678460"/>
      <trkpt lat="43.405090" lon="-2.678310"/>
      <trkpt lat="43.405120" lon="-2.677870"/>
      <trkpt lat="43.405110" lon="-2.677630"/>
      <trkpt lat="43.405120" lon="-2.677500"/>
      <trkpt lat="43.405130" lon="-2.677380"/>
      <trkpt lat="43.405130" lon="-2.677170"/>
      <trkpt lat="43.405180" lon="-2.676840"/>
      <trkpt lat="43.405210" lon="-2.676590"/>
      <trkpt lat="43.405300" lon="-2.676170"/>
      <trkpt lat="43.405350" lon="-2.676060"/>
      <trkpt lat="43.405420" lon="-2.675950"/>
      <trkpt lat="43.405490" lon="-2.675880"/>
      <trkpt lat="43.405720" lon="-2.675740"/>
      <trkpt lat="43.405840" lon="-2.675630"/>
      <trkpt lat="43.405910" lon="-2.675550"/>
      <trkpt lat="43.406000" lon="-2.675480"/>
      <trkpt lat="43.406090" lon="-2.675390"/>
      <trkpt lat="43.406140" lon="-2.675330"/>
      <trkpt lat="43.406170" lon="-2.675250"/>
      <trkpt lat="43.406260" lon="-2.674940"/>
      <trkpt lat="43.406320" lon="-2.674680"/>
      <trkpt lat="43.406360" lon="-2.674410"/>
      <trkpt lat="43.406370" lon="-2.674300"/>
      <trkpt lat="43.406360" lon="-2.674160"/>
      <trkpt lat="43.406330" lon="-2.673860"/>
      <trkpt lat="43.406260" lon="-2.673560"/>
      <trkpt lat="43.406230" lon="-2.673410"/>
      <trkpt lat="43.406240" lon="-2.673290"/>
      <trkpt lat="43.406260" lon="-2.673140"/>
      <trkpt lat="43.406300" lon="-2.673000"/>
      <trkpt lat="43.406350" lon="-2.672900"/>
      <trkpt lat="43.406410" lon="-2.672790"/>
      <trkpt lat="43.406430" lon="-2.672720"/>
      <trkpt lat="43.406430" lon="-2.672690"/>
      <trkpt lat="43.406420" lon="-2.672650"/>
      <trkpt lat="43.406390" lon="-2.672580"/>
      <trkpt lat="43.406230" lon="-2.672360"/>
      <trkpt lat="43.406000" lon="-2.672060"/>
      <trkpt lat="43.405930" lon="-2.671940"/>
      <trkpt lat="43.405870" lon="-2.671810"/>
      <trkpt lat="43.405810" lon="-2.671550"/>
      <trkpt lat="43.405760" lon="-2.671360"/>
      <trkpt lat="43.405710" lon="-2.671130"/>
      <trkpt lat="43.405870" lon="-2.670900"/>
      <trkpt lat="43.405920" lon="-2.670790"/>
      <trkpt lat="43.405930" lon="-2.670760"/>
      <trkpt lat="43.405950" lon="-2.670700"/>
      <trkpt lat="43.405970" lon="-2.670630"/>
      <trkpt lat="43.405980" lon="-2.670560"/>
      <trkpt lat="43.405970" lon="-2.670170"/>
      <trkpt lat="43.405920" lon="-2.669990"/>
      <trkpt lat="43.405740" lon="-2.669350"/>
      <trkpt lat="43.405570" lon="-2.668970"/>
      <trkpt lat="43.405530" lon="-2.668880"/>
      <trkpt lat="43.405460" lon="-2.668790"/>
      <trkpt lat="43.405370" lon="-2.668720"/>
      <trkpt lat="43.405200" lon="-2.668690"/>
      <trkpt lat="43.405100" lon="-2.668650"/>
      <trkpt lat="43.404920" lon="-2.668590"/>
      <trkpt lat="43.404720" lon="-2.668490"/>
      <trkpt lat="43.404600" lon="-2.668400"/>
      <trkpt lat="43.404500" lon="-2.668310"/>
      <trkpt lat="43.404290" lon="-2.668080"/>
      <trkpt lat="43.403920" lon="-2.667640"/>
      <trkpt lat="43.403800" lon="-2.667480"/>
      <trkpt lat="43.403730" lon="-2.667430"/>
      <trkpt lat="43.403610" lon="-2.667370"/>
      <trkpt lat="43.403420" lon="-2.667240"/>
      <trkpt lat="43.403300" lon="-2.667110"/>
      <trkpt lat="43.403200" lon="-2.666970"/>
      <trkpt lat="43.403130" lon="-2.666820"/>
      <trkpt lat="43.403040" lon="-2.666340"/>
      <trkpt lat="43.402980" lon="-2.666110"/>
      <trkpt lat="43.402870" lon="-2.665900"/>
      <trkpt lat="43.402770" lon="-2.665760"/>
      <trkpt lat="43.402670" lon="-2.665580"/>
      <trkpt lat="43.402550" lon="-2.665310"/>
      <trkpt lat="43.402500" lon="-2.665150"/>
      <trkpt lat="43.402420" lon="-2.664960"/>
      <trkpt lat="43.402370" lon="-2.664870"/>
      <trkpt lat="43.402300" lon="-2.664790"/>
      <trkpt lat="43.402120" lon="-2.664650"/>
      <trkpt lat="43.402030" lon="-2.664510"/>
      <trkpt lat="43.401960" lon="-2.664300"/>
      <trkpt lat="43.401880" lon="-2.663980"/>
      <trkpt lat="43.401750" lon="-2.663680"/>
      <trkpt lat="43.401700" lon="-2.663500"/>
      <trkpt lat="43.401630" lon="-2.663260"/>
      <trkpt lat="43.401610" lon="-2.663170"/>
      <trkpt lat="43.401490" lon="-2.663000"/>
      <trkpt lat="43.401440" lon="-2.662890"/>
      <trkpt lat="43.401390" lon="-2.662670"/>
      <trkpt lat="43.401340" lon="-2.662540"/>
      <trkpt lat="43.401290" lon="-2.662460"/>
      <trkpt lat="43.401170" lon="-2.662410"/>
      <trkpt lat="43.401030" lon="-2.662420"/>
      <trkpt lat="43.400920" lon="-2.662460"/>
      <trkpt lat="43.400770" lon="-2.662640"/>
      <trkpt lat="43.400710" lon="-2.662670"/>
      <trkpt lat="43.400580" lon="-2.662690"/>
      <trkpt lat="43.400450" lon="-2.662690"/>
      <trkpt lat="43.400320" lon="-2.662660"/>
      <trkpt lat="43.400230" lon="-2.662630"/>
      <trkpt lat="43.400110" lon="-2.662540"/>
      <trkpt lat="43.400050" lon="-2.662510"/>
      <trkpt lat="43.399980" lon="-2.662470"/>
      <trkpt lat="43.399870" lon="-2.662430"/>
      <trkpt lat="43.399690" lon="-2.662400"/>
      <trkpt lat="43.399580" lon="-2.662360"/>
      <trkpt lat="43.399450" lon="-2.662270"/>
      <trkpt lat="43.399390" lon="-2.662190"/>
      <trkpt lat="43.399310" lon="-2.662050"/>
      <trkpt lat="43.399140" lon="-2.661820"/>
      <trkpt lat="43.399120" lon="-2.661750"/>
      <trkpt lat="43.399020" lon="-2.661840"/>
      <trkpt lat="43.398970" lon="-2.661920"/>
      <trkpt lat="43.398910" lon="-2.662030"/>
      <trkpt lat="43.398850" lon="-2.662150"/>
      <trkpt lat="43.398820" lon="-2.662170"/>
      <trkpt lat="43.398740" lon="-2.662160"/>
      <trkpt lat="43.398670" lon="-2.662120"/>
      <trkpt lat="43.398460" lon="-2.661970"/>
      <trkpt lat="43.398390" lon="-2.661900"/>
      <trkpt lat="43.398310" lon="-2.661770"/>
      <trkpt lat="43.398280" lon="-2.661720"/>
      <trkpt lat="43.398020" lon="-2.661280"/>
      <trkpt lat="43.398020" lon="-2.661230"/>
      <trkpt lat="43.398050" lon="-2.661150"/>
      <trkpt lat="43.398060" lon="-2.661080"/>
      <trkpt lat="43.398060" lon="-2.660990"/>
      <trkpt lat="43.398050" lon="-2.660940"/>
      <trkpt lat="43.398080" lon="-2.660910"/>
      <trkpt lat="43.398130" lon="-2.660880"/>
      <trkpt lat="43.398270" lon="-2.660820"/>
      <trkpt lat="43.398300" lon="-2.660800"/>
      <trkpt lat="43.398360" lon="-2.660680"/>
      <trkpt lat="43.398270" lon="-2.660470"/>
      <trkpt lat="43.398110" lon="-2.660010"/>
      <trkpt lat="43.397970" lon="-2.659680"/>
      <trkpt lat="43.397870" lon="-2.659470"/>
      <trkpt lat="43.397830" lon="-2.659400"/>
      <trkpt lat="43.397750" lon="-2.659280"/>
      <trkpt lat="43.397630" lon="-2.659120"/>
      <trkpt lat="43.397110" lon="-2.658540"/>
      <trkpt lat="43.396990" lon="-2.658370"/>
      <trkpt lat="43.396780" lon="-2.657990"/>
      <trkpt lat="43.396630" lon="-2.657720"/>
      <trkpt lat="43.396090" lon="-2.656740"/>
      <trkpt lat="43.395900" lon="-2.656400"/>
      <trkpt lat="43.395860" lon="-2.656340"/>
      <trkpt lat="43.395820" lon="-2.656270"/>
      <trkpt lat="43.395780" lon="-2.656120"/>
      <trkpt lat="43.395760" lon="-2.655960"/>
      <trkpt lat="43.395790" lon="-2.655340"/>
      <trkpt lat="43.395790" lon="-2.655110"/>
      <trkpt lat="43.395750" lon="-2.654960"/>
      <trkpt lat="43.395630" lon="-2.654590"/>
      <trkpt lat="43.395490" lon="-2.654170"/>
      <trkpt lat="43.395450" lon="-2.654010"/>
      <trkpt lat="43.395390" lon="-2.653530"/>
      <trkpt lat="43.395340" lon="-2.653400"/>
      <trkpt lat="43.395280" lon="-2.653300"/>
      <trkpt lat="43.395230" lon="-2.653230"/>
      <trkpt lat="43.395080" lon="-2.653060"/>
      <trkpt lat="43.395020" lon="-2.652970"/>
      <trkpt lat="43.394990" lon="-2.652850"/>
      <trkpt lat="43.394980" lon="-2.652720"/>
      <trkpt lat="43.395000" lon="-2.652090"/>
      <trkpt lat="43.395020" lon="-2.651580"/>
      <trkpt lat="43.395030" lon="-2.651410"/>
      <trkpt lat="43.395050" lon="-2.651260"/>
      <trkpt lat="43.395120" lon="-2.651000"/>
      <trkpt lat="43.395180" lon="-2.650680"/>
      <trkpt lat="43.395200" lon="-2.650560"/>
      <trkpt lat="43.395190" lon="-2.650380"/>
      <trkpt lat="43.395170" lon="-2.650280"/>
      <trkpt lat="43.395120" lon="-2.650080"/>
      <trkpt lat="43.395030" lon="-2.649730"/>
      <trkpt lat="43.394990" lon="-2.649620"/>
      <trkpt lat="43.394950" lon="-2.649540"/>
      <trkpt lat="43.394750" lon="-2.649200"/>
      <trkpt lat="43.394660" lon="-2.649010"/>
      <trkpt lat="43.394590" lon="-2.648880"/>
      <trkpt lat="43.394530" lon="-2.648770"/>
      <trkpt lat="43.394480" lon="-2.648710"/>
      <trkpt lat="43.394390" lon="-2.648670"/>
      <trkpt lat="43.394320" lon="-2.648670"/>
      <trkpt lat="43.394190" lon="-2.648710"/>
      <trkpt lat="43.394130" lon="-2.648710"/>
      <trkpt lat="43.394060" lon="-2.648680"/>
      <trkpt lat="43.393990" lon="-2.648620"/>
      <trkpt lat="43.393940" lon="-2.648520"/>
      <trkpt lat="43.393930" lon="-2.648410"/>
      <trkpt lat="43.394000" lon="-2.647890"/>
      <trkpt lat="43.394100" lon="-2.647310"/>
      <trkpt lat="43.394090" lon="-2.647230"/>
      <trkpt lat="43.394070" lon="-2.647160"/>
      <trkpt lat="43.394050" lon="-2.647100"/>
      <trkpt lat="43.394010" lon="-2.647060"/>
      <trkpt lat="43.393950" lon="-2.647010"/>
      <trkpt lat="43.393900" lon="-2.646980"/>
      <trkpt lat="43.393850" lon="-2.646980"/>
      <trkpt lat="43.393800" lon="-2.646990"/>
      <trkpt lat="43.393760" lon="-2.647040"/>
      <trkpt lat="43.393610" lon="-2.647190"/>
      <trkpt lat="43.393550" lon="-2.647220"/>
      <trkpt lat="43.393490" lon="-2.647220"/>
      <trkpt lat="43.393440" lon="-2.647190"/>
      <trkpt lat="43.393410" lon="-2.647150"/>
      <trkpt lat="43.393380" lon="-2.647090"/>
      <trkpt lat="43.393360" lon="-2.647020"/>
      <trkpt lat="43.393350" lon="-2.646960"/>
      <trkpt lat="43.393360" lon="-2.646890"/>
      <trkpt lat="43.393380" lon="-2.646720"/>
      <trkpt lat="43.393390" lon="-2.646600"/>
      <trkpt lat="43.393380" lon="-2.646480"/>
      <trkpt lat="43.393370" lon="-2.646390"/>
      <trkpt lat="43.393360" lon="-2.646320"/>
      <trkpt lat="43.393350" lon="-2.646240"/>
      <trkpt lat="43.393330" lon="-2.646170"/>
      <trkpt lat="43.393300" lon="-2.646100"/>
      <trkpt lat="43.393260" lon="-2.646040"/>
      <trkpt lat="43.393210" lon="-2.645980"/>
      <trkpt lat="43.393160" lon="-2.645950"/>
      <trkpt lat="43.393110" lon="-2.645940"/>
      <trkpt lat="43.393050" lon="-2.645940"/>
      <trkpt lat="43.393010" lon="-2.645970"/>
      <trkpt lat="43.392570" lon="-2.646340"/>
      <trkpt lat="43.392410" lon="-2.646450"/>
      <trkpt lat="43.392350" lon="-2.646460"/>
      <trkpt lat="43.392290" lon="-2.646430"/>
      <trkpt lat="43.392260" lon="-2.646370"/>
      <trkpt lat="43.392240" lon="-2.646280"/>
      <trkpt lat="43.392240" lon="-2.646170"/>
      <trkpt lat="43.392290" lon="-2.645870"/>
      <trkpt lat="43.392320" lon="-2.645750"/>
      <trkpt lat="43.392340" lon="-2.645590"/>
      <trkpt lat="43.392350" lon="-2.645470"/>
      <trkpt lat="43.392350" lon="-2.645340"/>
      <trkpt lat="43.392330" lon="-2.645020"/>
      <trkpt lat="43.392320" lon="-2.644780"/>
      <trkpt lat="43.392310" lon="-2.644250"/>
      <trkpt lat="43.392300" lon="-2.644150"/>
      <trkpt lat="43.392280" lon="-2.644060"/>
      <trkpt lat="43.392250" lon="-2.643970"/>
      <trkpt lat="43.392160" lon="-2.643820"/>
      <trkpt lat="43.392110" lon="-2.643770"/>
      <trkpt lat="43.392060" lon="-2.643710"/>
      <trkpt lat="43.392000" lon="-2.643660"/>
      <trkpt lat="43.391940" lon="-2.643640"/>
      <trkpt lat="43.391880" lon="-2.643630"/>
      <trkpt lat="43.391800" lon="-2.643640"/>
      <trkpt lat="43.391620" lon="-2.643700"/>
      <trkpt lat="43.391340" lon="-2.643840"/>
      <trkpt lat="43.391020" lon="-2.644010"/>
      <trkpt lat="43.390940" lon="-2.644060"/>
      <trkpt lat="43.390880" lon="-2.644090"/>
      <trkpt lat="43.390810" lon="-2.644090"/>
      <trkpt lat="43.390770" lon="-2.644070"/>
      <trkpt lat="43.390720" lon="-2.644020"/>
      <trkpt lat="43.390690" lon="-2.643960"/>
      <trkpt lat="43.390680" lon="-2.643890"/>
      <trkpt lat="43.390680" lon="-2.643820"/>
      <trkpt lat="43.390700" lon="-2.643740"/>
      <trkpt lat="43.390730" lon="-2.643670"/>
      <trkpt lat="43.390780" lon="-2.643590"/>
      <trkpt lat="43.390830" lon="-2.643490"/>
      <trkpt lat="43.390870" lon="-2.643380"/>
      <trkpt lat="43.391060" lon="-2.642870"/>
      <trkpt lat="43.391070" lon="-2.642850"/>
      <trkpt lat="43.391130" lon="-2.642670"/>
      <trkpt lat="43.391120" lon="-2.642600"/>
      <trkpt lat="43.391110" lon="-2.642530"/>
      <trkpt lat="43.391080" lon="-2.642470"/>
      <trkpt lat="43.390820" lon="-2.642140"/>
      <trkpt lat="43.390770" lon="-2.642060"/>
      <trkpt lat="43.390710" lon="-2.641930"/>
      <trkpt lat="43.390680" lon="-2.641840"/>
      <trkpt lat="43.390660" lon="-2.641680"/>
      <trkpt lat="43.390570" lon="-2.641220"/>
      <trkpt lat="43.390560" lon="-2.641110"/>
      <trkpt lat="43.390570" lon="-2.641000"/>
      <trkpt lat="43.390570" lon="-2.640920"/>
      <trkpt lat="43.390630" lon="-2.640590"/>
      <trkpt lat="43.390720" lon="-2.640170"/>
      <trkpt lat="43.390740" lon="-2.640100"/>
      <trkpt lat="43.390780" lon="-2.640040"/>
      <trkpt lat="43.390830" lon="-2.639980"/>
      <trkpt lat="43.391010" lon="-2.639870"/>
      <trkpt lat="43.391250" lon="-2.639730"/>
      <trkpt lat="43.391390" lon="-2.639630"/>
      <trkpt lat="43.391600" lon="-2.639550"/>
      <trkpt lat="43.391620" lon="-2.639470"/>
      <trkpt lat="43.391640" lon="-2.639370"/>
      <trkpt lat="43.391690" lon="-2.639210"/>
      <trkpt lat="43.391700" lon="-2.639170"/>
      <trkpt lat="43.391740" lon="-2.639030"/>
      <trkpt lat="43.391760" lon="-2.638940"/>
      <trkpt lat="43.391770" lon="-2.638900"/>
      <trkpt lat="43.391770" lon="-2.638870"/>
      <trkpt lat="43.391770" lon="-2.638790"/>
      <trkpt lat="43.391770" lon="-2.638710"/>
      <trkpt lat="43.391770" lon="-2.638640"/>
      <trkpt lat="43.391760" lon="-2.638580"/>
      <trkpt lat="43.391750" lon="-2.638530"/>
      <trkpt lat="43.391630" lon="-2.638010"/>
      <trkpt lat="43.391570" lon="-2.637740"/>
      <trkpt lat="43.391470" lon="-2.637310"/>
      <trkpt lat="43.391440" lon="-2.637180"/>
      <trkpt lat="43.391330" lon="-2.636670"/>
      <trkpt lat="43.391240" lon="-2.636270"/>
      <trkpt lat="43.391220" lon="-2.636200"/>
      <trkpt lat="43.391210" lon="-2.636170"/>
      <trkpt lat="43.391200" lon="-2.636140"/>
      <trkpt lat="43.391180" lon="-2.636110"/>
      <trkpt lat="43.391170" lon="-2.636080"/>
      <trkpt lat="43.391130" lon="-2.636000"/>
      <trkpt lat="43.391070" lon="-2.635940"/>
      <trkpt lat="43.391040" lon="-2.635910"/>
      <trkpt lat="43.390930" lon="-2.635820"/>
      <trkpt lat="43.390660" lon="-2.635610"/>
      <trkpt lat="43.390510" lon="-2.635490"/>
      <trkpt lat="43.390440" lon="-2.635430"/>
      <trkpt lat="43.390400" lon="-2.635400"/>
      <trkpt lat="43.390360" lon="-2.635350"/>
      <trkpt lat="43.390330" lon="-2.635310"/>
      <trkpt lat="43.390300" lon="-2.635270"/>
      <trkpt lat="43.390230" lon="-2.635160"/>
      <trkpt lat="43.390190" lon="-2.635080"/>
      <trkpt lat="43.390160" lon="-2.634990"/>
      <trkpt lat="43.390130" lon="-2.634870"/>
      <trkpt lat="43.390110" lon="-2.634730"/>
      <trkpt lat="43.390100" lon="-2.634590"/>
      <trkpt lat="43.390080" lon="-2.634310"/>
      <trkpt lat="43.390070" lon="-2.634090"/>
      <trkpt lat="43.390040" lon="-2.633920"/>
      <trkpt lat="43.390000" lon="-2.633750"/>
      <trkpt lat="43.389950" lon="-2.633620"/>
      <trkpt lat="43.389880" lon="-2.633490"/>
      <trkpt lat="43.389800" lon="-2.633340"/>
      <trkpt lat="43.389590" lon="-2.633060"/>
      <trkpt lat="43.388920" lon="-2.632150"/>
      <trkpt lat="43.388730" lon="-2.631890"/>
      <trkpt lat="43.388570" lon="-2.631650"/>
      <trkpt lat="43.388460" lon="-2.631510"/>
      <trkpt lat="43.388410" lon="-2.631460"/>
      <trkpt lat="43.388360" lon="-2.631440"/>
      <trkpt lat="43.388330" lon="-2.631430"/>
      <trkpt lat="43.388310" lon="-2.631430"/>
      <trkpt lat="43.388170" lon="-2.631450"/>
      <trkpt lat="43.387790" lon="-2.631500"/>
      <trkpt lat="43.387660" lon="-2.631530"/>
      <trkpt lat="43.387580" lon="-2.631560"/>
      <trkpt lat="43.387480" lon="-2.631610"/>
      <trkpt lat="43.387350" lon="-2.631680"/>
      <trkpt lat="43.386910" lon="-2.631990"/>
      <trkpt lat="43.386570" lon="-2.632250"/>
      <trkpt lat="43.386420" lon="-2.632390"/>
      <trkpt lat="43.386300" lon="-2.632520"/>
      <trkpt lat="43.386130" lon="-2.632740"/>
      <trkpt lat="43.386020" lon="-2.632910"/>
      <trkpt lat="43.385760" lon="-2.633410"/>
      <trkpt lat="43.385700" lon="-2.633540"/>
      <trkpt lat="43.385550" lon="-2.633880"/>
      <trkpt lat="43.385490" lon="-2.634010"/>
      <trkpt lat="43.385410" lon="-2.634120"/>
      <trkpt lat="43.385310" lon="-2.634250"/>
      <trkpt lat="43.385170" lon="-2.634360"/>
      <trkpt lat="43.385050" lon="-2.634450"/>
      <trkpt lat="43.384900" lon="-2.634540"/>
      <trkpt lat="43.384700" lon="-2.634620"/>
      <trkpt lat="43.384400" lon="-2.634710"/>
      <trkpt lat="43.384250" lon="-2.634740"/>
      <trkpt lat="43.383600" lon="-2.634780"/>
      <trkpt lat="43.383510" lon="-2.634780"/>
      <trkpt lat="43.382860" lon="-2.634820"/>
      <trkpt lat="43.382300" lon="-2.634860"/>
      <trkpt lat="43.382050" lon="-2.634880"/>
      <trkpt lat="43.381960" lon="-2.634890"/>
      <trkpt lat="43.381860" lon="-2.634910"/>
      <trkpt lat="43.381690" lon="-2.634960"/>
      <trkpt lat="43.381110" lon="-2.635150"/>
      <trkpt lat="43.380470" lon="-2.635370"/>
      <trkpt lat="43.380210" lon="-2.635430"/>
      <trkpt lat="43.380090" lon="-2.635440"/>
      <trkpt lat="43.379950" lon="-2.635440"/>
      <trkpt lat="43.379820" lon="-2.635420"/>
      <trkpt lat="43.379670" lon="-2.635370"/>
      <trkpt lat="43.379510" lon="-2.635310"/>
      <trkpt lat="43.379360" lon="-2.635210"/>
      <trkpt lat="43.379230" lon="-2.635110"/>
      <trkpt lat="43.378950" lon="-2.634830"/>
      <trkpt lat="43.378750" lon="-2.634620"/>
      <trkpt lat="43.378600" lon="-2.634470"/>
      <trkpt lat="43.378660" lon="-2.634450"/>
      <trkpt lat="43.378750" lon="-2.634480"/>
      <trkpt lat="43.378800" lon="-2.634520"/>
      <trkpt lat="43.379230" lon="-2.634900"/>
      <trkpt lat="43.379310" lon="-2.634950"/>
      <trkpt lat="43.379410" lon="-2.634990"/>
      <trkpt lat="43.379500" lon="-2.635000"/>
      <trkpt lat="43.379610" lon="-2.634990"/>
      <trkpt lat="43.379830" lon="-2.634930"/>
      <trkpt lat="43.379910" lon="-2.634920"/>
      <trkpt lat="43.379980" lon="-2.634930"/>
      <trkpt lat="43.380130" lon="-2.634960"/>
      <trkpt lat="43.380220" lon="-2.634950"/>
      <trkpt lat="43.380300" lon="-2.634920"/>
      <trkpt lat="43.380400" lon="-2.634830"/>
      <trkpt lat="43.380470" lon="-2.634730"/>
      <trkpt lat="43.380670" lon="-2.634350"/>
      <trkpt lat="43.380770" lon="-2.634190"/>
      <trkpt lat="43.381120" lon="-2.633800"/>
      <trkpt lat="43.381200" lon="-2.633680"/>
      <trkpt lat="43.381250" lon="-2.633570"/>
      <trkpt lat="43.381280" lon="-2.633420"/>
      <trkpt lat="43.381280" lon="-2.633290"/>
      <trkpt lat="43.381230" lon="-2.633120"/>
      <trkpt lat="43.381050" lon="-2.632650"/>
      <trkpt lat="43.380880" lon="-2.632160"/>
      <trkpt lat="43.380830" lon="-2.632020"/>
      <trkpt lat="43.380790" lon="-2.631850"/>
      <trkpt lat="43.380690" lon="-2.631250"/>
      <trkpt lat="43.380650" lon="-2.631020"/>
      <trkpt lat="43.380660" lon="-2.630860"/>
      <trkpt lat="43.380690" lon="-2.630630"/>
      <trkpt lat="43.380690" lon="-2.630530"/>
      <trkpt lat="43.380680" lon="-2.630400"/>
      <trkpt lat="43.380650" lon="-2.630250"/>
      <trkpt lat="43.380560" lon="-2.630020"/>
      <trkpt lat="43.380490" lon="-2.629890"/>
      <trkpt lat="43.380420" lon="-2.629780"/>
      <trkpt lat="43.380270" lon="-2.629640"/>
      <trkpt lat="43.379930" lon="-2.629280"/>
      <trkpt lat="43.379860" lon="-2.629190"/>
      <trkpt lat="43.379800" lon="-2.629090"/>
      <trkpt lat="43.379650" lon="-2.628770"/>
      <trkpt lat="43.379570" lon="-2.628560"/>
      <trkpt lat="43.379540" lon="-2.628460"/>
      <trkpt lat="43.379550" lon="-2.628350"/>
      <trkpt lat="43.379580" lon="-2.628240"/>
      <trkpt lat="43.379640" lon="-2.628170"/>
      <trkpt lat="43.379730" lon="-2.628130"/>
      <trkpt lat="43.380150" lon="-2.628140"/>
      <trkpt lat="43.380220" lon="-2.628130"/>
      <trkpt lat="43.380330" lon="-2.628080"/>
      <trkpt lat="43.380430" lon="-2.628010"/>
      <trkpt lat="43.380490" lon="-2.627910"/>
      <trkpt lat="43.380550" lon="-2.627780"/>
      <trkpt lat="43.380580" lon="-2.627650"/>
      <trkpt lat="43.380580" lon="-2.627530"/>
      <trkpt lat="43.380560" lon="-2.627390"/>
      <trkpt lat="43.380480" lon="-2.627050"/>
      <trkpt lat="43.380470" lon="-2.626930"/>
      <trkpt lat="43.380480" lon="-2.626830"/>
      <trkpt lat="43.380530" lon="-2.626750"/>
      <trkpt lat="43.380580" lon="-2.626700"/>
      <trkpt lat="43.380670" lon="-2.626680"/>
      <trkpt lat="43.380940" lon="-2.626710"/>
      <trkpt lat="43.381000" lon="-2.626710"/>
      <trkpt lat="43.381080" lon="-2.626690"/>
      <trkpt lat="43.381160" lon="-2.626650"/>
      <trkpt lat="43.381270" lon="-2.626550"/>
      <trkpt lat="43.381350" lon="-2.626460"/>
      <trkpt lat="43.381440" lon="-2.626350"/>
      <trkpt lat="43.381690" lon="-2.625900"/>
      <trkpt lat="43.381750" lon="-2.625810"/>
      <trkpt lat="43.381810" lon="-2.625670"/>
      <trkpt lat="43.381860" lon="-2.625540"/>
      <trkpt lat="43.381920" lon="-2.625320"/>
      <trkpt lat="43.382030" lon="-2.624750"/>
      <trkpt lat="43.382060" lon="-2.624590"/>
      <trkpt lat="43.382060" lon="-2.624450"/>
      <trkpt lat="43.382070" lon="-2.624090"/>
      <trkpt lat="43.382070" lon="-2.623810"/>
      <trkpt lat="43.382090" lon="-2.623660"/>
      <trkpt lat="43.382110" lon="-2.623520"/>
      <trkpt lat="43.382150" lon="-2.623390"/>
      <trkpt lat="43.382210" lon="-2.623250"/>
      <trkpt lat="43.382270" lon="-2.623130"/>
      <trkpt lat="43.382640" lon="-2.622590"/>
      <trkpt lat="43.382690" lon="-2.622500"/>
      <trkpt lat="43.382720" lon="-2.622420"/>
      <trkpt lat="43.382740" lon="-2.622330"/>
      <trkpt lat="43.382750" lon="-2.622240"/>
      <trkpt lat="43.382740" lon="-2.622100"/>
      <trkpt lat="43.382700" lon="-2.621930"/>
      <trkpt lat="43.382440" lon="-2.621170"/>
      <trkpt lat="43.382370" lon="-2.620970"/>
      <trkpt lat="43.382310" lon="-2.620740"/>
      <trkpt lat="43.382220" lon="-2.620300"/>
      <trkpt lat="43.382180" lon="-2.620070"/>
      <trkpt lat="43.382140" lon="-2.619850"/>
      <trkpt lat="43.382130" lon="-2.619680"/>
      <trkpt lat="43.382140" lon="-2.619520"/>
      <trkpt lat="43.382160" lon="-2.619360"/>
      <trkpt lat="43.382190" lon="-2.619230"/>
      <trkpt lat="43.382370" lon="-2.618720"/>
      <trkpt lat="43.382400" lon="-2.618590"/>
      <trkpt lat="43.382420" lon="-2.618520"/>
      <trkpt lat="43.382440" lon="-2.618470"/>
      <trkpt lat="43.382460" lon="-2.618290"/>
      <trkpt lat="43.382470" lon="-2.618130"/>
      <trkpt lat="43.382470" lon="-2.618020"/>
      <trkpt lat="43.382450" lon="-2.617850"/>
      <trkpt lat="43.382400" lon="-2.617620"/>
      <trkpt lat="43.382360" lon="-2.617500"/>
      <trkpt lat="43.382320" lon="-2.617390"/>
      <trkpt lat="43.382280" lon="-2.617330"/>
      <trkpt lat="43.382220" lon="-2.617220"/>
      <trkpt lat="43.382140" lon="-2.617100"/>
      <trkpt lat="43.382050" lon="-2.617000"/>
      <trkpt lat="43.381950" lon="-2.616910"/>
      <trkpt lat="43.381700" lon="-2.616740"/>
      <trkpt lat="43.381600" lon="-2.616670"/>
      <trkpt lat="43.381500" lon="-2.616560"/>
      <trkpt lat="43.381440" lon="-2.616470"/>
      <trkpt lat="43.381400" lon="-2.616410"/>
      <trkpt lat="43.381360" lon="-2.616310"/>
      <trkpt lat="43.381290" lon="-2.616110"/>
      <trkpt lat="43.381180" lon="-2.615720"/>
      <trkpt lat="43.381140" lon="-2.615500"/>
      <trkpt lat="43.381110" lon="-2.615350"/>
      <trkpt lat="43.381100" lon="-2.615190"/>
      <trkpt lat="43.381090" lon="-2.614980"/>
      <trkpt lat="43.381100" lon="-2.614450"/>
      <trkpt lat="43.381090" lon="-2.614140"/>
      <trkpt lat="43.381080" lon="-2.613990"/>
      <trkpt lat="43.381070" lon="-2.613860"/>
      <trkpt lat="43.381060" lon="-2.613770"/>
      <trkpt lat="43.381050" lon="-2.613700"/>
      <trkpt lat="43.381020" lon="-2.613460"/>
      <trkpt lat="43.381010" lon="-2.613390"/>
      <trkpt lat="43.381010" lon="-2.613330"/>
      <trkpt lat="43.381010" lon="-2.613270"/>
      <trkpt lat="43.381040" lon="-2.613070"/>
      <trkpt lat="43.381070" lon="-2.612790"/>
      <trkpt lat="43.381090" lon="-2.612520"/>
      <trkpt lat="43.381100" lon="-2.612280"/>
      <trkpt lat="43.381110" lon="-2.612000"/>
      <trkpt lat="43.381110" lon="-2.611750"/>
      <trkpt lat="43.381110" lon="-2.611170"/>
      <trkpt lat="43.381110" lon="-2.610720"/>
      <trkpt lat="43.381120" lon="-2.610460"/>
      <trkpt lat="43.381230" lon="-2.609110"/>
      <trkpt lat="43.381280" lon="-2.608390"/>
      <trkpt lat="43.381290" lon="-2.608170"/>
      <trkpt lat="43.381300" lon="-2.607820"/>
      <trkpt lat="43.381280" lon="-2.607510"/>
      <trkpt lat="43.381230" lon="-2.607210"/>
      <trkpt lat="43.381090" lon="-2.606280"/>
      <trkpt lat="43.381020" lon="-2.605770"/>
      <trkpt lat="43.381000" lon="-2.605570"/>
      <trkpt lat="43.380980" lon="-2.605380"/>
      <trkpt lat="43.380940" lon="-2.604230"/>
      <trkpt lat="43.380900" lon="-2.603160"/>
      <trkpt lat="43.380890" lon="-2.602930"/>
      <trkpt lat="43.380900" lon="-2.602470"/>
      <trkpt lat="43.380920" lon="-2.601790"/>
      <trkpt lat="43.380940" lon="-2.601190"/>
      <trkpt lat="43.380930" lon="-2.600990"/>
      <trkpt lat="43.380930" lon="-2.600800"/>
      <trkpt lat="43.380880" lon="-2.599870"/>
      <trkpt lat="43.380870" lon="-2.599630"/>
      <trkpt lat="43.380850" lon="-2.599390"/>
      <trkpt lat="43.380820" lon="-2.599180"/>
      <trkpt lat="43.380790" lon="-2.599050"/>
      <trkpt lat="43.380740" lon="-2.598900"/>
      <trkpt lat="43.380650" lon="-2.598680"/>
      <trkpt lat="43.380560" lon="-2.598490"/>
      <trkpt lat="43.380480" lon="-2.598310"/>
      <trkpt lat="43.380440" lon="-2.598200"/>
      <trkpt lat="43.380410" lon="-2.598080"/>
      <trkpt lat="43.380380" lon="-2.597890"/>
      <trkpt lat="43.380310" lon="-2.597270"/>
      <trkpt lat="43.380270" lon="-2.597000"/>
      <trkpt lat="43.380220" lon="-2.596820"/>
      <trkpt lat="43.380000" lon="-2.596040"/>
      <trkpt lat="43.379910" lon="-2.595740"/>
      <trkpt lat="43.379800" lon="-2.595250"/>
      <trkpt lat="43.379670" lon="-2.594590"/>
      <trkpt lat="43.379630" lon="-2.594360"/>
      <trkpt lat="43.379600" lon="-2.594180"/>
      <trkpt lat="43.379580" lon="-2.594050"/>
      <trkpt lat="43.379580" lon="-2.593940"/>
      <trkpt lat="43.379580" lon="-2.593820"/>
      <trkpt lat="43.379610" lon="-2.593690"/>
      <trkpt lat="43.379640" lon="-2.593580"/>
      <trkpt lat="43.379700" lon="-2.593420"/>
      <trkpt lat="43.379910" lon="-2.592930"/>
      <trkpt lat="43.380190" lon="-2.592300"/>
      <trkpt lat="43.380330" lon="-2.591940"/>
      <trkpt lat="43.380390" lon="-2.591820"/>
      <trkpt lat="43.380440" lon="-2.591730"/>
      <trkpt lat="43.380500" lon="-2.591670"/>
      <trkpt lat="43.380550" lon="-2.591620"/>
      <trkpt lat="43.380620" lon="-2.591590"/>
      <trkpt lat="43.380760" lon="-2.591550"/>
      <trkpt lat="43.380940" lon="-2.591520"/>
      <trkpt lat="43.381060" lon="-2.591480"/>
      <trkpt lat="43.381120" lon="-2.591450"/>
      <trkpt lat="43.381200" lon="-2.591390"/>
      <trkpt lat="43.381250" lon="-2.591310"/>
      <trkpt lat="43.381280" lon="-2.591240"/>
      <trkpt lat="43.381310" lon="-2.591140"/>
      <trkpt lat="43.381330" lon="-2.591010"/>
      <trkpt lat="43.381340" lon="-2.590960"/>
      <trkpt lat="43.381330" lon="-2.590850"/>
      <trkpt lat="43.381280" lon="-2.590560"/>
      <trkpt lat="43.381230" lon="-2.590400"/>
      <trkpt lat="43.381190" lon="-2.590300"/>
      <trkpt lat="43.381110" lon="-2.590170"/>
      <trkpt lat="43.380940" lon="-2.589970"/>
      <trkpt lat="43.380870" lon="-2.589850"/>
      <trkpt lat="43.380820" lon="-2.589740"/>
      <trkpt lat="43.380800" lon="-2.589620"/>
      <trkpt lat="43.380810" lon="-2.589510"/>
      <trkpt lat="43.380850" lon="-2.589340"/>
      <trkpt lat="43.380950" lon="-2.589080"/>
      <trkpt lat="43.380990" lon="-2.588930"/>
      <trkpt lat="43.381010" lon="-2.588820"/>
      <trkpt lat="43.381020" lon="-2.588680"/>
      <trkpt lat="43.381030" lon="-2.588360"/>
      <trkpt lat="43.381080" lon="-2.587770"/>
      <trkpt lat="43.381080" lon="-2.587620"/>
      <trkpt lat="43.381050" lon="-2.587420"/>
      <trkpt lat="43.381030" lon="-2.587330"/>
      <trkpt lat="43.381000" lon="-2.587220"/>
      <trkpt lat="43.380860" lon="-2.586930"/>
      <trkpt lat="43.380670" lon="-2.586530"/>
      <trkpt lat="43.380540" lon="-2.586280"/>
      <trkpt lat="43.380520" lon="-2.586240"/>
      <trkpt lat="43.380390" lon="-2.586040"/>
      <trkpt lat="43.380300" lon="-2.585910"/>
      <trkpt lat="43.380230" lon="-2.585770"/>
      <trkpt lat="43.380190" lon="-2.585710"/>
      <trkpt lat="43.380180" lon="-2.585680"/>
      <trkpt lat="43.380140" lon="-2.585630"/>
      <trkpt lat="43.380080" lon="-2.585560"/>
      <trkpt lat="43.380050" lon="-2.585510"/>
      <trkpt lat="43.380010" lon="-2.585390"/>
      <trkpt lat="43.379990" lon="-2.585330"/>
      <trkpt lat="43.379960" lon="-2.585120"/>
      <trkpt lat="43.379930" lon="-2.585050"/>
      <trkpt lat="43.379860" lon="-2.585000"/>
      <trkpt lat="43.379790" lon="-2.584970"/>
      <trkpt lat="43.379750" lon="-2.584950"/>
      <trkpt lat="43.379690" lon="-2.584950"/>
      <trkpt lat="43.379640" lon="-2.584950"/>
      <trkpt lat="43.379550" lon="-2.584970"/>
      <trkpt lat="43.379350" lon="-2.585030"/>
      <trkpt lat="43.379260" lon="-2.585040"/>
      <trkpt lat="43.379200" lon="-2.585040"/>
      <trkpt lat="43.379090" lon="-2.585020"/>
      <trkpt lat="43.378340" lon="-2.584810"/>
      <trkpt lat="43.378010" lon="-2.584710"/>
      <trkpt lat="43.377700" lon="-2.584630"/>
      <trkpt lat="43.377270" lon="-2.584550"/>
      <trkpt lat="43.376940" lon="-2.584470"/>
      <trkpt lat="43.376850" lon="-2.584430"/>
      <trkpt lat="43.376780" lon="-2.584400"/>
      <trkpt lat="43.376710" lon="-2.584360"/>
      <trkpt lat="43.376540" lon="-2.584260"/>
      <trkpt lat="43.376520" lon="-2.584250"/>
      <trkpt lat="43.376400" lon="-2.584170"/>
      <trkpt lat="43.376000" lon="-2.583920"/>
      <trkpt lat="43.375910" lon="-2.583860"/>
      <trkpt lat="43.375840" lon="-2.583770"/>
      <trkpt lat="43.375820" lon="-2.583740"/>
      <trkpt lat="43.375420" lon="-2.583150"/>
      <trkpt lat="43.374980" lon="-2.582500"/>
      <trkpt lat="43.374680" lon="-2.581990"/>
      <trkpt lat="43.374560" lon="-2.581810"/>
      <trkpt lat="43.374460" lon="-2.581690"/>
      <trkpt lat="43.374380" lon="-2.581620"/>
      <trkpt lat="43.374300" lon="-2.581570"/>
      <trkpt lat="43.374210" lon="-2.581520"/>
      <trkpt lat="43.373820" lon="-2.581400"/>
      <trkpt lat="43.373750" lon="-2.581360"/>
      <trkpt lat="43.373670" lon="-2.581300"/>
      <trkpt lat="43.373560" lon="-2.581200"/>
      <trkpt lat="43.373090" lon="-2.580710"/>
      <trkpt lat="43.372990" lon="-2.580610"/>
      <trkpt lat="43.372910" lon="-2.580560"/>
      <trkpt lat="43.372830" lon="-2.580520"/>
      <trkpt lat="43.372730" lon="-2.580500"/>
      <trkpt lat="43.372650" lon="-2.580490"/>
      <trkpt lat="43.372540" lon="-2.580510"/>
      <trkpt lat="43.372430" lon="-2.580550"/>
      <trkpt lat="43.372180" lon="-2.580690"/>
      <trkpt lat="43.372060" lon="-2.580720"/>
      <trkpt lat="43.371890" lon="-2.580730"/>
      <trkpt lat="43.371680" lon="-2.580690"/>
      <trkpt lat="43.371490" lon="-2.580610"/>
      <trkpt lat="43.371400" lon="-2.580540"/>
      <trkpt lat="43.371330" lon="-2.580450"/>
      <trkpt lat="43.371260" lon="-2.580280"/>
      <trkpt lat="43.371200" lon="-2.580010"/>
      <trkpt lat="43.371140" lon="-2.579610"/>
      <trkpt lat="43.371100" lon="-2.579430"/>
      <trkpt lat="43.370970" lon="-2.578900"/>
      <trkpt lat="43.370940" lon="-2.578680"/>
      <trkpt lat="43.370920" lon="-2.578470"/>
      <trkpt lat="43.370890" lon="-2.578170"/>
      <trkpt lat="43.370840" lon="-2.577930"/>
      <trkpt lat="43.370780" lon="-2.577570"/>
      <trkpt lat="43.370750" lon="-2.577370"/>
      <trkpt lat="43.370700" lon="-2.576670"/>
      <trkpt lat="43.370700" lon="-2.576320"/>
      <trkpt lat="43.370720" lon="-2.575840"/>
      <trkpt lat="43.370770" lon="-2.575270"/>
      <trkpt lat="43.370810" lon="-2.574900"/>
      <trkpt lat="43.370890" lon="-2.574530"/>
      <trkpt lat="43.370990" lon="-2.574150"/>
      <trkpt lat="43.371110" lon="-2.573780"/>
      <trkpt lat="43.371310" lon="-2.573250"/>
      <trkpt lat="43.371350" lon="-2.573100"/>
      <trkpt lat="43.371360" lon="-2.572950"/>
      <trkpt lat="43.371320" lon="-2.572830"/>
      <trkpt lat="43.371260" lon="-2.572690"/>
      <trkpt lat="43.371170" lon="-2.572590"/>
      <trkpt lat="43.371090" lon="-2.572540"/>
      <trkpt lat="43.370970" lon="-2.572510"/>
      <trkpt lat="43.370840" lon="-2.572500"/>
      <trkpt lat="43.370720" lon="-2.572450"/>
      <trkpt lat="43.370620" lon="-2.572360"/>
      <trkpt lat="43.370530" lon="-2.572270"/>
      <trkpt lat="43.370340" lon="-2.571930"/>
      <trkpt lat="43.370230" lon="-2.571750"/>
      <trkpt lat="43.370160" lon="-2.571560"/>
      <trkpt lat="43.370060" lon="-2.571230"/>
      <trkpt lat="43.369960" lon="-2.570910"/>
      <trkpt lat="43.369890" lon="-2.570590"/>
      <trkpt lat="43.369870" lon="-2.570450"/>
      <trkpt lat="43.369830" lon="-2.570040"/>
      <trkpt lat="43.369800" lon="-2.569880"/>
      <trkpt lat="43.369760" lon="-2.569700"/>
      <trkpt lat="43.369690" lon="-2.569480"/>
      <trkpt lat="43.369470" lon="-2.568900"/>
      <trkpt lat="43.369370" lon="-2.568590"/>
      <trkpt lat="43.369290" lon="-2.568350"/>
      <trkpt lat="43.369210" lon="-2.568070"/>
      <trkpt lat="43.369180" lon="-2.567920"/>
      <trkpt lat="43.369170" lon="-2.567770"/>
      <trkpt lat="43.369180" lon="-2.567600"/>
      <trkpt lat="43.369220" lon="-2.567140"/>
      <trkpt lat="43.369260" lon="-2.566740"/>
      <trkpt lat="43.369310" lon="-2.566300"/>
      <trkpt lat="43.369370" lon="-2.566070"/>
      <trkpt lat="43.369430" lon="-2.565930"/>
      <trkpt lat="43.369510" lon="-2.565850"/>
      <trkpt lat="43.369920" lon="-2.565610"/>
      <trkpt lat="43.370510" lon="-2.565280"/>
      <trkpt lat="43.370740" lon="-2.565150"/>
      <trkpt lat="43.370790" lon="-2.565070"/>
      <trkpt lat="43.370820" lon="-2.565030"/>
      <trkpt lat="43.370860" lon="-2.564910"/>
      <trkpt lat="43.370860" lon="-2.564770"/>
      <trkpt lat="43.370830" lon="-2.564660"/>
      <trkpt lat="43.370790" lon="-2.564530"/>
      <trkpt lat="43.370450" lon="-2.563580"/>
      <trkpt lat="43.370350" lon="-2.563350"/>
      <trkpt lat="43.370240" lon="-2.563220"/>
      <trkpt lat="43.370160" lon="-2.563150"/>
      <trkpt lat="43.370070" lon="-2.563120"/>
      <trkpt lat="43.369760" lon="-2.563080"/>
      <trkpt lat="43.369660" lon="-2.563110"/>
      <trkpt lat="43.369570" lon="-2.563170"/>
      <trkpt lat="43.369300" lon="-2.563390"/>
      <trkpt lat="43.369190" lon="-2.563450"/>
      <trkpt lat="43.369060" lon="-2.563500"/>
      <trkpt lat="43.368930" lon="-2.563490"/>
      <trkpt lat="43.368800" lon="-2.563420"/>
      <trkpt lat="43.368700" lon="-2.563320"/>
      <trkpt lat="43.368350" lon="-2.562800"/>
      <trkpt lat="43.368020" lon="-2.562180"/>
      <trkpt lat="43.367770" lon="-2.561660"/>
      <trkpt lat="43.367660" lon="-2.561380"/>
      <trkpt lat="43.367600" lon="-2.561100"/>
      <trkpt lat="43.367580" lon="-2.561030"/>
      <trkpt lat="43.367550" lon="-2.560830"/>
      <trkpt lat="43.367520" lon="-2.560720"/>
      <trkpt lat="43.367460" lon="-2.560520"/>
      <trkpt lat="43.367380" lon="-2.560370"/>
      <trkpt lat="43.367310" lon="-2.560270"/>
      <trkpt lat="43.367200" lon="-2.560210"/>
      <trkpt lat="43.366900" lon="-2.560140"/>
      <trkpt lat="43.366760" lon="-2.560110"/>
      <trkpt lat="43.366620" lon="-2.560070"/>
      <trkpt lat="43.366430" lon="-2.559960"/>
      <trkpt lat="43.366250" lon="-2.559770"/>
      <trkpt lat="43.366090" lon="-2.559560"/>
      <trkpt lat="43.365970" lon="-2.559370"/>
      <trkpt lat="43.365850" lon="-2.559130"/>
      <trkpt lat="43.365750" lon="-2.558890"/>
      <trkpt lat="43.365670" lon="-2.558760"/>
      <trkpt lat="43.365580" lon="-2.558670"/>
      <trkpt lat="43.365470" lon="-2.558590"/>
      <trkpt lat="43.365280" lon="-2.558480"/>
      <trkpt lat="43.365200" lon="-2.558410"/>
      <trkpt lat="43.365140" lon="-2.558280"/>
      <trkpt lat="43.365140" lon="-2.558160"/>
      <trkpt lat="43.365150" lon="-2.557880"/>
      <trkpt lat="43.365160" lon="-2.557630"/>
      <trkpt lat="43.365110" lon="-2.557420"/>
      <trkpt lat="43.365030" lon="-2.557230"/>
      <trkpt lat="43.364890" lon="-2.557060"/>
      <trkpt lat="43.364740" lon="-2.556960"/>
      <trkpt lat="43.364620" lon="-2.556930"/>
      <trkpt lat="43.364310" lon="-2.556950"/>
      <trkpt lat="43.364180" lon="-2.556920"/>
      <trkpt lat="43.364050" lon="-2.556830"/>
      <trkpt lat="43.363970" lon="-2.556660"/>
      <trkpt lat="43.363920" lon="-2.556460"/>
      <trkpt lat="43.363800" lon="-2.556040"/>
      <trkpt lat="43.363660" lon="-2.555610"/>
      <trkpt lat="43.363540" lon="-2.555290"/>
      <trkpt lat="43.363470" lon="-2.555050"/>
      <trkpt lat="43.363460" lon="-2.554890"/>
      <trkpt lat="43.363460" lon="-2.554670"/>
      <trkpt lat="43.363480" lon="-2.554440"/>
      <trkpt lat="43.363570" lon="-2.554100"/>
      <trkpt lat="43.363650" lon="-2.553790"/>
      <trkpt lat="43.363730" lon="-2.553570"/>
      <trkpt lat="43.363830" lon="-2.553400"/>
      <trkpt lat="43.363970" lon="-2.553250"/>
      <trkpt lat="43.364260" lon="-2.553060"/>
      <trkpt lat="43.364400" lon="-2.552900"/>
      <trkpt lat="43.364510" lon="-2.552720"/>
      <trkpt lat="43.364520" lon="-2.552670"/>
      <trkpt lat="43.364580" lon="-2.552510"/>
      <trkpt lat="43.364660" lon="-2.552170"/>
      <trkpt lat="43.364680" lon="-2.552070"/>
      <trkpt lat="43.364710" lon="-2.551860"/>
      <trkpt lat="43.364730" lon="-2.551660"/>
      <trkpt lat="43.364760" lon="-2.551230"/>
      <trkpt lat="43.364770" lon="-2.550800"/>
      <trkpt lat="43.364750" lon="-2.550580"/>
      <trkpt lat="43.364700" lon="-2.550330"/>
      <trkpt lat="43.364400" lon="-2.549450"/>
      <trkpt lat="43.364300" lon="-2.549200"/>
      <trkpt lat="43.364170" lon="-2.548960"/>
      <trkpt lat="43.364010" lon="-2.548670"/>
      <trkpt lat="43.363920" lon="-2.548530"/>
      <trkpt lat="43.363490" lon="-2.547790"/>
      <trkpt lat="43.363010" lon="-2.547000"/>
      <trkpt lat="43.362800" lon="-2.546630"/>
      <trkpt lat="43.362770" lon="-2.546650"/>
      <trkpt lat="43.362750" lon="-2.546660"/>
      <trkpt lat="43.362720" lon="-2.546660"/>
      <trkpt lat="43.362700" lon="-2.546650"/>
      <trkpt lat="43.362680" lon="-2.546630"/>
      <trkpt lat="43.362660" lon="-2.546600"/>
      <trkpt lat="43.362650" lon="-2.546570"/>
      <trkpt lat="43.362650" lon="-2.546530"/>
      <trkpt lat="43.362650" lon="-2.546500"/>
      <trkpt lat="43.362660" lon="-2.546470"/>
      <trkpt lat="43.362680" lon="-2.546440"/>
      <trkpt lat="43.362380" lon="-2.545930"/>
      <trkpt lat="43.362230" lon="-2.545670"/>
      <trkpt lat="43.362180" lon="-2.545580"/>
      <trkpt lat="43.361870" lon="-2.545070"/>
      <trkpt lat="43.361840" lon="-2.545010"/>
      <trkpt lat="43.361770" lon="-2.544860"/>
      <trkpt lat="43.361670" lon="-2.544570"/>
      <trkpt lat="43.361640" lon="-2.544500"/>
      <trkpt lat="43.361510" lon="-2.544060"/>
      <trkpt lat="43.361490" lon="-2.543990"/>
      <trkpt lat="43.361470" lon="-2.543920"/>
      <trkpt lat="43.361380" lon="-2.543560"/>
      <trkpt lat="43.361160" lon="-2.542640"/>
      <trkpt lat="43.361040" lon="-2.542110"/>
      <trkpt lat="43.360850" lon="-2.541380"/>
      <trkpt lat="43.360800" lon="-2.541070"/>
      <trkpt lat="43.360770" lon="-2.540840"/>
      <trkpt lat="43.360770" lon="-2.540630"/>
      <trkpt lat="43.360800" lon="-2.540050"/>
      <trkpt lat="43.360800" lon="-2.539950"/>
      <trkpt lat="43.360790" lon="-2.539890"/>
      <trkpt lat="43.360780" lon="-2.539840"/>
      <trkpt lat="43.360730" lon="-2.539650"/>
      <trkpt lat="43.360450" lon="-2.538970"/>
      <trkpt lat="43.360340" lon="-2.538720"/>
      <trkpt lat="43.360270" lon="-2.538460"/>
      <trkpt lat="43.360210" lon="-2.538130"/>
      <trkpt lat="43.360200" lon="-2.537990"/>
      <trkpt lat="43.360120" lon="-2.537290"/>
      <trkpt lat="43.360070" lon="-2.536970"/>
      <trkpt lat="43.360010" lon="-2.536750"/>
      <trkpt lat="43.360000" lon="-2.536700"/>
      <trkpt lat="43.359950" lon="-2.536540"/>
      <trkpt lat="43.359890" lon="-2.536370"/>
      <trkpt lat="43.359810" lon="-2.536180"/>
      <trkpt lat="43.359590" lon="-2.535640"/>
      <trkpt lat="43.359430" lon="-2.535150"/>
      <trkpt lat="43.359080" lon="-2.533580"/>
      <trkpt lat="43.359020" lon="-2.533330"/>
      <trkpt lat="43.358750" lon="-2.532530"/>
      <trkpt lat="43.358680" lon="-2.532260"/>
      <trkpt lat="43.358580" lon="-2.531910"/>
      <trkpt lat="43.358520" lon="-2.531680"/>
      <trkpt lat="43.358440" lon="-2.531270"/>
      <trkpt lat="43.358310" lon="-2.530590"/>
      <trkpt lat="43.358250" lon="-2.530310"/>
      <trkpt lat="43.358190" lon="-2.530160"/>
      <trkpt lat="43.358120" lon="-2.530090"/>
      <trkpt lat="43.358040" lon="-2.530030"/>
      <trkpt lat="43.357640" lon="-2.529850"/>
      <trkpt lat="43.357180" lon="-2.529650"/>
      <trkpt lat="43.357030" lon="-2.529590"/>
      <trkpt lat="43.356910" lon="-2.529610"/>
      <trkpt lat="43.356870" lon="-2.529590"/>
      <trkpt lat="43.356830" lon="-2.529580"/>
      <trkpt lat="43.356800" lon="-2.529560"/>
      <trkpt lat="43.356770" lon="-2.529530"/>
      <trkpt lat="43.356750" lon="-2.529510"/>
      <trkpt lat="43.356740" lon="-2.529470"/>
      <trkpt lat="43.356740" lon="-2.529410"/>
      <trkpt lat="43.356750" lon="-2.529340"/>
      <trkpt lat="43.356750" lon="-2.529270"/>
      <trkpt lat="43.356750" lon="-2.529200"/>
      <trkpt lat="43.356730" lon="-2.529030"/>
      <trkpt lat="43.356660" lon="-2.528630"/>
      <trkpt lat="43.356450" lon="-2.527550"/>
      <trkpt lat="43.356390" lon="-2.527200"/>
      <trkpt lat="43.356370" lon="-2.527050"/>
      <trkpt lat="43.356380" lon="-2.526890"/>
      <trkpt lat="43.356410" lon="-2.526750"/>
      <trkpt lat="43.356450" lon="-2.526640"/>
      <trkpt lat="43.356490" lon="-2.526540"/>
      <trkpt lat="43.356670" lon="-2.526270"/>
      <trkpt lat="43.356790" lon="-2.526000"/>
      <trkpt lat="43.356870" lon="-2.525760"/>
      <trkpt lat="43.356930" lon="-2.525470"/>
      <trkpt lat="43.356980" lon="-2.525000"/>
      <trkpt lat="43.357020" lon="-2.524790"/>
      <trkpt lat="43.357150" lon="-2.524300"/>
      <trkpt lat="43.357210" lon="-2.524160"/>
      <trkpt lat="43.357300" lon="-2.524030"/>
      <trkpt lat="43.357550" lon="-2.523750"/>
      <trkpt lat="43.357610" lon="-2.523690"/>
      <trkpt lat="43.357750" lon="-2.523560"/>
      <trkpt lat="43.357820" lon="-2.523530"/>
      <trkpt lat="43.357890" lon="-2.523510"/>
      <trkpt lat="43.357970" lon="-2.523520"/>
      <trkpt lat="43.358070" lon="-2.523570"/>
      <trkpt lat="43.358200" lon="-2.523650"/>
      <trkpt lat="43.358520" lon="-2.523890"/>
      <trkpt lat="43.358660" lon="-2.523950"/>
      <trkpt lat="43.358810" lon="-2.523940"/>
      <trkpt lat="43.358900" lon="-2.523920"/>
      <trkpt lat="43.359050" lon="-2.523840"/>
      <trkpt lat="43.359170" lon="-2.523740"/>
      <trkpt lat="43.359280" lon="-2.523580"/>
      <trkpt lat="43.359430" lon="-2.523280"/>
      <trkpt lat="43.359540" lon="-2.523060"/>
      <trkpt lat="43.359690" lon="-2.522790"/>
      <trkpt lat="43.359940" lon="-2.522410"/>
      <trkpt lat="43.360150" lon="-2.522130"/>
      <trkpt lat="43.360390" lon="-2.521840"/>
      <trkpt lat="43.360610" lon="-2.521700"/>
      <trkpt lat="43.360830" lon="-2.521600"/>
      <trkpt lat="43.361110" lon="-2.521510"/>
      <trkpt lat="43.361410" lon="-2.521530"/>
      <trkpt lat="43.361610" lon="-2.521560"/>
      <trkpt lat="43.361800" lon="-2.521640"/>
      <trkpt lat="43.362040" lon="-2.521780"/>
      <trkpt lat="43.362460" lon="-2.522100"/>
      <trkpt lat="43.362690" lon="-2.522260"/>
      <trkpt lat="43.362960" lon="-2.522400"/>
      <trkpt lat="43.363190" lon="-2.522480"/>
      <trkpt lat="43.363430" lon="-2.522500"/>
      <trkpt lat="43.363600" lon="-2.522470"/>
      <trkpt lat="43.363770" lon="-2.522420"/>
      <trkpt lat="43.363980" lon="-2.522330"/>
      <trkpt lat="43.364140" lon="-2.522200"/>
      <trkpt lat="43.364340" lon="-2.522010"/>
      <trkpt lat="43.364480" lon="-2.521830"/>
      <trkpt lat="43.364620" lon="-2.521570"/>
      <trkpt lat="43.364760" lon="-2.521180"/>
      <trkpt lat="43.365020" lon="-2.520250"/>
      <trkpt lat="43.365180" lon="-2.519800"/>
      <trkpt lat="43.365300" lon="-2.519520"/>
      <trkpt lat="43.365430" lon="-2.519280"/>
      <trkpt lat="43.365490" lon="-2.519190"/>
      <trkpt lat="43.365720" lon="-2.518890"/>
      <trkpt lat="43.365960" lon="-2.518620"/>
      <trkpt lat="43.366300" lon="-2.518250"/>
      <trkpt lat="43.366630" lon="-2.517860"/>
      <trkpt lat="43.366780" lon="-2.517600"/>
      <trkpt lat="43.366870" lon="-2.517410"/>
      <trkpt lat="43.366990" lon="-2.517110"/>
      <trkpt lat="43.367060" lon="-2.516810"/>
      <trkpt lat="43.367110" lon="-2.516490"/>
      <trkpt lat="43.367120" lon="-2.516150"/>
      <trkpt lat="43.367100" lon="-2.515810"/>
      <trkpt lat="43.367060" lon="-2.515510"/>
      <trkpt lat="43.366980" lon="-2.515210"/>
      <trkpt lat="43.366910" lon="-2.514970"/>
      <trkpt lat="43.366770" lon="-2.514690"/>
      <trkpt lat="43.366570" lon="-2.514390"/>
      <trkpt lat="43.366490" lon="-2.514270"/>
      <trkpt lat="43.366350" lon="-2.514130"/>
      <trkpt lat="43.366100" lon="-2.513930"/>
      <trkpt lat="43.365980" lon="-2.513850"/>
      <trkpt lat="43.365700" lon="-2.513710"/>
      <trkpt lat="43.365200" lon="-2.513530"/>
      <trkpt lat="43.364980" lon="-2.513440"/>
      <trkpt lat="43.364750" lon="-2.513310"/>
      <trkpt lat="43.364630" lon="-2.513230"/>
      <trkpt lat="43.364470" lon="-2.513080"/>
      <trkpt lat="43.364420" lon="-2.513160"/>
      <trkpt lat="43.364360" lon="-2.513210"/>
      <trkpt lat="43.364280" lon="-2.513230"/>
      <trkpt lat="43.364210" lon="-2.513210"/>
      <trkpt lat="43.364150" lon="-2.513180"/>
      <trkpt lat="43.364100" lon="-2.513120"/>
      <trkpt lat="43.364070" lon="-2.513040"/>
      <trkpt lat="43.364050" lon="-2.512950"/>
      <trkpt lat="43.364060" lon="-2.512860"/>
      <trkpt lat="43.364080" lon="-2.512770"/>
      <trkpt lat="43.364120" lon="-2.512700"/>
      <trkpt lat="43.363720" lon="-2.511940"/>
      <trkpt lat="43.363590" lon="-2.511700"/>
      <trkpt lat="43.363430" lon="-2.511380"/>
      <trkpt lat="43.363300" lon="-2.511080"/>
      <trkpt lat="43.363250" lon="-2.510940"/>
      <trkpt lat="43.363220" lon="-2.510840"/>
      <trkpt lat="43.363110" lon="-2.510460"/>
      <trkpt lat="43.363030" lon="-2.510230"/>
      <trkpt lat="43.362980" lon="-2.509950"/>
      <trkpt lat="43.362970" lon="-2.509770"/>
      <trkpt lat="43.362990" lon="-2.509630"/>
      <trkpt lat="43.363040" lon="-2.509490"/>
      <trkpt lat="43.363080" lon="-2.509410"/>
      <trkpt lat="43.363130" lon="-2.509310"/>
      <trkpt lat="43.363200" lon="-2.509180"/>
      <trkpt lat="43.363320" lon="-2.509050"/>
      <trkpt lat="43.363430" lon="-2.508930"/>
      <trkpt lat="43.363550" lon="-2.508800"/>
      <trkpt lat="43.363580" lon="-2.508760"/>
      <trkpt lat="43.363620" lon="-2.508700"/>
      <trkpt lat="43.363680" lon="-2.508610"/>
      <trkpt lat="43.363710" lon="-2.508560"/>
      <trkpt lat="43.363760" lon="-2.508460"/>
      <trkpt lat="43.363810" lon="-2.508330"/>
      <trkpt lat="43.363860" lon="-2.508160"/>
      <trkpt lat="43.363880" lon="-2.508010"/>
      <trkpt lat="43.363930" lon="-2.507580"/>
      <trkpt lat="43.363930" lon="-2.507520"/>
      <trkpt lat="43.363940" lon="-2.507460"/>
      <trkpt lat="43.363960" lon="-2.507210"/>
      <trkpt lat="43.364000" lon="-2.506800"/>
      <trkpt lat="43.364020" lon="-2.506580"/>
      <trkpt lat="43.364040" lon="-2.506330"/>
      <trkpt lat="43.364090" lon="-2.505610"/>
      <trkpt lat="43.364090" lon="-2.505530"/>
      <trkpt lat="43.364030" lon="-2.505280"/>
      <trkpt lat="43.363930" lon="-2.505050"/>
      <trkpt lat="43.363890" lon="-2.504930"/>
      <trkpt lat="43.363870" lon="-2.504900"/>
      <trkpt lat="43.363950" lon="-2.504830"/>
      <trkpt lat="43.364290" lon="-2.504560"/>
      <trkpt lat="43.364810" lon="-2.504090"/>
      <trkpt lat="43.364890" lon="-2.504020"/>
      <trkpt lat="43.365000" lon="-2.503930"/>
      <trkpt lat="43.365050" lon="-2.503870"/>
      <trkpt lat="43.365100" lon="-2.503800"/>
      <trkpt lat="43.365220" lon="-2.503630"/>
      <trkpt lat="43.365280" lon="-2.503570"/>
      <trkpt lat="43.365310" lon="-2.503530"/>
      <trkpt lat="43.365420" lon="-2.503400"/>
      <trkpt lat="43.365510" lon="-2.503300"/>
      <trkpt lat="43.365690" lon="-2.503080"/>
      <trkpt lat="43.365750" lon="-2.503000"/>
      <trkpt lat="43.365800" lon="-2.502930"/>
      <trkpt lat="43.365990" lon="-2.502630"/>
      <trkpt lat="43.366060" lon="-2.502490"/>
      <trkpt lat="43.366110" lon="-2.502300"/>
      <trkpt lat="43.366170" lon="-2.502020"/>
      <trkpt lat="43.366220" lon="-2.501780"/>
      <trkpt lat="43.366250" lon="-2.501680"/>
      <trkpt lat="43.366260" lon="-2.501620"/>
      <trkpt lat="43.366390" lon="-2.500760"/>
      <trkpt lat="43.366450" lon="-2.500380"/>
      <trkpt lat="43.366470" lon="-2.500230"/>
      <trkpt lat="43.366520" lon="-2.499910"/>
      <trkpt lat="43.366530" lon="-2.499840"/>
      <trkpt lat="43.366540" lon="-2.499780"/>
      <trkpt lat="43.366360" lon="-2.499760"/>
      <trkpt lat="43.366300" lon="-2.499780"/>
      <trkpt lat="43.366160" lon="-2.499900"/>
      <trkpt lat="43.366050" lon="-2.500030"/>
      <trkpt lat="43.365940" lon="-2.500190"/>
      <trkpt lat="43.365830" lon="-2.500390"/>
      <trkpt lat="43.365790" lon="-2.500530"/>
      <trkpt lat="43.365750" lon="-2.500700"/>
      <trkpt lat="43.365690" lon="-2.501240"/>
      <trkpt lat="43.365620" lon="-2.501590"/>
      <trkpt lat="43.365590" lon="-2.501650"/>
      <trkpt lat="43.365550" lon="-2.501690"/>
      <trkpt lat="43.365420" lon="-2.501810"/>
      <trkpt lat="43.365270" lon="-2.501930"/>
      <trkpt lat="43.365040" lon="-2.502100"/>
      <trkpt lat="43.364900" lon="-2.502200"/>
      <trkpt lat="43.364610" lon="-2.502420"/>
      <trkpt lat="43.364420" lon="-2.502570"/>
      <trkpt lat="43.364270" lon="-2.502660"/>
      <trkpt lat="43.364220" lon="-2.502660"/>
      <trkpt lat="43.364180" lon="-2.502650"/>
      <trkpt lat="43.364150" lon="-2.502610"/>
      <trkpt lat="43.363950" lon="-2.502270"/>
      <trkpt lat="43.363760" lon="-2.501950"/>
      <trkpt lat="43.363700" lon="-2.501880"/>
      <trkpt lat="43.363690" lon="-2.501880"/>
      <trkpt lat="43.363670" lon="-2.501860"/>
      <trkpt lat="43.363510" lon="-2.502010"/>
      <trkpt lat="43.363480" lon="-2.502040"/>
      <trkpt lat="43.363430" lon="-2.502070"/>
      <trkpt lat="43.363290" lon="-2.502180"/>
      <trkpt lat="43.363220" lon="-2.502250"/>
      <trkpt lat="43.363180" lon="-2.502290"/>
      <trkpt lat="43.363080" lon="-2.502340"/>
      <trkpt lat="43.363000" lon="-2.502390"/>
      <trkpt lat="43.362950" lon="-2.502410"/>
      <trkpt lat="43.362950" lon="-2.502420"/>
      <trkpt lat="43.362960" lon="-2.502470"/>
      <trkpt lat="43.362960" lon="-2.502980"/>
      <trkpt lat="43.362960" lon="-2.503010"/>
      <trkpt lat="43.362970" lon="-2.503060"/>
      <trkpt lat="43.363000" lon="-2.503100"/>
      <trkpt lat="43.363000" lon="-2.503110"/>
      <trkpt lat="43.363020" lon="-2.503140"/>
      <trkpt lat="43.363120" lon="-2.503280"/>
      <trkpt lat="43.363200" lon="-2.503380"/>
      <trkpt lat="43.363300" lon="-2.503520"/>
      <trkpt lat="43.363370" lon="-2.503640"/>
      <trkpt lat="43.363430" lon="-2.503790"/>
      <trkpt lat="43.363500" lon="-2.503930"/>
      <trkpt lat="43.363590" lon="-2.504160"/>
      <trkpt lat="43.363650" lon="-2.504360"/>
      <trkpt lat="43.363660" lon="-2.504400"/>
      <trkpt lat="43.363730" lon="-2.504570"/>
      <trkpt lat="43.363820" lon="-2.504790"/>
      <trkpt lat="43.363860" lon="-2.504870"/>
      <trkpt lat="43.363870" lon="-2.504900"/>
      <trkpt lat="43.363890" lon="-2.504930"/>
      <trkpt lat="43.363930" lon="-2.505050"/>
      <trkpt lat="43.364030" lon="-2.505280"/>
      <trkpt lat="43.364090" lon="-2.505530"/>
      <trkpt lat="43.364090" lon="-2.505610"/>
      <trkpt lat="43.364040" lon="-2.506330"/>
      <trkpt lat="43.364020" lon="-2.506580"/>
      <trkpt lat="43.364000" lon="-2.506800"/>
      <trkpt lat="43.363960" lon="-2.507210"/>
      <trkpt lat="43.363940" lon="-2.507460"/>
      <trkpt lat="43.363930" lon="-2.507520"/>
      <trkpt lat="43.363930" lon="-2.507580"/>
      <trkpt lat="43.363880" lon="-2.508010"/>
      <trkpt lat="43.363860" lon="-2.508160"/>
      <trkpt lat="43.363810" lon="-2.508330"/>
      <trkpt lat="43.363760" lon="-2.508460"/>
      <trkpt lat="43.363710" lon="-2.508560"/>
      <trkpt lat="43.363680" lon="-2.508610"/>
      <trkpt lat="43.363620" lon="-2.508700"/>
      <trkpt lat="43.363580" lon="-2.508760"/>
      <trkpt lat="43.363550" lon="-2.508800"/>
      <trkpt lat="43.363430" lon="-2.508930"/>
      <trkpt lat="43.363320" lon="-2.509050"/>
      <trkpt lat="43.363200" lon="-2.509180"/>
      <trkpt lat="43.363130" lon="-2.509310"/>
      <trkpt lat="43.363080" lon="-2.509410"/>
      <trkpt lat="43.363040" lon="-2.509490"/>
      <trkpt lat="43.362990" lon="-2.509630"/>
      <trkpt lat="43.362970" lon="-2.509770"/>
      <trkpt lat="43.362980" lon="-2.509950"/>
      <trkpt lat="43.363030" lon="-2.510230"/>
      <trkpt lat="43.363110" lon="-2.510460"/>
      <trkpt lat="43.363220" lon="-2.510840"/>
      <trkpt lat="43.363250" lon="-2.510940"/>
      <trkpt lat="43.363300" lon="-2.511080"/>
      <trkpt lat="43.363430" lon="-2.511380"/>
      <trkpt lat="43.363590" lon="-2.511700"/>
      <trkpt lat="43.363720" lon="-2.511940"/>
      <trkpt lat="43.364120" lon="-2.512700"/>
      <trkpt lat="43.364170" lon="-2.512650"/>
      <trkpt lat="43.364230" lon="-2.512620"/>
      <trkpt lat="43.364290" lon="-2.512610"/>
      <trkpt lat="43.364350" lon="-2.512630"/>
      <trkpt lat="43.364400" lon="-2.512660"/>
      <trkpt lat="43.364440" lon="-2.512710"/>
      <trkpt lat="43.364470" lon="-2.512770"/>
      <trkpt lat="43.364490" lon="-2.512840"/>
      <trkpt lat="43.364500" lon="-2.512920"/>
      <trkpt lat="43.364490" lon="-2.513000"/>
      <trkpt lat="43.364470" lon="-2.513080"/>
      <trkpt lat="43.364420" lon="-2.513160"/>
      <trkpt lat="43.364360" lon="-2.513210"/>
      <trkpt lat="43.364280" lon="-2.513230"/>
      <trkpt lat="43.364210" lon="-2.513210"/>
      <trkpt lat="43.364160" lon="-2.513260"/>
      <trkpt lat="43.364060" lon="-2.513310"/>
      <trkpt lat="43.363920" lon="-2.513430"/>
      <trkpt lat="43.363720" lon="-2.513660"/>
      <trkpt lat="43.363530" lon="-2.513840"/>
      <trkpt lat="43.363340" lon="-2.513960"/>
      <trkpt lat="43.363120" lon="-2.514070"/>
      <trkpt lat="43.362920" lon="-2.514110"/>
      <trkpt lat="43.362740" lon="-2.514140"/>
      <trkpt lat="43.362540" lon="-2.514140"/>
      <trkpt lat="43.362330" lon="-2.514090"/>
      <trkpt lat="43.362130" lon="-2.514020"/>
      <trkpt lat="43.361970" lon="-2.513930"/>
      <trkpt lat="43.361840" lon="-2.513840"/>
      <trkpt lat="43.361700" lon="-2.513730"/>
      <trkpt lat="43.361540" lon="-2.513540"/>
      <trkpt lat="43.361410" lon="-2.513370"/>
      <trkpt lat="43.361260" lon="-2.513130"/>
      <trkpt lat="43.360300" lon="-2.511330"/>
      <trkpt lat="43.359800" lon="-2.510380"/>
      <trkpt lat="43.359400" lon="-2.509640"/>
      <trkpt lat="43.359160" lon="-2.509270"/>
      <trkpt lat="43.359020" lon="-2.509090"/>
      <trkpt lat="43.358880" lon="-2.508930"/>
      <trkpt lat="43.358710" lon="-2.508770"/>
      <trkpt lat="43.358550" lon="-2.508650"/>
      <trkpt lat="43.358400" lon="-2.508550"/>
      <trkpt lat="43.358230" lon="-2.508460"/>
      <trkpt lat="43.358110" lon="-2.508410"/>
      <trkpt lat="43.358000" lon="-2.508370"/>
      <trkpt lat="43.357830" lon="-2.508330"/>
      <trkpt lat="43.357600" lon="-2.508300"/>
      <trkpt lat="43.357290" lon="-2.508300"/>
      <trkpt lat="43.356480" lon="-2.508380"/>
      <trkpt lat="43.356360" lon="-2.508380"/>
      <trkpt lat="43.356130" lon="-2.508370"/>
      <trkpt lat="43.356000" lon="-2.508360"/>
      <trkpt lat="43.355840" lon="-2.508320"/>
      <trkpt lat="43.355730" lon="-2.508260"/>
      <trkpt lat="43.355580" lon="-2.508180"/>
      <trkpt lat="43.355430" lon="-2.508070"/>
      <trkpt lat="43.355280" lon="-2.507910"/>
      <trkpt lat="43.355180" lon="-2.507790"/>
      <trkpt lat="43.355060" lon="-2.507600"/>
      <trkpt lat="43.354970" lon="-2.507420"/>
      <trkpt lat="43.354900" lon="-2.507210"/>
      <trkpt lat="43.354820" lon="-2.506920"/>
      <trkpt lat="43.354780" lon="-2.506630"/>
      <trkpt lat="43.354770" lon="-2.506360"/>
      <trkpt lat="43.354780" lon="-2.506080"/>
      <trkpt lat="43.354870" lon="-2.505510"/>
      <trkpt lat="43.354860" lon="-2.505130"/>
      <trkpt lat="43.354860" lon="-2.505030"/>
      <trkpt lat="43.354840" lon="-2.504990"/>
      <trkpt lat="43.354820" lon="-2.504940"/>
      <trkpt lat="43.354820" lon="-2.504890"/>
      <trkpt lat="43.354820" lon="-2.504820"/>
      <trkpt lat="43.354840" lon="-2.504760"/>
      <trkpt lat="43.354780" lon="-2.504520"/>
      <trkpt lat="43.354700" lon="-2.504300"/>
      <trkpt lat="43.354620" lon="-2.504160"/>
      <trkpt lat="43.354510" lon="-2.504010"/>
      <trkpt lat="43.354400" lon="-2.503850"/>
      <trkpt lat="43.354280" lon="-2.503710"/>
      <trkpt lat="43.354070" lon="-2.503540"/>
      <trkpt lat="43.353940" lon="-2.503500"/>
      <trkpt lat="43.353780" lon="-2.503470"/>
      <trkpt lat="43.353620" lon="-2.503490"/>
      <trkpt lat="43.353520" lon="-2.503540"/>
      <trkpt lat="43.353210" lon="-2.503740"/>
      <trkpt lat="43.352940" lon="-2.503930"/>
      <trkpt lat="43.352690" lon="-2.504190"/>
      <trkpt lat="43.352600" lon="-2.504360"/>
      <trkpt lat="43.352490" lon="-2.504620"/>
      <trkpt lat="43.352360" lon="-2.504990"/>
      <trkpt lat="43.352190" lon="-2.505450"/>
      <trkpt lat="43.351960" lon="-2.505830"/>
      <trkpt lat="43.351760" lon="-2.506110"/>
      <trkpt lat="43.351600" lon="-2.506240"/>
      <trkpt lat="43.351430" lon="-2.506340"/>
      <trkpt lat="43.351210" lon="-2.506400"/>
      <trkpt lat="43.350990" lon="-2.506390"/>
      <trkpt lat="43.350780" lon="-2.506350"/>
      <trkpt lat="43.350590" lon="-2.506290"/>
      <trkpt lat="43.350410" lon="-2.506210"/>
      <trkpt lat="43.349650" lon="-2.505800"/>
      <trkpt lat="43.348610" lon="-2.505290"/>
      <trkpt lat="43.348120" lon="-2.505010"/>
      <trkpt lat="43.348000" lon="-2.504920"/>
      <trkpt lat="43.347870" lon="-2.504790"/>
      <trkpt lat="43.347810" lon="-2.504650"/>
      <trkpt lat="43.347750" lon="-2.504520"/>
      <trkpt lat="43.347740" lon="-2.504500"/>
      <trkpt lat="43.347430" lon="-2.503920"/>
      <trkpt lat="43.347360" lon="-2.503800"/>
      <trkpt lat="43.347250" lon="-2.503620"/>
      <trkpt lat="43.347240" lon="-2.503590"/>
      <trkpt lat="43.347100" lon="-2.503260"/>
      <trkpt lat="43.347050" lon="-2.503140"/>
      <trkpt lat="43.346920" lon="-2.502820"/>
      <trkpt lat="43.346780" lon="-2.502530"/>
      <trkpt lat="43.346660" lon="-2.502340"/>
      <trkpt lat="43.346520" lon="-2.502220"/>
      <trkpt lat="43.346390" lon="-2.502130"/>
      <trkpt lat="43.346240" lon="-2.502090"/>
      <trkpt lat="43.346080" lon="-2.502090"/>
      <trkpt lat="43.345940" lon="-2.502130"/>
      <trkpt lat="43.345800" lon="-2.502200"/>
      <trkpt lat="43.345650" lon="-2.502350"/>
      <trkpt lat="43.345470" lon="-2.502610"/>
      <trkpt lat="43.345250" lon="-2.502970"/>
      <trkpt lat="43.344790" lon="-2.503700"/>
      <trkpt lat="43.344350" lon="-2.504410"/>
      <trkpt lat="43.344010" lon="-2.504960"/>
      <trkpt lat="43.343840" lon="-2.505240"/>
      <trkpt lat="43.343720" lon="-2.505480"/>
      <trkpt lat="43.343610" lon="-2.505690"/>
      <trkpt lat="43.343610" lon="-2.505700"/>
      <trkpt lat="43.343580" lon="-2.505760"/>
      <trkpt lat="43.343500" lon="-2.505920"/>
      <trkpt lat="43.343480" lon="-2.505960"/>
      <trkpt lat="43.343430" lon="-2.505990"/>
      <trkpt lat="43.343400" lon="-2.506010"/>
      <trkpt lat="43.343340" lon="-2.506020"/>
      <trkpt lat="43.343300" lon="-2.506010"/>
      <trkpt lat="43.343250" lon="-2.506000"/>
      <trkpt lat="43.343200" lon="-2.505990"/>
      <trkpt lat="43.342930" lon="-2.505960"/>
      <trkpt lat="43.342670" lon="-2.505930"/>
      <trkpt lat="43.342380" lon="-2.505900"/>
      <trkpt lat="43.342200" lon="-2.505900"/>
      <trkpt lat="43.342120" lon="-2.505920"/>
      <trkpt lat="43.341970" lon="-2.505990"/>
      <trkpt lat="43.341740" lon="-2.506100"/>
      <trkpt lat="43.341610" lon="-2.506140"/>
      <trkpt lat="43.341480" lon="-2.506160"/>
      <trkpt lat="43.341330" lon="-2.506150"/>
      <trkpt lat="43.341190" lon="-2.506110"/>
      <trkpt lat="43.341070" lon="-2.506050"/>
      <trkpt lat="43.340920" lon="-2.505960"/>
      <trkpt lat="43.340710" lon="-2.505790"/>
      <trkpt lat="43.340160" lon="-2.505300"/>
      <trkpt lat="43.340010" lon="-2.505150"/>
      <trkpt lat="43.339870" lon="-2.504970"/>
      <trkpt lat="43.339750" lon="-2.504770"/>
      <trkpt lat="43.339640" lon="-2.504550"/>
      <trkpt lat="43.339570" lon="-2.504400"/>
      <trkpt lat="43.339450" lon="-2.504150"/>
      <trkpt lat="43.339310" lon="-2.503760"/>
      <trkpt lat="43.339250" lon="-2.503550"/>
      <trkpt lat="43.339040" lon="-2.502890"/>
      <trkpt lat="43.338950" lon="-2.502670"/>
      <trkpt lat="43.338850" lon="-2.502480"/>
      <trkpt lat="43.338810" lon="-2.502410"/>
      <trkpt lat="43.338750" lon="-2.502320"/>
      <trkpt lat="43.338630" lon="-2.502170"/>
      <trkpt lat="43.338480" lon="-2.502020"/>
      <trkpt lat="43.338140" lon="-2.501820"/>
      <trkpt lat="43.337860" lon="-2.501610"/>
      <trkpt lat="43.337640" lon="-2.501340"/>
      <trkpt lat="43.337570" lon="-2.501210"/>
      <trkpt lat="43.337510" lon="-2.501090"/>
      <trkpt lat="43.337480" lon="-2.500940"/>
      <trkpt lat="43.337470" lon="-2.500760"/>
      <trkpt lat="43.337480" lon="-2.500250"/>
      <trkpt lat="43.337470" lon="-2.500100"/>
      <trkpt lat="43.337440" lon="-2.499960"/>
      <trkpt lat="43.337370" lon="-2.499800"/>
      <trkpt lat="43.337140" lon="-2.499370"/>
      <trkpt lat="43.337090" lon="-2.499280"/>
      <trkpt lat="43.336890" lon="-2.498910"/>
      <trkpt lat="43.336690" lon="-2.498620"/>
      <trkpt lat="43.336600" lon="-2.498500"/>
      <trkpt lat="43.336400" lon="-2.498330"/>
      <trkpt lat="43.336230" lon="-2.498240"/>
      <trkpt lat="43.336050" lon="-2.498170"/>
      <trkpt lat="43.335890" lon="-2.498160"/>
      <trkpt lat="43.335690" lon="-2.498190"/>
      <trkpt lat="43.335360" lon="-2.498350"/>
      <trkpt lat="43.335290" lon="-2.498380"/>
      <trkpt lat="43.335120" lon="-2.498410"/>
      <trkpt lat="43.334980" lon="-2.498430"/>
      <trkpt lat="43.334790" lon="-2.498410"/>
      <trkpt lat="43.334760" lon="-2.498400"/>
      <trkpt lat="43.334650" lon="-2.498380"/>
      <trkpt lat="43.334530" lon="-2.498330"/>
      <trkpt lat="43.333240" lon="-2.497730"/>
      <trkpt lat="43.333230" lon="-2.497730"/>
      <trkpt lat="43.333120" lon="-2.497680"/>
      <trkpt lat="43.332830" lon="-2.497540"/>
      <trkpt lat="43.332640" lon="-2.497450"/>
      <trkpt lat="43.332400" lon="-2.497380"/>
      <trkpt lat="43.332280" lon="-2.497370"/>
      <trkpt lat="43.331570" lon="-2.497310"/>
      <trkpt lat="43.330470" lon="-2.497200"/>
      <trkpt lat="43.330300" lon="-2.497200"/>
      <trkpt lat="43.329680" lon="-2.497290"/>
      <trkpt lat="43.329470" lon="-2.497290"/>
      <trkpt lat="43.329360" lon="-2.497270"/>
      <trkpt lat="43.329260" lon="-2.497240"/>
      <trkpt lat="43.329170" lon="-2.497190"/>
      <trkpt lat="43.329060" lon="-2.497110"/>
      <trkpt lat="43.328970" lon="-2.496990"/>
      <trkpt lat="43.328910" lon="-2.496910"/>
      <trkpt lat="43.328840" lon="-2.496760"/>
      <trkpt lat="43.328750" lon="-2.496530"/>
      <trkpt lat="43.328540" lon="-2.495830"/>
      <trkpt lat="43.328470" lon="-2.495640"/>
      <trkpt lat="43.328380" lon="-2.495490"/>
      <trkpt lat="43.328250" lon="-2.495330"/>
      <trkpt lat="43.327820" lon="-2.494880"/>
      <trkpt lat="43.327750" lon="-2.494810"/>
      <trkpt lat="43.327280" lon="-2.494300"/>
      <trkpt lat="43.327210" lon="-2.494250"/>
      <trkpt lat="43.327080" lon="-2.494170"/>
      <trkpt lat="43.326900" lon="-2.494100"/>
      <trkpt lat="43.326430" lon="-2.493980"/>
      <trkpt lat="43.326170" lon="-2.493920"/>
      <trkpt lat="43.325780" lon="-2.493910"/>
      <trkpt lat="43.325500" lon="-2.493850"/>
      <trkpt lat="43.325320" lon="-2.493790"/>
      <trkpt lat="43.325180" lon="-2.493710"/>
      <trkpt lat="43.325000" lon="-2.493620"/>
      <trkpt lat="43.324840" lon="-2.493510"/>
      <trkpt lat="43.324640" lon="-2.493350"/>
      <trkpt lat="43.324050" lon="-2.492860"/>
      <trkpt lat="43.323520" lon="-2.492440"/>
      <trkpt lat="43.323260" lon="-2.492250"/>
      <trkpt lat="43.322220" lon="-2.491570"/>
      <trkpt lat="43.321770" lon="-2.491280"/>
      <trkpt lat="43.321410" lon="-2.491050"/>
      <trkpt lat="43.320970" lon="-2.490770"/>
      <trkpt lat="43.320860" lon="-2.490680"/>
      <trkpt lat="43.320760" lon="-2.490560"/>
      <trkpt lat="43.320690" lon="-2.490410"/>
      <trkpt lat="43.320220" lon="-2.489280"/>
      <trkpt lat="43.320010" lon="-2.488760"/>
      <trkpt lat="43.319790" lon="-2.488100"/>
      <trkpt lat="43.319510" lon="-2.487110"/>
      <trkpt lat="43.319460" lon="-2.486890"/>
      <trkpt lat="43.319430" lon="-2.486720"/>
      <trkpt lat="43.319410" lon="-2.486520"/>
      <trkpt lat="43.319390" lon="-2.486110"/>
      <trkpt lat="43.319370" lon="-2.485860"/>
      <trkpt lat="43.319320" lon="-2.485540"/>
      <trkpt lat="43.319280" lon="-2.485380"/>
      <trkpt lat="43.319190" lon="-2.485070"/>
      <trkpt lat="43.319150" lon="-2.484910"/>
      <trkpt lat="43.319110" lon="-2.484710"/>
      <trkpt lat="43.319080" lon="-2.484440"/>
      <trkpt lat="43.319070" lon="-2.484220"/>
      <trkpt lat="43.319080" lon="-2.483910"/>
      <trkpt lat="43.319090" lon="-2.483730"/>
      <trkpt lat="43.319080" lon="-2.483530"/>
      <trkpt lat="43.319060" lon="-2.483340"/>
      <trkpt lat="43.319030" lon="-2.483010"/>
      <trkpt lat="43.319000" lon="-2.482860"/>
      <trkpt lat="43.318990" lon="-2.482830"/>
      <trkpt lat="43.318920" lon="-2.482640"/>
      <trkpt lat="43.318810" lon="-2.482460"/>
      <trkpt lat="43.318670" lon="-2.482330"/>
      <trkpt lat="43.318390" lon="-2.482230"/>
      <trkpt lat="43.318260" lon="-2.482170"/>
      <trkpt lat="43.318160" lon="-2.482070"/>
      <trkpt lat="43.318060" lon="-2.481930"/>
      <trkpt lat="43.317980" lon="-2.481750"/>
      <trkpt lat="43.317950" lon="-2.481630"/>
      <trkpt lat="43.317950" lon="-2.481490"/>
      <trkpt lat="43.317970" lon="-2.481350"/>
      <trkpt lat="43.318040" lon="-2.481220"/>
      <trkpt lat="43.318400" lon="-2.480770"/>
      <trkpt lat="43.318460" lon="-2.480650"/>
      <trkpt lat="43.318500" lon="-2.480530"/>
      <trkpt lat="43.318520" lon="-2.480400"/>
      <trkpt lat="43.318490" lon="-2.480280"/>
      <trkpt lat="43.318430" lon="-2.480160"/>
      <trkpt lat="43.318330" lon="-2.480060"/>
      <trkpt lat="43.318060" lon="-2.480000"/>
      <trkpt lat="43.317860" lon="-2.479960"/>
      <trkpt lat="43.317760" lon="-2.479920"/>
      <trkpt lat="43.317650" lon="-2.479840"/>
      <trkpt lat="43.317440" lon="-2.479590"/>
      <trkpt lat="43.317350" lon="-2.479490"/>
      <trkpt lat="43.317300" lon="-2.479390"/>
      <trkpt lat="43.317250" lon="-2.479250"/>
      <trkpt lat="43.317180" lon="-2.478540"/>
      <trkpt lat="43.317160" lon="-2.478450"/>
      <trkpt lat="43.317130" lon="-2.478370"/>
      <trkpt lat="43.317100" lon="-2.478300"/>
      <trkpt lat="43.317030" lon="-2.478180"/>
      <trkpt lat="43.316950" lon="-2.478120"/>
      <trkpt lat="43.316790" lon="-2.478030"/>
      <trkpt lat="43.316660" lon="-2.477960"/>
      <trkpt lat="43.316560" lon="-2.477870"/>
      <trkpt lat="43.316380" lon="-2.477560"/>
      <trkpt lat="43.316310" lon="-2.477470"/>
      <trkpt lat="43.316200" lon="-2.477340"/>
      <trkpt lat="43.316110" lon="-2.477280"/>
      <trkpt lat="43.315990" lon="-2.477260"/>
      <trkpt lat="43.315900" lon="-2.477320"/>
      <trkpt lat="43.315440" lon="-2.477810"/>
      <trkpt lat="43.315390" lon="-2.477900"/>
      <trkpt lat="43.315340" lon="-2.478040"/>
      <trkpt lat="43.315310" lon="-2.478150"/>
      <trkpt lat="43.315300" lon="-2.478320"/>
      <trkpt lat="43.315310" lon="-2.478560"/>
      <trkpt lat="43.315310" lon="-2.478710"/>
      <trkpt lat="43.315290" lon="-2.478860"/>
      <trkpt lat="43.315230" lon="-2.479030"/>
      <trkpt lat="43.315190" lon="-2.479130"/>
      <trkpt lat="43.315160" lon="-2.479260"/>
      <trkpt lat="43.315140" lon="-2.479370"/>
      <trkpt lat="43.315130" lon="-2.479480"/>
      <trkpt lat="43.315150" lon="-2.479570"/>
      <trkpt lat="43.315180" lon="-2.479700"/>
      <trkpt lat="43.315230" lon="-2.479820"/>
      <trkpt lat="43.315330" lon="-2.480050"/>
      <trkpt lat="43.315350" lon="-2.480130"/>
      <trkpt lat="43.315360" lon="-2.480250"/>
      <trkpt lat="43.315370" lon="-2.480450"/>
      <trkpt lat="43.315390" lon="-2.480610"/>
      <trkpt lat="43.315430" lon="-2.480900"/>
      <trkpt lat="43.315450" lon="-2.481060"/>
      <trkpt lat="43.315460" lon="-2.481150"/>
      <trkpt lat="43.315500" lon="-2.481350"/>
      <trkpt lat="43.315520" lon="-2.481470"/>
      <trkpt lat="43.315510" lon="-2.481570"/>
      <trkpt lat="43.315490" lon="-2.481660"/>
      <trkpt lat="43.315440" lon="-2.481730"/>
      <trkpt lat="43.315340" lon="-2.481820"/>
      <trkpt lat="43.315210" lon="-2.481880"/>
      <trkpt lat="43.314980" lon="-2.481900"/>
      <trkpt lat="43.314710" lon="-2.481870"/>
      <trkpt lat="43.314170" lon="-2.481820"/>
      <trkpt lat="43.313970" lon="-2.481780"/>
      <trkpt lat="43.313750" lon="-2.481730"/>
      <trkpt lat="43.313600" lon="-2.481680"/>
      <trkpt lat="43.313180" lon="-2.481490"/>
      <trkpt lat="43.312790" lon="-2.481320"/>
      <trkpt lat="43.312450" lon="-2.481160"/>
      <trkpt lat="43.312320" lon="-2.481070"/>
      <trkpt lat="43.312190" lon="-2.480970"/>
      <trkpt lat="43.312040" lon="-2.480790"/>
      <trkpt lat="43.311820" lon="-2.480550"/>
      <trkpt lat="43.311750" lon="-2.480490"/>
      <trkpt lat="43.311660" lon="-2.480460"/>
      <trkpt lat="43.311570" lon="-2.480460"/>
      <trkpt lat="43.311490" lon="-2.480480"/>
      <trkpt lat="43.311400" lon="-2.480540"/>
      <trkpt lat="43.311300" lon="-2.480640"/>
      <trkpt lat="43.311220" lon="-2.480810"/>
      <trkpt lat="43.310960" lon="-2.481530"/>
      <trkpt lat="43.310910" lon="-2.481670"/>
      <trkpt lat="43.310880" lon="-2.481820"/>
      <trkpt lat="43.310860" lon="-2.481970"/>
      <trkpt lat="43.310810" lon="-2.482500"/>
      <trkpt lat="43.310790" lon="-2.482800"/>
      <trkpt lat="43.310770" lon="-2.482920"/>
      <trkpt lat="43.310730" lon="-2.483030"/>
      <trkpt lat="43.310670" lon="-2.483130"/>
      <trkpt lat="43.310580" lon="-2.483230"/>
      <trkpt lat="43.310450" lon="-2.483290"/>
      <trkpt lat="43.310160" lon="-2.483380"/>
      <trkpt lat="43.309750" lon="-2.483480"/>
      <trkpt lat="43.309660" lon="-2.483480"/>
      <trkpt lat="43.309490" lon="-2.483450"/>
      <trkpt lat="43.309060" lon="-2.483310"/>
      <trkpt lat="43.308560" lon="-2.483130"/>
      <trkpt lat="43.308490" lon="-2.483090"/>
      <trkpt lat="43.308410" lon="-2.483020"/>
      <trkpt lat="43.308350" lon="-2.482930"/>
      <trkpt lat="43.308320" lon="-2.482830"/>
      <trkpt lat="43.308300" lon="-2.482690"/>
      <trkpt lat="43.308300" lon="-2.482580"/>
      <trkpt lat="43.308350" lon="-2.482320"/>
      <trkpt lat="43.308360" lon="-2.482220"/>
      <trkpt lat="43.308350" lon="-2.482080"/>
      <trkpt lat="43.308300" lon="-2.481940"/>
      <trkpt lat="43.308230" lon="-2.481800"/>
      <trkpt lat="43.308050" lon="-2.481620"/>
      <trkpt lat="43.308000" lon="-2.481560"/>
      <trkpt lat="43.307940" lon="-2.481470"/>
      <trkpt lat="43.307880" lon="-2.481320"/>
      <trkpt lat="43.307850" lon="-2.481180"/>
      <trkpt lat="43.307850" lon="-2.481050"/>
      <trkpt lat="43.307870" lon="-2.480900"/>
      <trkpt lat="43.307920" lon="-2.480780"/>
      <trkpt lat="43.307960" lon="-2.480700"/>
      <trkpt lat="43.308130" lon="-2.480430"/>
      <trkpt lat="43.308180" lon="-2.480310"/>
      <trkpt lat="43.308200" lon="-2.480200"/>
      <trkpt lat="43.308220" lon="-2.480020"/>
      <trkpt lat="43.308190" lon="-2.479830"/>
      <trkpt lat="43.308140" lon="-2.479700"/>
      <trkpt lat="43.307910" lon="-2.479340"/>
      <trkpt lat="43.307760" lon="-2.479110"/>
      <trkpt lat="43.307670" lon="-2.478980"/>
      <trkpt lat="43.307570" lon="-2.478890"/>
      <trkpt lat="43.307460" lon="-2.478830"/>
      <trkpt lat="43.307350" lon="-2.478830"/>
      <trkpt lat="43.307230" lon="-2.478860"/>
      <trkpt lat="43.307170" lon="-2.478900"/>
      <trkpt lat="43.306860" lon="-2.479190"/>
      <trkpt lat="43.306750" lon="-2.479240"/>
      <trkpt lat="43.306630" lon="-2.479280"/>
      <trkpt lat="43.306480" lon="-2.479260"/>
      <trkpt lat="43.306350" lon="-2.479230"/>
      <trkpt lat="43.306040" lon="-2.479100"/>
      <trkpt lat="43.305880" lon="-2.479040"/>
      <trkpt lat="43.305750" lon="-2.479020"/>
      <trkpt lat="43.305600" lon="-2.479010"/>
      <trkpt lat="43.305480" lon="-2.479040"/>
      <trkpt lat="43.305330" lon="-2.479080"/>
      <trkpt lat="43.305020" lon="-2.479240"/>
      <trkpt lat="43.303890" lon="-2.479970"/>
      <trkpt lat="43.303770" lon="-2.480050"/>
      <trkpt lat="43.303670" lon="-2.480150"/>
      <trkpt lat="43.303620" lon="-2.480240"/>
      <trkpt lat="43.303570" lon="-2.480330"/>
      <trkpt lat="43.303540" lon="-2.480480"/>
      <trkpt lat="43.303530" lon="-2.480650"/>
      <trkpt lat="43.303520" lon="-2.480980"/>
      <trkpt lat="43.303510" lon="-2.481200"/>
      <trkpt lat="43.303480" lon="-2.481360"/>
      <trkpt lat="43.303430" lon="-2.481580"/>
      <trkpt lat="43.303370" lon="-2.481730"/>
      <trkpt lat="43.303330" lon="-2.481810"/>
      <trkpt lat="43.303220" lon="-2.481960"/>
      <trkpt lat="43.303110" lon="-2.482050"/>
      <trkpt lat="43.303000" lon="-2.482090"/>
      <trkpt lat="43.302900" lon="-2.482110"/>
      <trkpt lat="43.302760" lon="-2.482100"/>
      <trkpt lat="43.302760" lon="-2.482100"/>
      <trkpt lat="43.302680" lon="-2.482050"/>
      <trkpt lat="43.302590" lon="-2.481990"/>
      <trkpt lat="43.302470" lon="-2.481860"/>
      <trkpt lat="43.302380" lon="-2.481680"/>
      <trkpt lat="43.302340" lon="-2.481540"/>
      <trkpt lat="43.302310" lon="-2.481200"/>
      <trkpt lat="43.302330" lon="-2.480820"/>
      <trkpt lat="43.302350" lon="-2.480260"/>
      <trkpt lat="43.302390" lon="-2.479900"/>
      <trkpt lat="43.302440" lon="-2.479500"/>
      <trkpt lat="43.302440" lon="-2.479340"/>
      <trkpt lat="43.302440" lon="-2.479140"/>
      <trkpt lat="43.302390" lon="-2.478940"/>
      <trkpt lat="43.302310" lon="-2.478760"/>
      <trkpt lat="43.302210" lon="-2.478610"/>
      <trkpt lat="43.302100" lon="-2.478500"/>
      <trkpt lat="43.301980" lon="-2.478410"/>
      <trkpt lat="43.301890" lon="-2.478370"/>
      <trkpt lat="43.301820" lon="-2.478350"/>
      <trkpt lat="43.301710" lon="-2.478350"/>
      <trkpt lat="43.301670" lon="-2.478350"/>
      <trkpt lat="43.301570" lon="-2.478360"/>
      <trkpt lat="43.301520" lon="-2.478380"/>
      <trkpt lat="43.301420" lon="-2.478430"/>
      <trkpt lat="43.301280" lon="-2.478540"/>
      <trkpt lat="43.301170" lon="-2.478690"/>
      <trkpt lat="43.300790" lon="-2.479250"/>
      <trkpt lat="43.300660" lon="-2.479430"/>
      <trkpt lat="43.300540" lon="-2.479530"/>
      <trkpt lat="43.300400" lon="-2.479630"/>
      <trkpt lat="43.300250" lon="-2.479700"/>
      <trkpt lat="43.300100" lon="-2.479750"/>
      <trkpt lat="43.299960" lon="-2.479770"/>
      <trkpt lat="43.299830" lon="-2.479780"/>
      <trkpt lat="43.299710" lon="-2.479770"/>
      <trkpt lat="43.299150" lon="-2.479690"/>
      <trkpt lat="43.298990" lon="-2.479650"/>
      <trkpt lat="43.298880" lon="-2.479610"/>
      <trkpt lat="43.298790" lon="-2.479550"/>
      <trkpt lat="43.298710" lon="-2.479440"/>
      <trkpt lat="43.298640" lon="-2.479290"/>
      <trkpt lat="43.298570" lon="-2.479060"/>
      <trkpt lat="43.298510" lon="-2.478810"/>
      <trkpt lat="43.298440" lon="-2.478640"/>
      <trkpt lat="43.298350" lon="-2.478520"/>
      <trkpt lat="43.298010" lon="-2.478320"/>
      <trkpt lat="43.297870" lon="-2.478220"/>
      <trkpt lat="43.297670" lon="-2.478040"/>
      <trkpt lat="43.297400" lon="-2.477610"/>
      <trkpt lat="43.297260" lon="-2.477300"/>
      <trkpt lat="43.297130" lon="-2.476930"/>
      <trkpt lat="43.297030" lon="-2.476570"/>
      <trkpt lat="43.297000" lon="-2.476380"/>
      <trkpt lat="43.296980" lon="-2.476130"/>
      <trkpt lat="43.297000" lon="-2.475920"/>
      <trkpt lat="43.297020" lon="-2.475660"/>
      <trkpt lat="43.297010" lon="-2.475640"/>
      <trkpt lat="43.296980" lon="-2.475600"/>
      <trkpt lat="43.296960" lon="-2.475590"/>
      <trkpt lat="43.296980" lon="-2.475480"/>
      <trkpt lat="43.297010" lon="-2.475410"/>
      <trkpt lat="43.297230" lon="-2.475320"/>
      <trkpt lat="43.297330" lon="-2.475260"/>
      <trkpt lat="43.297440" lon="-2.475190"/>
      <trkpt lat="43.297510" lon="-2.475130"/>
      <trkpt lat="43.297560" lon="-2.475030"/>
      <trkpt lat="43.297580" lon="-2.475020"/>
      <trkpt lat="43.297610" lon="-2.474950"/>
      <trkpt lat="43.297620" lon="-2.474910"/>
      <trkpt lat="43.297640" lon="-2.474790"/>
      <trkpt lat="43.297660" lon="-2.474590"/>
      <trkpt lat="43.297680" lon="-2.474490"/>
      <trkpt lat="43.297700" lon="-2.474360"/>
      <trkpt lat="43.297730" lon="-2.474280"/>
      <trkpt lat="43.297770" lon="-2.474170"/>
      <trkpt lat="43.298050" lon="-2.473780"/>
      <trkpt lat="43.298390" lon="-2.473330"/>
      <trkpt lat="43.298540" lon="-2.473160"/>
      <trkpt lat="43.298700" lon="-2.473030"/>
      <trkpt lat="43.298900" lon="-2.472870"/>
      <trkpt lat="43.299230" lon="-2.472700"/>
      <trkpt lat="43.299450" lon="-2.472630"/>
      <trkpt lat="43.299680" lon="-2.472590"/>
      <trkpt lat="43.299800" lon="-2.472580"/>
      <trkpt lat="43.299970" lon="-2.472590"/>
      <trkpt lat="43.300210" lon="-2.472630"/>
      <trkpt lat="43.300460" lon="-2.472720"/>
      <trkpt lat="43.300660" lon="-2.472790"/>
      <trkpt lat="43.300930" lon="-2.472920"/>
      <trkpt lat="43.301030" lon="-2.472970"/>
      <trkpt lat="43.301110" lon="-2.473030"/>
      <trkpt lat="43.301140" lon="-2.473040"/>
      <trkpt lat="43.301300" lon="-2.473130"/>
      <trkpt lat="43.301540" lon="-2.473260"/>
      <trkpt lat="43.301670" lon="-2.473310"/>
      <trkpt lat="43.301810" lon="-2.473340"/>
      <trkpt lat="43.301930" lon="-2.473340"/>
      <trkpt lat="43.302020" lon="-2.473320"/>
      <trkpt lat="43.302120" lon="-2.473280"/>
      <trkpt lat="43.302230" lon="-2.473200"/>
      <trkpt lat="43.302570" lon="-2.472880"/>
      <trkpt lat="43.302710" lon="-2.472750"/>
      <trkpt lat="43.302860" lon="-2.472630"/>
      <trkpt lat="43.302990" lon="-2.472540"/>
      <trkpt lat="43.303120" lon="-2.472460"/>
      <trkpt lat="43.303240" lon="-2.472410"/>
      <trkpt lat="43.303400" lon="-2.472340"/>
      <trkpt lat="43.303550" lon="-2.472290"/>
      <trkpt lat="43.303760" lon="-2.472200"/>
      <trkpt lat="43.303930" lon="-2.472130"/>
      <trkpt lat="43.303960" lon="-2.472120"/>
      <trkpt lat="43.304020" lon="-2.472090"/>
      <trkpt lat="43.304150" lon="-2.472020"/>
      <trkpt lat="43.305150" lon="-2.471530"/>
      <trkpt lat="43.305530" lon="-2.471330"/>
      <trkpt lat="43.305780" lon="-2.471200"/>
      <trkpt lat="43.307280" lon="-2.470460"/>
      <trkpt lat="43.307300" lon="-2.470450"/>
      <trkpt lat="43.307430" lon="-2.470390"/>
      <trkpt lat="43.307710" lon="-2.470250"/>
      <trkpt lat="43.308000" lon="-2.470110"/>
      <trkpt lat="43.308060" lon="-2.470080"/>
      <trkpt lat="43.308100" lon="-2.470050"/>
      <trkpt lat="43.308210" lon="-2.469970"/>
      <trkpt lat="43.308230" lon="-2.469940"/>
      <trkpt lat="43.308350" lon="-2.469770"/>
      <trkpt lat="43.308550" lon="-2.469490"/>
      <trkpt lat="43.308670" lon="-2.469320"/>
      <trkpt lat="43.308750" lon="-2.469200"/>
      <trkpt lat="43.308970" lon="-2.468870"/>
      <trkpt lat="43.309030" lon="-2.468800"/>
      <trkpt lat="43.309130" lon="-2.468660"/>
      <trkpt lat="43.309220" lon="-2.468520"/>
      <trkpt lat="43.309310" lon="-2.468400"/>
      <trkpt lat="43.309340" lon="-2.468360"/>
      <trkpt lat="43.309380" lon="-2.468280"/>
      <trkpt lat="43.309530" lon="-2.467950"/>
      <trkpt lat="43.309700" lon="-2.467490"/>
      <trkpt lat="43.309930" lon="-2.466640"/>
      <trkpt lat="43.310000" lon="-2.466420"/>
      <trkpt lat="43.310130" lon="-2.465960"/>
      <trkpt lat="43.310180" lon="-2.465820"/>
      <trkpt lat="43.310200" lon="-2.465740"/>
      <trkpt lat="43.310250" lon="-2.465590"/>
      <trkpt lat="43.310360" lon="-2.465290"/>
      <trkpt lat="43.310430" lon="-2.465130"/>
      <trkpt lat="43.310480" lon="-2.465060"/>
      <trkpt lat="43.310550" lon="-2.464990"/>
      <trkpt lat="43.310800" lon="-2.464960"/>
      <trkpt lat="43.310850" lon="-2.464930"/>
      <trkpt lat="43.310890" lon="-2.464900"/>
      <trkpt lat="43.310970" lon="-2.464800"/>
      <trkpt lat="43.311120" lon="-2.464590"/>
      <trkpt lat="43.311240" lon="-2.464440"/>
      <trkpt lat="43.311360" lon="-2.464280"/>
      <trkpt lat="43.311420" lon="-2.464210"/>
      <trkpt lat="43.311880" lon="-2.463630"/>
      <trkpt lat="43.312060" lon="-2.463400"/>
      <trkpt lat="43.312100" lon="-2.463370"/>
      <trkpt lat="43.312200" lon="-2.463240"/>
      <trkpt lat="43.312250" lon="-2.463170"/>
      <trkpt lat="43.312960" lon="-2.462300"/>
      <trkpt lat="43.313380" lon="-2.461780"/>
      <trkpt lat="43.313500" lon="-2.461610"/>
      <trkpt lat="43.313630" lon="-2.461380"/>
      <trkpt lat="43.313680" lon="-2.461270"/>
      <trkpt lat="43.313720" lon="-2.461150"/>
      <trkpt lat="43.313740" lon="-2.461050"/>
      <trkpt lat="43.313770" lon="-2.460910"/>
      <trkpt lat="43.313790" lon="-2.460740"/>
      <trkpt lat="43.313790" lon="-2.460610"/>
      <trkpt lat="43.313770" lon="-2.460500"/>
      <trkpt lat="43.313740" lon="-2.460340"/>
      <trkpt lat="43.313480" lon="-2.459580"/>
      <trkpt lat="43.313430" lon="-2.459470"/>
      <trkpt lat="43.313330" lon="-2.459260"/>
      <trkpt lat="43.313220" lon="-2.459060"/>
      <trkpt lat="43.313090" lon="-2.458880"/>
      <trkpt lat="43.313000" lon="-2.458800"/>
      <trkpt lat="43.312920" lon="-2.458770"/>
      <trkpt lat="43.312800" lon="-2.458730"/>
      <trkpt lat="43.312750" lon="-2.458680"/>
      <trkpt lat="43.312720" lon="-2.458620"/>
      <trkpt lat="43.312720" lon="-2.458550"/>
      <trkpt lat="43.312770" lon="-2.458480"/>
      <trkpt lat="43.312980" lon="-2.458320"/>
      <trkpt lat="43.313150" lon="-2.458150"/>
      <trkpt lat="43.313350" lon="-2.457970"/>
      <trkpt lat="43.313580" lon="-2.457880"/>
      <trkpt lat="43.313960" lon="-2.457760"/>
      <trkpt lat="43.314260" lon="-2.457710"/>
      <trkpt lat="43.314700" lon="-2.457690"/>
      <trkpt lat="43.314960" lon="-2.457640"/>
      <trkpt lat="43.315660" lon="-2.457490"/>
      <trkpt lat="43.316320" lon="-2.457360"/>
      <trkpt lat="43.317410" lon="-2.457130"/>
      <trkpt lat="43.317660" lon="-2.457090"/>
      <trkpt lat="43.317720" lon="-2.457070"/>
      <trkpt lat="43.317790" lon="-2.457050"/>
      <trkpt lat="43.317870" lon="-2.456990"/>
      <trkpt lat="43.318020" lon="-2.456870"/>
      <trkpt lat="43.318170" lon="-2.456730"/>
      <trkpt lat="43.318440" lon="-2.456390"/>
      <trkpt lat="43.318620" lon="-2.456170"/>
      <trkpt lat="43.318780" lon="-2.456000"/>
      <trkpt lat="43.318940" lon="-2.455820"/>
      <trkpt lat="43.319130" lon="-2.455660"/>
      <trkpt lat="43.319230" lon="-2.455570"/>
      <trkpt lat="43.319350" lon="-2.455430"/>
      <trkpt lat="43.319400" lon="-2.455360"/>
      <trkpt lat="43.319480" lon="-2.455250"/>
      <trkpt lat="43.319530" lon="-2.455130"/>
      <trkpt lat="43.319600" lon="-2.454970"/>
      <trkpt lat="43.319620" lon="-2.454820"/>
      <trkpt lat="43.319650" lon="-2.454630"/>
      <trkpt lat="43.319660" lon="-2.454480"/>
      <trkpt lat="43.319660" lon="-2.454340"/>
      <trkpt lat="43.319650" lon="-2.454160"/>
      <trkpt lat="43.319620" lon="-2.453930"/>
      <trkpt lat="43.319560" lon="-2.453640"/>
      <trkpt lat="43.319500" lon="-2.453270"/>
      <trkpt lat="43.319470" lon="-2.453010"/>
      <trkpt lat="43.319450" lon="-2.452690"/>
      <trkpt lat="43.319430" lon="-2.452210"/>
      <trkpt lat="43.319420" lon="-2.452110"/>
      <trkpt lat="43.319400" lon="-2.451920"/>
      <trkpt lat="43.319360" lon="-2.451540"/>
      <trkpt lat="43.319190" lon="-2.450130"/>
      <trkpt lat="43.319160" lon="-2.449860"/>
      <trkpt lat="43.319100" lon="-2.449570"/>
      <trkpt lat="43.319020" lon="-2.449310"/>
      <trkpt lat="43.318990" lon="-2.449210"/>
      <trkpt lat="43.318960" lon="-2.449140"/>
      <trkpt lat="43.318780" lon="-2.448770"/>
      <trkpt lat="43.318520" lon="-2.448300"/>
      <trkpt lat="43.318430" lon="-2.448050"/>
      <trkpt lat="43.318360" lon="-2.447740"/>
      <trkpt lat="43.318320" lon="-2.447490"/>
      <trkpt lat="43.318320" lon="-2.447250"/>
      <trkpt lat="43.318340" lon="-2.447000"/>
      <trkpt lat="43.318380" lon="-2.446810"/>
      <trkpt lat="43.318440" lon="-2.446590"/>
      <trkpt lat="43.318540" lon="-2.446310"/>
      <trkpt lat="43.318690" lon="-2.445970"/>
      <trkpt lat="43.318890" lon="-2.445590"/>
      <trkpt lat="43.319030" lon="-2.445350"/>
      <trkpt lat="43.319220" lon="-2.445050"/>
      <trkpt lat="43.319390" lon="-2.444830"/>
      <trkpt lat="43.319560" lon="-2.444630"/>
      <trkpt lat="43.319730" lon="-2.444490"/>
      <trkpt lat="43.320300" lon="-2.444050"/>
      <trkpt lat="43.320500" lon="-2.443910"/>
      <trkpt lat="43.320640" lon="-2.443750"/>
      <trkpt lat="43.320690" lon="-2.443690"/>
      <trkpt lat="43.320810" lon="-2.443530"/>
      <trkpt lat="43.320910" lon="-2.443350"/>
      <trkpt lat="43.321000" lon="-2.443150"/>
      <trkpt lat="43.321060" lon="-2.442950"/>
      <trkpt lat="43.321100" lon="-2.442770"/>
      <trkpt lat="43.321130" lon="-2.442590"/>
      <trkpt lat="43.321150" lon="-2.442380"/>
      <trkpt lat="43.321140" lon="-2.442180"/>
      <trkpt lat="43.321120" lon="-2.441960"/>
      <trkpt lat="43.321080" lon="-2.441750"/>
      <trkpt lat="43.321020" lon="-2.441540"/>
      <trkpt lat="43.320950" lon="-2.441360"/>
      <trkpt lat="43.320880" lon="-2.441220"/>
      <trkpt lat="43.320720" lon="-2.440940"/>
      <trkpt lat="43.320330" lon="-2.440410"/>
      <trkpt lat="43.320270" lon="-2.440310"/>
      <trkpt lat="43.319890" lon="-2.439740"/>
      <trkpt lat="43.319660" lon="-2.439340"/>
      <trkpt lat="43.319410" lon="-2.438850"/>
      <trkpt lat="43.319190" lon="-2.438370"/>
      <trkpt lat="43.318990" lon="-2.437880"/>
      <trkpt lat="43.318850" lon="-2.437480"/>
      <trkpt lat="43.318700" lon="-2.437000"/>
      <trkpt lat="43.318590" lon="-2.436590"/>
      <trkpt lat="43.318500" lon="-2.436210"/>
      <trkpt lat="43.318440" lon="-2.435880"/>
      <trkpt lat="43.318390" lon="-2.435590"/>
      <trkpt lat="43.318350" lon="-2.435300"/>
      <trkpt lat="43.318320" lon="-2.434950"/>
      <trkpt lat="43.318310" lon="-2.434640"/>
      <trkpt lat="43.318330" lon="-2.434290"/>
      <trkpt lat="43.318370" lon="-2.433930"/>
      <trkpt lat="43.318440" lon="-2.433580"/>
      <trkpt lat="43.318540" lon="-2.433230"/>
      <trkpt lat="43.318860" lon="-2.432270"/>
      <trkpt lat="43.319080" lon="-2.431640"/>
      <trkpt lat="43.319170" lon="-2.431280"/>
      <trkpt lat="43.319180" lon="-2.431200"/>
      <trkpt lat="43.319220" lon="-2.431010"/>
      <trkpt lat="43.319240" lon="-2.430720"/>
      <trkpt lat="43.319240" lon="-2.430430"/>
      <trkpt lat="43.319220" lon="-2.430250"/>
      <trkpt lat="43.319180" lon="-2.429980"/>
      <trkpt lat="43.319140" lon="-2.429830"/>
      <trkpt lat="43.319080" lon="-2.429630"/>
      <trkpt lat="43.319000" lon="-2.429410"/>
      <trkpt lat="43.318940" lon="-2.429250"/>
      <trkpt lat="43.318830" lon="-2.429080"/>
      <trkpt lat="43.318620" lon="-2.428710"/>
      <trkpt lat="43.318390" lon="-2.428270"/>
      <trkpt lat="43.318290" lon="-2.428040"/>
      <trkpt lat="43.318230" lon="-2.427850"/>
      <trkpt lat="43.318180" lon="-2.427630"/>
      <trkpt lat="43.318140" lon="-2.427400"/>
      <trkpt lat="43.318120" lon="-2.427200"/>
      <trkpt lat="43.318120" lon="-2.427000"/>
      <trkpt lat="43.318120" lon="-2.426790"/>
      <trkpt lat="43.318130" lon="-2.426610"/>
      <trkpt lat="43.318130" lon="-2.426580"/>
      <trkpt lat="43.318150" lon="-2.426430"/>
      <trkpt lat="43.318160" lon="-2.426380"/>
      <trkpt lat="43.318190" lon="-2.426160"/>
      <trkpt lat="43.318230" lon="-2.425980"/>
      <trkpt lat="43.318290" lon="-2.425710"/>
      <trkpt lat="43.318330" lon="-2.425550"/>
      <trkpt lat="43.318440" lon="-2.425230"/>
      <trkpt lat="43.318530" lon="-2.425020"/>
      <trkpt lat="43.318640" lon="-2.424730"/>
      <trkpt lat="43.318840" lon="-2.424280"/>
      <trkpt lat="43.319360" lon="-2.423250"/>
      <trkpt lat="43.319380" lon="-2.423210"/>
      <trkpt lat="43.319360" lon="-2.423020"/>
      <trkpt lat="43.319370" lon="-2.422980"/>
      <trkpt lat="43.319350" lon="-2.422940"/>
      <trkpt lat="43.319330" lon="-2.422900"/>
      <trkpt lat="43.319330" lon="-2.422850"/>
      <trkpt lat="43.319340" lon="-2.422810"/>
      <trkpt lat="43.319350" lon="-2.422770"/>
      <trkpt lat="43.319380" lon="-2.422740"/>
      <trkpt lat="43.319410" lon="-2.422720"/>
      <trkpt lat="43.319410" lon="-2.422660"/>
      <trkpt lat="43.319260" lon="-2.422480"/>
      <trkpt lat="43.319210" lon="-2.422420"/>
      <trkpt lat="43.319140" lon="-2.422300"/>
      <trkpt lat="43.319130" lon="-2.422270"/>
      <trkpt lat="43.319110" lon="-2.422130"/>
      <trkpt lat="43.319110" lon="-2.421880"/>
      <trkpt lat="43.319130" lon="-2.421710"/>
      <trkpt lat="43.319140" lon="-2.421610"/>
      <trkpt lat="43.319150" lon="-2.421540"/>
      <trkpt lat="43.319160" lon="-2.421420"/>
      <trkpt lat="43.319190" lon="-2.421020"/>
      <trkpt lat="43.319220" lon="-2.420650"/>
      <trkpt lat="43.319230" lon="-2.420400"/>
      <trkpt lat="43.319240" lon="-2.420270"/>
      <trkpt lat="43.319250" lon="-2.420230"/>
      <trkpt lat="43.319270" lon="-2.420090"/>
      <trkpt lat="43.319320" lon="-2.419910"/>
      <trkpt lat="43.319340" lon="-2.419840"/>
      <trkpt lat="43.319410" lon="-2.419700"/>
      <trkpt lat="43.319460" lon="-2.419640"/>
      <trkpt lat="43.319520" lon="-2.419550"/>
      <trkpt lat="43.319800" lon="-2.419250"/>
      <trkpt lat="43.320040" lon="-2.419080"/>
      <trkpt lat="43.320250" lon="-2.418950"/>
      <trkpt lat="43.320500" lon="-2.418820"/>
      <trkpt lat="43.320630" lon="-2.418780"/>
      <trkpt lat="43.320780" lon="-2.418760"/>
      <trkpt lat="43.320980" lon="-2.418760"/>
      <trkpt lat="43.321080" lon="-2.418790"/>
      <trkpt lat="43.321230" lon="-2.418870"/>
      <trkpt lat="43.321380" lon="-2.418970"/>
      <trkpt lat="43.321520" lon="-2.419110"/>
      <trkpt lat="43.321660" lon="-2.419250"/>
      <trkpt lat="43.321760" lon="-2.419320"/>
      <trkpt lat="43.321800" lon="-2.419340"/>
      <trkpt lat="43.321850" lon="-2.419350"/>
      <trkpt lat="43.321940" lon="-2.419340"/>
      <trkpt lat="43.322010" lon="-2.419300"/>
      <trkpt lat="43.322080" lon="-2.419220"/>
      <trkpt lat="43.322120" lon="-2.419110"/>
      <trkpt lat="43.322140" lon="-2.419020"/>
      <trkpt lat="43.322140" lon="-2.418910"/>
      <trkpt lat="43.322130" lon="-2.418770"/>
      <trkpt lat="43.322080" lon="-2.418540"/>
      <trkpt lat="43.322050" lon="-2.418390"/>
      <trkpt lat="43.322020" lon="-2.418230"/>
      <trkpt lat="43.322010" lon="-2.418080"/>
      <trkpt lat="43.322000" lon="-2.417510"/>
      <trkpt lat="43.322010" lon="-2.417390"/>
      <trkpt lat="43.321990" lon="-2.417300"/>
      <trkpt lat="43.321920" lon="-2.417060"/>
      <trkpt lat="43.321800" lon="-2.416630"/>
      <trkpt lat="43.321690" lon="-2.416250"/>
      <trkpt lat="43.321630" lon="-2.416070"/>
      <trkpt lat="43.321560" lon="-2.415910"/>
      <trkpt lat="43.321460" lon="-2.415760"/>
      <trkpt lat="43.321380" lon="-2.415660"/>
      <trkpt lat="43.321270" lon="-2.415530"/>
      <trkpt lat="43.321230" lon="-2.415460"/>
      <trkpt lat="43.321180" lon="-2.415320"/>
      <trkpt lat="43.321070" lon="-2.414950"/>
      <trkpt lat="43.321040" lon="-2.414760"/>
      <trkpt lat="43.320970" lon="-2.414410"/>
      <trkpt lat="43.320900" lon="-2.414030"/>
      <trkpt lat="43.320880" lon="-2.413930"/>
      <trkpt lat="43.320850" lon="-2.413850"/>
      <trkpt lat="43.320820" lon="-2.413780"/>
      <trkpt lat="43.320780" lon="-2.413670"/>
      <trkpt lat="43.320760" lon="-2.413560"/>
      <trkpt lat="43.320740" lon="-2.413430"/>
      <trkpt lat="43.320740" lon="-2.413170"/>
      <trkpt lat="43.320730" lon="-2.413080"/>
      <trkpt lat="43.320700" lon="-2.413000"/>
      <trkpt lat="43.320670" lon="-2.412930"/>
      <trkpt lat="43.320610" lon="-2.412870"/>
      <trkpt lat="43.320540" lon="-2.412840"/>
      <trkpt lat="43.320480" lon="-2.412840"/>
      <trkpt lat="43.320250" lon="-2.412880"/>
      <trkpt lat="43.319720" lon="-2.412990"/>
      <trkpt lat="43.319390" lon="-2.413060"/>
      <trkpt lat="43.319260" lon="-2.413070"/>
      <trkpt lat="43.319140" lon="-2.413070"/>
      <trkpt lat="43.318960" lon="-2.413060"/>
      <trkpt lat="43.318730" lon="-2.413050"/>
      <trkpt lat="43.318530" lon="-2.413040"/>
      <trkpt lat="43.318440" lon="-2.413010"/>
      <trkpt lat="43.318380" lon="-2.412970"/>
      <trkpt lat="43.318310" lon="-2.412910"/>
      <trkpt lat="43.318170" lon="-2.412740"/>
      <trkpt lat="43.318060" lon="-2.412610"/>
      <trkpt lat="43.317930" lon="-2.412530"/>
      <trkpt lat="43.317800" lon="-2.412510"/>
      <trkpt lat="43.317710" lon="-2.412520"/>
      <trkpt lat="43.317520" lon="-2.412550"/>
      <trkpt lat="43.317410" lon="-2.412550"/>
      <trkpt lat="43.317300" lon="-2.412510"/>
      <trkpt lat="43.317200" lon="-2.412460"/>
      <trkpt lat="43.317110" lon="-2.412370"/>
      <trkpt lat="43.317040" lon="-2.412270"/>
      <trkpt lat="43.316970" lon="-2.412130"/>
      <trkpt lat="43.316910" lon="-2.411990"/>
      <trkpt lat="43.316820" lon="-2.411860"/>
      <trkpt lat="43.316730" lon="-2.411750"/>
      <trkpt lat="43.316600" lon="-2.411670"/>
      <trkpt lat="43.316490" lon="-2.411630"/>
      <trkpt lat="43.316200" lon="-2.411560"/>
      <trkpt lat="43.315910" lon="-2.411520"/>
      <trkpt lat="43.315690" lon="-2.411490"/>
      <trkpt lat="43.315490" lon="-2.411460"/>
      <trkpt lat="43.315450" lon="-2.411460"/>
      <trkpt lat="43.315220" lon="-2.411430"/>
      <trkpt lat="43.314970" lon="-2.411390"/>
      <trkpt lat="43.314790" lon="-2.411350"/>
      <trkpt lat="43.314620" lon="-2.411290"/>
      <trkpt lat="43.314430" lon="-2.411210"/>
      <trkpt lat="43.314360" lon="-2.411190"/>
      <trkpt lat="43.313780" lon="-2.410930"/>
      <trkpt lat="43.313690" lon="-2.410890"/>
      <trkpt lat="43.313250" lon="-2.410690"/>
      <trkpt lat="43.313200" lon="-2.410670"/>
      <trkpt lat="43.313180" lon="-2.410660"/>
      <trkpt lat="43.312790" lon="-2.410500"/>
      <trkpt lat="43.312530" lon="-2.410410"/>
      <trkpt lat="43.312280" lon="-2.410370"/>
      <trkpt lat="43.312020" lon="-2.410320"/>
      <trkpt lat="43.311580" lon="-2.410250"/>
      <trkpt lat="43.311450" lon="-2.410210"/>
      <trkpt lat="43.311280" lon="-2.410150"/>
      <trkpt lat="43.311120" lon="-2.410060"/>
      <trkpt lat="43.310970" lon="-2.409950"/>
      <trkpt lat="43.310740" lon="-2.409750"/>
      <trkpt lat="43.310600" lon="-2.409610"/>
      <trkpt lat="43.310430" lon="-2.409440"/>
      <trkpt lat="43.310300" lon="-2.409290"/>
      <trkpt lat="43.309990" lon="-2.408930"/>
      <trkpt lat="43.309800" lon="-2.408690"/>
      <trkpt lat="43.309740" lon="-2.408590"/>
      <trkpt lat="43.309690" lon="-2.408470"/>
      <trkpt lat="43.309680" lon="-2.408430"/>
      <trkpt lat="43.309630" lon="-2.408300"/>
      <trkpt lat="43.309500" lon="-2.407860"/>
      <trkpt lat="43.309470" lon="-2.407750"/>
      <trkpt lat="43.309010" lon="-2.406200"/>
      <trkpt lat="43.308800" lon="-2.405470"/>
      <trkpt lat="43.308700" lon="-2.405170"/>
      <trkpt lat="43.308600" lon="-2.404900"/>
      <trkpt lat="43.308410" lon="-2.404460"/>
      <trkpt lat="43.308310" lon="-2.404140"/>
      <trkpt lat="43.308270" lon="-2.403960"/>
      <trkpt lat="43.308240" lon="-2.403770"/>
      <trkpt lat="43.308220" lon="-2.403580"/>
      <trkpt lat="43.308190" lon="-2.402610"/>
      <trkpt lat="43.308190" lon="-2.402370"/>
      <trkpt lat="43.308180" lon="-2.402080"/>
      <trkpt lat="43.308160" lon="-2.401440"/>
      <trkpt lat="43.308130" lon="-2.400350"/>
      <trkpt lat="43.308100" lon="-2.399070"/>
      <trkpt lat="43.308100" lon="-2.398780"/>
      <trkpt lat="43.308100" lon="-2.397940"/>
      <trkpt lat="43.308100" lon="-2.397470"/>
      <trkpt lat="43.308100" lon="-2.397390"/>
      <trkpt lat="43.308060" lon="-2.397390"/>
      <trkpt lat="43.308020" lon="-2.397370"/>
      <trkpt lat="43.307990" lon="-2.397330"/>
      <trkpt lat="43.307960" lon="-2.397270"/>
      <trkpt lat="43.307960" lon="-2.397210"/>
      <trkpt lat="43.307960" lon="-2.397150"/>
      <trkpt lat="43.307980" lon="-2.397090"/>
      <trkpt lat="43.308020" lon="-2.397050"/>
      <trkpt lat="43.308060" lon="-2.397030"/>
      <trkpt lat="43.308110" lon="-2.397020"/>
      <trkpt lat="43.308110" lon="-2.396980"/>
      <trkpt lat="43.308110" lon="-2.396820"/>
      <trkpt lat="43.308110" lon="-2.396790"/>
      <trkpt lat="43.308110" lon="-2.396730"/>
      <trkpt lat="43.308110" lon="-2.396470"/>
      <trkpt lat="43.308100" lon="-2.396290"/>
      <trkpt lat="43.308070" lon="-2.396140"/>
      <trkpt lat="43.308020" lon="-2.395980"/>
      <trkpt lat="43.307960" lon="-2.395830"/>
      <trkpt lat="43.307880" lon="-2.395700"/>
      <trkpt lat="43.307790" lon="-2.395600"/>
      <trkpt lat="43.307680" lon="-2.395510"/>
      <trkpt lat="43.307330" lon="-2.395350"/>
      <trkpt lat="43.307230" lon="-2.395280"/>
      <trkpt lat="43.307170" lon="-2.395220"/>
      <trkpt lat="43.306910" lon="-2.394880"/>
      <trkpt lat="43.306820" lon="-2.394750"/>
      <trkpt lat="43.306760" lon="-2.394640"/>
      <trkpt lat="43.306700" lon="-2.394490"/>
      <trkpt lat="43.306610" lon="-2.394180"/>
      <trkpt lat="43.306560" lon="-2.393970"/>
      <trkpt lat="43.306520" lon="-2.393710"/>
      <trkpt lat="43.306500" lon="-2.393510"/>
      <trkpt lat="43.306500" lon="-2.393340"/>
      <trkpt lat="43.306520" lon="-2.393200"/>
      <trkpt lat="43.306560" lon="-2.393050"/>
      <trkpt lat="43.306620" lon="-2.392890"/>
      <trkpt lat="43.306690" lon="-2.392770"/>
      <trkpt lat="43.306790" lon="-2.392640"/>
      <trkpt lat="43.306930" lon="-2.392460"/>
      <trkpt lat="43.307060" lon="-2.392310"/>
      <trkpt lat="43.307100" lon="-2.392270"/>
      <trkpt lat="43.307170" lon="-2.392140"/>
      <trkpt lat="43.307210" lon="-2.392020"/>
      <trkpt lat="43.307260" lon="-2.391880"/>
      <trkpt lat="43.307300" lon="-2.391680"/>
      <trkpt lat="43.307360" lon="-2.391300"/>
      <trkpt lat="43.307370" lon="-2.391230"/>
      <trkpt lat="43.307400" lon="-2.391060"/>
      <trkpt lat="43.307440" lon="-2.390790"/>
      <trkpt lat="43.307460" lon="-2.390560"/>
      <trkpt lat="43.307450" lon="-2.390440"/>
      <trkpt lat="43.307430" lon="-2.390320"/>
      <trkpt lat="43.307380" lon="-2.390180"/>
      <trkpt lat="43.307180" lon="-2.389740"/>
      <trkpt lat="43.307150" lon="-2.389680"/>
      <trkpt lat="43.307130" lon="-2.389630"/>
      <trkpt lat="43.307090" lon="-2.389550"/>
      <trkpt lat="43.307020" lon="-2.389370"/>
      <trkpt lat="43.307000" lon="-2.389330"/>
      <trkpt lat="43.306980" lon="-2.389200"/>
      <trkpt lat="43.306940" lon="-2.389030"/>
      <trkpt lat="43.306920" lon="-2.388920"/>
      <trkpt lat="43.306890" lon="-2.388750"/>
      <trkpt lat="43.306860" lon="-2.388590"/>
      <trkpt lat="43.306860" lon="-2.388440"/>
      <trkpt lat="43.306870" lon="-2.388340"/>
      <trkpt lat="43.306880" lon="-2.388270"/>
      <trkpt lat="43.306900" lon="-2.388170"/>
      <trkpt lat="43.306880" lon="-2.388030"/>
      <trkpt lat="43.306870" lon="-2.387990"/>
      <trkpt lat="43.306870" lon="-2.387960"/>
      <trkpt lat="43.306860" lon="-2.387910"/>
      <trkpt lat="43.306840" lon="-2.387900"/>
      <trkpt lat="43.306830" lon="-2.387880"/>
      <trkpt lat="43.306810" lon="-2.387850"/>
      <trkpt lat="43.306810" lon="-2.387810"/>
      <trkpt lat="43.306810" lon="-2.387780"/>
      <trkpt lat="43.306810" lon="-2.387740"/>
      <trkpt lat="43.306830" lon="-2.387700"/>
      <trkpt lat="43.306850" lon="-2.387670"/>
      <trkpt lat="43.306850" lon="-2.387550"/>
      <trkpt lat="43.306820" lon="-2.387430"/>
      <trkpt lat="43.306780" lon="-2.387320"/>
      <trkpt lat="43.306730" lon="-2.387290"/>
      <trkpt lat="43.306690" lon="-2.387270"/>
      <trkpt lat="43.306630" lon="-2.387260"/>
      <trkpt lat="43.306540" lon="-2.387260"/>
      <trkpt lat="43.306060" lon="-2.387250"/>
      <trkpt lat="43.305860" lon="-2.387240"/>
      <trkpt lat="43.305730" lon="-2.387240"/>
      <trkpt lat="43.305690" lon="-2.387240"/>
      <trkpt lat="43.304990" lon="-2.387210"/>
      <trkpt lat="43.304880" lon="-2.387210"/>
      <trkpt lat="43.304700" lon="-2.387210"/>
      <trkpt lat="43.304370" lon="-2.387200"/>
      <trkpt lat="43.304330" lon="-2.387190"/>
      <trkpt lat="43.304290" lon="-2.387160"/>
      <trkpt lat="43.304260" lon="-2.387130"/>
      <trkpt lat="43.304240" lon="-2.387090"/>
      <trkpt lat="43.304220" lon="-2.387060"/>
      <trkpt lat="43.304200" lon="-2.386990"/>
      <trkpt lat="43.304210" lon="-2.386910"/>
      <trkpt lat="43.304220" lon="-2.386840"/>
      <trkpt lat="43.304550" lon="-2.386090"/>
      <trkpt lat="43.304690" lon="-2.385780"/>
      <trkpt lat="43.304890" lon="-2.385350"/>
      <trkpt lat="43.305200" lon="-2.384670"/>
      <trkpt lat="43.305320" lon="-2.384390"/>
      <trkpt lat="43.305370" lon="-2.384270"/>
      <trkpt lat="43.305410" lon="-2.384150"/>
      <trkpt lat="43.305470" lon="-2.384030"/>
      <trkpt lat="43.305490" lon="-2.383980"/>
      <trkpt lat="43.305500" lon="-2.383960"/>
      <trkpt lat="43.305530" lon="-2.383910"/>
      <trkpt lat="43.305550" lon="-2.383890"/>
      <trkpt lat="43.305560" lon="-2.383880"/>
      <trkpt lat="43.305570" lon="-2.383870"/>
      <trkpt lat="43.305620" lon="-2.383820"/>
      <trkpt lat="43.305700" lon="-2.383760"/>
      <trkpt lat="43.305770" lon="-2.383700"/>
      <trkpt lat="43.305900" lon="-2.383600"/>
      <trkpt lat="43.305980" lon="-2.383480"/>
      <trkpt lat="43.306030" lon="-2.383400"/>
      <trkpt lat="43.306080" lon="-2.383300"/>
      <trkpt lat="43.306260" lon="-2.382900"/>
      <trkpt lat="43.306430" lon="-2.382490"/>
      <trkpt lat="43.306540" lon="-2.382200"/>
      <trkpt lat="43.306630" lon="-2.381960"/>
      <trkpt lat="43.306760" lon="-2.381560"/>
      <trkpt lat="43.306900" lon="-2.380980"/>
      <trkpt lat="43.307000" lon="-2.380610"/>
      <trkpt lat="43.307020" lon="-2.380370"/>
      <trkpt lat="43.307020" lon="-2.380170"/>
      <trkpt lat="43.307000" lon="-2.380020"/>
      <trkpt lat="43.307000" lon="-2.379850"/>
      <trkpt lat="43.307020" lon="-2.379690"/>
      <trkpt lat="43.307070" lon="-2.379550"/>
      <trkpt lat="43.307110" lon="-2.379470"/>
      <trkpt lat="43.307230" lon="-2.379230"/>
      <trkpt lat="43.307280" lon="-2.379110"/>
      <trkpt lat="43.307290" lon="-2.379030"/>
      <trkpt lat="43.307310" lon="-2.378920"/>
      <trkpt lat="43.307310" lon="-2.378810"/>
      <trkpt lat="43.307280" lon="-2.378610"/>
      <trkpt lat="43.307260" lon="-2.378440"/>
      <trkpt lat="43.307250" lon="-2.378260"/>
      <trkpt lat="43.307250" lon="-2.378120"/>
      <trkpt lat="43.307300" lon="-2.377810"/>
      <trkpt lat="43.307360" lon="-2.377560"/>
      <trkpt lat="43.307420" lon="-2.377310"/>
      <trkpt lat="43.307480" lon="-2.377080"/>
      <trkpt lat="43.307540" lon="-2.376850"/>
      <trkpt lat="43.307600" lon="-2.376610"/>
      <trkpt lat="43.307660" lon="-2.376370"/>
      <trkpt lat="43.307680" lon="-2.376200"/>
      <trkpt lat="43.307690" lon="-2.375950"/>
      <trkpt lat="43.307670" lon="-2.375750"/>
      <trkpt lat="43.307660" lon="-2.375560"/>
      <trkpt lat="43.307630" lon="-2.375210"/>
      <trkpt lat="43.307610" lon="-2.374920"/>
      <trkpt lat="43.307590" lon="-2.374730"/>
      <trkpt lat="43.307540" lon="-2.374510"/>
      <trkpt lat="43.307470" lon="-2.374220"/>
      <trkpt lat="43.307420" lon="-2.374010"/>
      <trkpt lat="43.307380" lon="-2.373860"/>
      <trkpt lat="43.307320" lon="-2.373670"/>
      <trkpt lat="43.307190" lon="-2.373220"/>
      <trkpt lat="43.307080" lon="-2.372870"/>
      <trkpt lat="43.307030" lon="-2.372720"/>
      <trkpt lat="43.306920" lon="-2.372420"/>
      <trkpt lat="43.306790" lon="-2.372040"/>
      <trkpt lat="43.306660" lon="-2.371640"/>
      <trkpt lat="43.306600" lon="-2.371450"/>
      <trkpt lat="43.306560" lon="-2.371290"/>
      <trkpt lat="43.306540" lon="-2.371170"/>
      <trkpt lat="43.306490" lon="-2.370920"/>
      <trkpt lat="43.306460" lon="-2.370770"/>
      <trkpt lat="43.306350" lon="-2.370350"/>
      <trkpt lat="43.306310" lon="-2.370190"/>
      <trkpt lat="43.306260" lon="-2.370050"/>
      <trkpt lat="43.306200" lon="-2.369930"/>
      <trkpt lat="43.306050" lon="-2.369660"/>
      <trkpt lat="43.305180" lon="-2.367810"/>
      <trkpt lat="43.304840" lon="-2.367070"/>
      <trkpt lat="43.304770" lon="-2.366850"/>
      <trkpt lat="43.304720" lon="-2.366640"/>
      <trkpt lat="43.304680" lon="-2.366360"/>
      <trkpt lat="43.304660" lon="-2.366080"/>
      <trkpt lat="43.304660" lon="-2.365920"/>
      <trkpt lat="43.304660" lon="-2.365800"/>
      <trkpt lat="43.304670" lon="-2.365610"/>
      <trkpt lat="43.304670" lon="-2.364880"/>
      <trkpt lat="43.304670" lon="-2.364660"/>
      <trkpt lat="43.304670" lon="-2.364520"/>
      <trkpt lat="43.304690" lon="-2.364360"/>
      <trkpt lat="43.304710" lon="-2.364200"/>
      <trkpt lat="43.304770" lon="-2.364060"/>
      <trkpt lat="43.304850" lon="-2.363870"/>
      <trkpt lat="43.304970" lon="-2.363620"/>
      <trkpt lat="43.305010" lon="-2.363490"/>
      <trkpt lat="43.305010" lon="-2.363450"/>
      <trkpt lat="43.305030" lon="-2.363300"/>
      <trkpt lat="43.305020" lon="-2.363110"/>
      <trkpt lat="43.305000" lon="-2.362970"/>
      <trkpt lat="43.304950" lon="-2.362790"/>
      <trkpt lat="43.304850" lon="-2.362510"/>
      <trkpt lat="43.304710" lon="-2.362120"/>
      <trkpt lat="43.304490" lon="-2.361470"/>
      <trkpt lat="43.304280" lon="-2.360840"/>
      <trkpt lat="43.304110" lon="-2.360270"/>
      <trkpt lat="43.303910" lon="-2.359610"/>
      <trkpt lat="43.303720" lon="-2.358940"/>
      <trkpt lat="43.303670" lon="-2.358650"/>
      <trkpt lat="43.303640" lon="-2.358450"/>
      <trkpt lat="43.303630" lon="-2.358240"/>
      <trkpt lat="43.303620" lon="-2.357930"/>
      <trkpt lat="43.303580" lon="-2.357730"/>
      <trkpt lat="43.303520" lon="-2.357570"/>
      <trkpt lat="43.303430" lon="-2.357450"/>
      <trkpt lat="43.303350" lon="-2.357370"/>
      <trkpt lat="43.303250" lon="-2.357320"/>
      <trkpt lat="43.303150" lon="-2.357310"/>
      <trkpt lat="43.303040" lon="-2.357300"/>
      <trkpt lat="43.302950" lon="-2.357330"/>
      <trkpt lat="43.302870" lon="-2.357360"/>
      <trkpt lat="43.302720" lon="-2.357400"/>
      <trkpt lat="43.302600" lon="-2.357450"/>
      <trkpt lat="43.302490" lon="-2.357480"/>
      <trkpt lat="43.302410" lon="-2.357510"/>
      <trkpt lat="43.302250" lon="-2.357550"/>
      <trkpt lat="43.302070" lon="-2.357580"/>
      <trkpt lat="43.301920" lon="-2.357610"/>
      <trkpt lat="43.301820" lon="-2.357610"/>
      <trkpt lat="43.301680" lon="-2.357600"/>
      <trkpt lat="43.301530" lon="-2.357580"/>
      <trkpt lat="43.301340" lon="-2.357540"/>
      <trkpt lat="43.301190" lon="-2.357500"/>
      <trkpt lat="43.301070" lon="-2.357460"/>
      <trkpt lat="43.300850" lon="-2.357330"/>
      <trkpt lat="43.300410" lon="-2.357110"/>
      <trkpt lat="43.299940" lon="-2.356840"/>
      <trkpt lat="43.299520" lon="-2.356580"/>
      <trkpt lat="43.299310" lon="-2.356450"/>
      <trkpt lat="43.299180" lon="-2.356410"/>
      <trkpt lat="43.299080" lon="-2.356400"/>
      <trkpt lat="43.299010" lon="-2.356410"/>
      <trkpt lat="43.298890" lon="-2.356440"/>
      <trkpt lat="43.298840" lon="-2.356480"/>
      <trkpt lat="43.298770" lon="-2.356540"/>
      <trkpt lat="43.298270" lon="-2.356990"/>
      <trkpt lat="43.298110" lon="-2.357110"/>
      <trkpt lat="43.297890" lon="-2.357230"/>
      <trkpt lat="43.297770" lon="-2.357270"/>
      <trkpt lat="43.297600" lon="-2.357290"/>
      <trkpt lat="43.297420" lon="-2.357280"/>
      <trkpt lat="43.297170" lon="-2.357230"/>
      <trkpt lat="43.297030" lon="-2.357180"/>
      <trkpt lat="43.296930" lon="-2.357130"/>
      <trkpt lat="43.296810" lon="-2.357070"/>
      <trkpt lat="43.296420" lon="-2.356820"/>
      <trkpt lat="43.296330" lon="-2.356780"/>
      <trkpt lat="43.296170" lon="-2.356720"/>
      <trkpt lat="43.296120" lon="-2.356700"/>
      <trkpt lat="43.296070" lon="-2.356690"/>
      <trkpt lat="43.295970" lon="-2.356670"/>
      <trkpt lat="43.295180" lon="-2.356580"/>
      <trkpt lat="43.295090" lon="-2.356580"/>
      <trkpt lat="43.295000" lon="-2.356590"/>
      <trkpt lat="43.294940" lon="-2.356600"/>
      <trkpt lat="43.294920" lon="-2.356600"/>
      <trkpt lat="43.294790" lon="-2.356670"/>
      <trkpt lat="43.294530" lon="-2.356860"/>
      <trkpt lat="43.294470" lon="-2.356910"/>
      <trkpt lat="43.294350" lon="-2.357000"/>
      <trkpt lat="43.293940" lon="-2.357300"/>
      <trkpt lat="43.293470" lon="-2.357660"/>
      <trkpt lat="43.293210" lon="-2.357850"/>
      <trkpt lat="43.292440" lon="-2.358980"/>
      <trkpt lat="43.292140" lon="-2.359430"/>
      <trkpt lat="43.291880" lon="-2.359910"/>
      <trkpt lat="43.291600" lon="-2.360890"/>
      <trkpt lat="43.291320" lon="-2.361990"/>
      <trkpt lat="43.291200" lon="-2.362530"/>
      <trkpt lat="43.291100" lon="-2.363100"/>
      <trkpt lat="43.291090" lon="-2.363290"/>
      <trkpt lat="43.291090" lon="-2.363330"/>
      <trkpt lat="43.291110" lon="-2.363410"/>
      <trkpt lat="43.291140" lon="-2.363460"/>
      <trkpt lat="43.291170" lon="-2.363500"/>
      <trkpt lat="43.291180" lon="-2.363550"/>
      <trkpt lat="43.291180" lon="-2.363620"/>
      <trkpt lat="43.291180" lon="-2.363650"/>
      <trkpt lat="43.291170" lon="-2.363690"/>
      <trkpt lat="43.291110" lon="-2.363800"/>
      <trkpt lat="43.291050" lon="-2.363840"/>
      <trkpt lat="43.290980" lon="-2.363840"/>
      <trkpt lat="43.290930" lon="-2.363820"/>
      <trkpt lat="43.290890" lon="-2.363780"/>
      <trkpt lat="43.290860" lon="-2.363730"/>
      <trkpt lat="43.290790" lon="-2.363660"/>
      <trkpt lat="43.290630" lon="-2.363560"/>
      <trkpt lat="43.290450" lon="-2.363450"/>
      <trkpt lat="43.290380" lon="-2.363390"/>
      <trkpt lat="43.290300" lon="-2.363310"/>
      <trkpt lat="43.290150" lon="-2.363110"/>
      <trkpt lat="43.290060" lon="-2.362980"/>
      <trkpt lat="43.289970" lon="-2.362880"/>
      <trkpt lat="43.289790" lon="-2.362720"/>
      <trkpt lat="43.289590" lon="-2.362530"/>
      <trkpt lat="43.289310" lon="-2.362250"/>
      <trkpt lat="43.289180" lon="-2.362140"/>
      <trkpt lat="43.289040" lon="-2.361980"/>
      <trkpt lat="43.288940" lon="-2.361850"/>
      <trkpt lat="43.288820" lon="-2.361690"/>
      <trkpt lat="43.288710" lon="-2.361490"/>
      <trkpt lat="43.288590" lon="-2.361260"/>
      <trkpt lat="43.288520" lon="-2.361060"/>
      <trkpt lat="43.288420" lon="-2.360760"/>
      <trkpt lat="43.288320" lon="-2.360480"/>
      <trkpt lat="43.288270" lon="-2.360310"/>
      <trkpt lat="43.288230" lon="-2.360150"/>
      <trkpt lat="43.288190" lon="-2.359950"/>
      <trkpt lat="43.288170" lon="-2.359740"/>
      <trkpt lat="43.288160" lon="-2.359530"/>
      <trkpt lat="43.288180" lon="-2.359300"/>
      <trkpt lat="43.288220" lon="-2.359070"/>
      <trkpt lat="43.288300" lon="-2.358800"/>
      <trkpt lat="43.288390" lon="-2.358570"/>
      <trkpt lat="43.288510" lon="-2.358360"/>
      <trkpt lat="43.288860" lon="-2.357830"/>
      <trkpt lat="43.288970" lon="-2.357670"/>
      <trkpt lat="43.289130" lon="-2.357460"/>
      <trkpt lat="43.289240" lon="-2.357360"/>
      <trkpt lat="43.289340" lon="-2.357280"/>
      <trkpt lat="43.289460" lon="-2.357220"/>
      <trkpt lat="43.289560" lon="-2.357190"/>
      <trkpt lat="43.289740" lon="-2.357170"/>
      <trkpt lat="43.290130" lon="-2.357140"/>
      <trkpt lat="43.290350" lon="-2.357090"/>
      <trkpt lat="43.290520" lon="-2.357040"/>
      <trkpt lat="43.290630" lon="-2.357000"/>
      <trkpt lat="43.290960" lon="-2.356870"/>
      <trkpt lat="43.291070" lon="-2.356830"/>
      <trkpt lat="43.291590" lon="-2.356600"/>
      <trkpt lat="43.291790" lon="-2.356500"/>
      <trkpt lat="43.291960" lon="-2.356400"/>
      <trkpt lat="43.292120" lon="-2.356290"/>
      <trkpt lat="43.292520" lon="-2.355980"/>
      <trkpt lat="43.292700" lon="-2.355820"/>
      <trkpt lat="43.292670" lon="-2.355750"/>
      <trkpt lat="43.292460" lon="-2.355300"/>
      <trkpt lat="43.292440" lon="-2.355260"/>
      <trkpt lat="43.292660" lon="-2.355070"/>
      <trkpt lat="43.292610" lon="-2.354970"/>
      <trkpt lat="43.292560" lon="-2.354850"/>
      <trkpt lat="43.292530" lon="-2.354760"/>
      <trkpt lat="43.292520" lon="-2.354680"/>
      <trkpt lat="43.292520" lon="-2.354580"/>
      <trkpt lat="43.292560" lon="-2.354490"/>
      <trkpt lat="43.292650" lon="-2.354370"/>
      <trkpt lat="43.292790" lon="-2.354200"/>
      <trkpt lat="43.292840" lon="-2.354130"/>
      <trkpt lat="43.292840" lon="-2.354080"/>
      <trkpt lat="43.292820" lon="-2.354030"/>
      <trkpt lat="43.292790" lon="-2.354020"/>
      <trkpt lat="43.292720" lon="-2.354050"/>
      <trkpt lat="43.292530" lon="-2.354140"/>
      <trkpt lat="43.292440" lon="-2.354220"/>
      <trkpt lat="43.292410" lon="-2.354270"/>
      <trkpt lat="43.292380" lon="-2.354320"/>
      <trkpt lat="43.291990" lon="-2.354970"/>
      <trkpt lat="43.291930" lon="-2.355020"/>
      <trkpt lat="43.291830" lon="-2.355010"/>
      <trkpt lat="43.291760" lon="-2.355000"/>
      <trkpt lat="43.291690" lon="-2.354980"/>
      <trkpt lat="43.291760" lon="-2.354400"/>
      <trkpt lat="43.291780" lon="-2.354210"/>
      <trkpt lat="43.291720" lon="-2.354180"/>
      <trkpt lat="43.291430" lon="-2.353830"/>
      <trkpt lat="43.291400" lon="-2.353760"/>
      <trkpt lat="43.291400" lon="-2.353680"/>
      <trkpt lat="43.291420" lon="-2.353610"/>
      <trkpt lat="43.291450" lon="-2.353550"/>
      <trkpt lat="43.291480" lon="-2.353520"/>
      <trkpt lat="43.291550" lon="-2.353500"/>
      <trkpt lat="43.291930" lon="-2.353650"/>
      <trkpt lat="43.291710" lon="-2.353340"/>
      <trkpt lat="43.291710" lon="-2.353220"/>
      <trkpt lat="43.291780" lon="-2.352980"/>
      <trkpt lat="43.291780" lon="-2.352840"/>
      <trkpt lat="43.291730" lon="-2.352420"/>
      <trkpt lat="43.291900" lon="-2.351330"/>
      <trkpt lat="43.291690" lon="-2.350960"/>
      <trkpt lat="43.291630" lon="-2.350850"/>
      <trkpt lat="43.291580" lon="-2.350700"/>
      <trkpt lat="43.291550" lon="-2.350580"/>
      <trkpt lat="43.291540" lon="-2.350480"/>
      <trkpt lat="43.291530" lon="-2.350350"/>
      <trkpt lat="43.291600" lon="-2.349800"/>
      <trkpt lat="43.291600" lon="-2.349660"/>
      <trkpt lat="43.291600" lon="-2.349450"/>
      <trkpt lat="43.291600" lon="-2.349360"/>
      <trkpt lat="43.291590" lon="-2.349290"/>
      <trkpt lat="43.291590" lon="-2.349240"/>
      <trkpt lat="43.291670" lon="-2.349010"/>
      <trkpt lat="43.291740" lon="-2.348800"/>
      <trkpt lat="43.291840" lon="-2.348480"/>
      <trkpt lat="43.291990" lon="-2.347840"/>
      <trkpt lat="43.292120" lon="-2.347570"/>
      <trkpt lat="43.292220" lon="-2.347390"/>
      <trkpt lat="43.292260" lon="-2.347150"/>
      <trkpt lat="43.292260" lon="-2.346930"/>
      <trkpt lat="43.292200" lon="-2.346630"/>
      <trkpt lat="43.292140" lon="-2.346460"/>
      <trkpt lat="43.291970" lon="-2.346140"/>
      <trkpt lat="43.291850" lon="-2.346010"/>
      <trkpt lat="43.291720" lon="-2.345830"/>
      <trkpt lat="43.291620" lon="-2.345670"/>
      <trkpt lat="43.291590" lon="-2.345590"/>
      <trkpt lat="43.291570" lon="-2.345380"/>
      <trkpt lat="43.291520" lon="-2.345240"/>
      <trkpt lat="43.291450" lon="-2.345110"/>
      <trkpt lat="43.291390" lon="-2.344970"/>
      <trkpt lat="43.291350" lon="-2.344860"/>
      <trkpt lat="43.291270" lon="-2.344610"/>
      <trkpt lat="43.291230" lon="-2.344420"/>
      <trkpt lat="43.291200" lon="-2.344240"/>
      <trkpt lat="43.291200" lon="-2.344150"/>
      <trkpt lat="43.291200" lon="-2.344060"/>
      <trkpt lat="43.291200" lon="-2.344010"/>
      <trkpt lat="43.291180" lon="-2.343940"/>
      <trkpt lat="43.291120" lon="-2.343750"/>
      <trkpt lat="43.291000" lon="-2.343510"/>
      <trkpt lat="43.290770" lon="-2.343130"/>
      <trkpt lat="43.290700" lon="-2.342970"/>
      <trkpt lat="43.290620" lon="-2.342760"/>
      <trkpt lat="43.290550" lon="-2.342560"/>
      <trkpt lat="43.290450" lon="-2.342330"/>
      <trkpt lat="43.290350" lon="-2.342180"/>
      <trkpt lat="43.290120" lon="-2.341930"/>
      <trkpt lat="43.289980" lon="-2.341800"/>
      <trkpt lat="43.289860" lon="-2.341750"/>
      <trkpt lat="43.289690" lon="-2.341680"/>
      <trkpt lat="43.289390" lon="-2.341590"/>
      <trkpt lat="43.289290" lon="-2.341560"/>
      <trkpt lat="43.289060" lon="-2.341500"/>
      <trkpt lat="43.288810" lon="-2.341420"/>
      <trkpt lat="43.288620" lon="-2.341290"/>
      <trkpt lat="43.288460" lon="-2.341260"/>
      <trkpt lat="43.288310" lon="-2.341260"/>
      <trkpt lat="43.288150" lon="-2.341350"/>
      <trkpt lat="43.287570" lon="-2.341250"/>
      <trkpt lat="43.287410" lon="-2.341110"/>
      <trkpt lat="43.287290" lon="-2.341040"/>
      <trkpt lat="43.287190" lon="-2.340980"/>
      <trkpt lat="43.287120" lon="-2.340940"/>
      <trkpt lat="43.286970" lon="-2.340800"/>
      <trkpt lat="43.286670" lon="-2.340550"/>
      <trkpt lat="43.286540" lon="-2.340480"/>
      <trkpt lat="43.286420" lon="-2.340470"/>
      <trkpt lat="43.286260" lon="-2.340450"/>
      <trkpt lat="43.285900" lon="-2.340500"/>
      <trkpt lat="43.285630" lon="-2.340570"/>
      <trkpt lat="43.285480" lon="-2.340600"/>
      <trkpt lat="43.285300" lon="-2.340570"/>
      <trkpt lat="43.285010" lon="-2.340420"/>
      <trkpt lat="43.284710" lon="-2.340270"/>
      <trkpt lat="43.284300" lon="-2.340020"/>
      <trkpt lat="43.283910" lon="-2.339770"/>
      <trkpt lat="43.283770" lon="-2.339630"/>
      <trkpt lat="43.283540" lon="-2.339510"/>
      <trkpt lat="43.283270" lon="-2.339370"/>
      <trkpt lat="43.282950" lon="-2.339300"/>
      <trkpt lat="43.282860" lon="-2.339280"/>
      <trkpt lat="43.282730" lon="-2.339100"/>
      <trkpt lat="43.282650" lon="-2.339130"/>
      <trkpt lat="43.282570" lon="-2.339200"/>
      <trkpt lat="43.282460" lon="-2.339210"/>
      <trkpt lat="43.282280" lon="-2.339250"/>
      <trkpt lat="43.282180" lon="-2.339280"/>
      <trkpt lat="43.282060" lon="-2.339410"/>
      <trkpt lat="43.281980" lon="-2.339360"/>
      <trkpt lat="43.281800" lon="-2.339190"/>
      <trkpt lat="43.281600" lon="-2.339140"/>
      <trkpt lat="43.281410" lon="-2.339110"/>
      <trkpt lat="43.281340" lon="-2.339110"/>
      <trkpt lat="43.281300" lon="-2.339120"/>
      <trkpt lat="43.281100" lon="-2.339080"/>
      <trkpt lat="43.280980" lon="-2.339070"/>
      <trkpt lat="43.280860" lon="-2.339010"/>
      <trkpt lat="43.280760" lon="-2.338860"/>
      <trkpt lat="43.280680" lon="-2.338640"/>
      <trkpt lat="43.280580" lon="-2.338430"/>
      <trkpt lat="43.280490" lon="-2.338330"/>
      <trkpt lat="43.280260" lon="-2.338010"/>
      <trkpt lat="43.280120" lon="-2.337840"/>
      <trkpt lat="43.280020" lon="-2.337740"/>
      <trkpt lat="43.279870" lon="-2.337640"/>
      <trkpt lat="43.279710" lon="-2.337520"/>
      <trkpt lat="43.279490" lon="-2.337410"/>
      <trkpt lat="43.279280" lon="-2.337200"/>
      <trkpt lat="43.279090" lon="-2.336980"/>
      <trkpt lat="43.278890" lon="-2.336760"/>
      <trkpt lat="43.278680" lon="-2.336580"/>
      <trkpt lat="43.278620" lon="-2.336470"/>
      <trkpt lat="43.278520" lon="-2.336150"/>
      <trkpt lat="43.278430" lon="-2.335970"/>
      <trkpt lat="43.278000" lon="-2.335480"/>
      <trkpt lat="43.277830" lon="-2.335310"/>
      <trkpt lat="43.277700" lon="-2.335160"/>
      <trkpt lat="43.277560" lon="-2.334960"/>
      <trkpt lat="43.277400" lon="-2.334640"/>
      <trkpt lat="43.277380" lon="-2.334540"/>
      <trkpt lat="43.277350" lon="-2.334400"/>
      <trkpt lat="43.277280" lon="-2.334210"/>
      <trkpt lat="43.277090" lon="-2.333940"/>
      <trkpt lat="43.276870" lon="-2.333650"/>
      <trkpt lat="43.276770" lon="-2.333510"/>
      <trkpt lat="43.276520" lon="-2.333300"/>
      <trkpt lat="43.276370" lon="-2.333130"/>
      <trkpt lat="43.276350" lon="-2.333100"/>
      <trkpt lat="43.276210" lon="-2.332910"/>
      <trkpt lat="43.276180" lon="-2.332860"/>
      <trkpt lat="43.276180" lon="-2.332770"/>
      <trkpt lat="43.276170" lon="-2.332690"/>
      <trkpt lat="43.276270" lon="-2.332350"/>
      <trkpt lat="43.276300" lon="-2.332270"/>
      <trkpt lat="43.276310" lon="-2.332110"/>
      <trkpt lat="43.276310" lon="-2.332070"/>
      <trkpt lat="43.276310" lon="-2.331990"/>
      <trkpt lat="43.276310" lon="-2.331320"/>
      <trkpt lat="43.276340" lon="-2.330850"/>
      <trkpt lat="43.276400" lon="-2.330850"/>
      <trkpt lat="43.276450" lon="-2.330850"/>
      <trkpt lat="43.276570" lon="-2.330880"/>
      <trkpt lat="43.276690" lon="-2.330920"/>
      <trkpt lat="43.276810" lon="-2.330980"/>
      <trkpt lat="43.276880" lon="-2.331040"/>
      <trkpt lat="43.276970" lon="-2.331150"/>
      <trkpt lat="43.277070" lon="-2.331320"/>
      <trkpt lat="43.277110" lon="-2.331470"/>
      <trkpt lat="43.277190" lon="-2.331680"/>
      <trkpt lat="43.277250" lon="-2.331850"/>
      <trkpt lat="43.277280" lon="-2.331910"/>
      <trkpt lat="43.277300" lon="-2.331950"/>
      <trkpt lat="43.277380" lon="-2.331990"/>
      <trkpt lat="43.277450" lon="-2.331990"/>
      <trkpt lat="43.277510" lon="-2.331950"/>
      <trkpt lat="43.277550" lon="-2.331870"/>
      <trkpt lat="43.277580" lon="-2.331680"/>
      <trkpt lat="43.277590" lon="-2.331560"/>
      <trkpt lat="43.277660" lon="-2.331560"/>
      <trkpt lat="43.277710" lon="-2.331540"/>
      <trkpt lat="43.277780" lon="-2.331490"/>
      <trkpt lat="43.277840" lon="-2.331400"/>
      <trkpt lat="43.277860" lon="-2.331290"/>
      <trkpt lat="43.277860" lon="-2.331160"/>
      <trkpt lat="43.277820" lon="-2.330980"/>
      <trkpt lat="43.277810" lon="-2.330780"/>
      <trkpt lat="43.277840" lon="-2.330610"/>
      <trkpt lat="43.277900" lon="-2.330420"/>
      <trkpt lat="43.278020" lon="-2.330210"/>
      <trkpt lat="43.278070" lon="-2.330130"/>
      <trkpt lat="43.278230" lon="-2.329860"/>
      <trkpt lat="43.278280" lon="-2.329800"/>
      <trkpt lat="43.278370" lon="-2.329650"/>
      <trkpt lat="43.278450" lon="-2.329540"/>
      <trkpt lat="43.278530" lon="-2.329410"/>
      <trkpt lat="43.278570" lon="-2.329340"/>
      <trkpt lat="43.278570" lon="-2.329310"/>
      <trkpt lat="43.278570" lon="-2.329270"/>
      <trkpt lat="43.278570" lon="-2.329230"/>
      <trkpt lat="43.278580" lon="-2.329200"/>
      <trkpt lat="43.278540" lon="-2.329000"/>
      <trkpt lat="43.278310" lon="-2.328160"/>
      <trkpt lat="43.278210" lon="-2.327920"/>
      <trkpt lat="43.278070" lon="-2.327710"/>
      <trkpt lat="43.277940" lon="-2.327580"/>
      <trkpt lat="43.277810" lon="-2.327460"/>
      <trkpt lat="43.276180" lon="-2.326280"/>
      <trkpt lat="43.276080" lon="-2.326220"/>
      <trkpt lat="43.275950" lon="-2.326150"/>
      <trkpt lat="43.275830" lon="-2.326130"/>
      <trkpt lat="43.275710" lon="-2.326140"/>
      <trkpt lat="43.275270" lon="-2.326230"/>
      <trkpt lat="43.275140" lon="-2.326230"/>
      <trkpt lat="43.275020" lon="-2.326190"/>
      <trkpt lat="43.274930" lon="-2.326140"/>
      <trkpt lat="43.274850" lon="-2.326070"/>
      <trkpt lat="43.274800" lon="-2.326000"/>
      <trkpt lat="43.274740" lon="-2.325910"/>
      <trkpt lat="43.274690" lon="-2.325810"/>
      <trkpt lat="43.274650" lon="-2.325660"/>
      <trkpt lat="43.274630" lon="-2.325520"/>
      <trkpt lat="43.274650" lon="-2.325360"/>
      <trkpt lat="43.274680" lon="-2.325210"/>
      <trkpt lat="43.274730" lon="-2.325070"/>
      <trkpt lat="43.274810" lon="-2.324940"/>
      <trkpt lat="43.274860" lon="-2.324870"/>
      <trkpt lat="43.274940" lon="-2.324810"/>
      <trkpt lat="43.275070" lon="-2.324750"/>
      <trkpt lat="43.275700" lon="-2.324630"/>
      <trkpt lat="43.276770" lon="-2.324440"/>
      <trkpt lat="43.276870" lon="-2.324420"/>
      <trkpt lat="43.277080" lon="-2.324330"/>
      <trkpt lat="43.277230" lon="-2.324220"/>
      <trkpt lat="43.277710" lon="-2.323830"/>
      <trkpt lat="43.277820" lon="-2.323710"/>
      <trkpt lat="43.278620" lon="-2.322540"/>
      <trkpt lat="43.278700" lon="-2.322390"/>
      <trkpt lat="43.279080" lon="-2.321360"/>
      <trkpt lat="43.279160" lon="-2.321180"/>
      <trkpt lat="43.279300" lon="-2.320970"/>
      <trkpt lat="43.279620" lon="-2.320570"/>
      <trkpt lat="43.279800" lon="-2.320360"/>
      <trkpt lat="43.279890" lon="-2.320210"/>
      <trkpt lat="43.279990" lon="-2.320000"/>
      <trkpt lat="43.280050" lon="-2.319820"/>
      <trkpt lat="43.280100" lon="-2.319610"/>
      <trkpt lat="43.280140" lon="-2.319440"/>
      <trkpt lat="43.280180" lon="-2.319220"/>
      <trkpt lat="43.280210" lon="-2.319070"/>
      <trkpt lat="43.280270" lon="-2.318900"/>
      <trkpt lat="43.280370" lon="-2.318680"/>
      <trkpt lat="43.280900" lon="-2.317820"/>
      <trkpt lat="43.280960" lon="-2.317690"/>
      <trkpt lat="43.281010" lon="-2.317520"/>
      <trkpt lat="43.281050" lon="-2.317370"/>
      <trkpt lat="43.281070" lon="-2.317220"/>
      <trkpt lat="43.281060" lon="-2.317030"/>
      <trkpt lat="43.280920" lon="-2.315960"/>
      <trkpt lat="43.280880" lon="-2.315770"/>
      <trkpt lat="43.280830" lon="-2.315650"/>
      <trkpt lat="43.280740" lon="-2.315440"/>
      <trkpt lat="43.280260" lon="-2.314630"/>
      <trkpt lat="43.280020" lon="-2.314210"/>
      <trkpt lat="43.279230" lon="-2.313020"/>
      <trkpt lat="43.279110" lon="-2.312820"/>
      <trkpt lat="43.279020" lon="-2.312630"/>
      <trkpt lat="43.278940" lon="-2.312440"/>
      <trkpt lat="43.278900" lon="-2.312300"/>
      <trkpt lat="43.278880" lon="-2.312150"/>
      <trkpt lat="43.278880" lon="-2.311990"/>
      <trkpt lat="43.278890" lon="-2.311890"/>
      <trkpt lat="43.278920" lon="-2.311820"/>
      <trkpt lat="43.278940" lon="-2.311750"/>
      <trkpt lat="43.278970" lon="-2.311530"/>
      <trkpt lat="43.279010" lon="-2.311280"/>
      <trkpt lat="43.279070" lon="-2.311010"/>
      <trkpt lat="43.279120" lon="-2.310820"/>
      <trkpt lat="43.279180" lon="-2.310630"/>
      <trkpt lat="43.279260" lon="-2.310460"/>
      <trkpt lat="43.279360" lon="-2.310300"/>
      <trkpt lat="43.279450" lon="-2.310200"/>
      <trkpt lat="43.279530" lon="-2.310130"/>
      <trkpt lat="43.279670" lon="-2.310070"/>
      <trkpt lat="43.279810" lon="-2.310030"/>
      <trkpt lat="43.279960" lon="-2.310030"/>
      <trkpt lat="43.280110" lon="-2.310050"/>
      <trkpt lat="43.280260" lon="-2.310100"/>
      <trkpt lat="43.282760" lon="-2.311680"/>
      <trkpt lat="43.282900" lon="-2.311750"/>
      <trkpt lat="43.283070" lon="-2.311830"/>
      <trkpt lat="43.283240" lon="-2.311890"/>
      <trkpt lat="43.283400" lon="-2.311940"/>
      <trkpt lat="43.283550" lon="-2.311980"/>
      <trkpt lat="43.283710" lon="-2.311970"/>
      <trkpt lat="43.283840" lon="-2.311930"/>
      <trkpt lat="43.283950" lon="-2.311850"/>
      <trkpt lat="43.284060" lon="-2.311740"/>
      <trkpt lat="43.284140" lon="-2.311630"/>
      <trkpt lat="43.284200" lon="-2.311500"/>
      <trkpt lat="43.284240" lon="-2.311380"/>
      <trkpt lat="43.284260" lon="-2.311260"/>
      <trkpt lat="43.284280" lon="-2.311120"/>
      <trkpt lat="43.284270" lon="-2.310960"/>
      <trkpt lat="43.284250" lon="-2.310780"/>
      <trkpt lat="43.284210" lon="-2.310590"/>
      <trkpt lat="43.284010" lon="-2.309970"/>
      <trkpt lat="43.283990" lon="-2.309900"/>
      <trkpt lat="43.283920" lon="-2.309760"/>
      <trkpt lat="43.283840" lon="-2.309620"/>
      <trkpt lat="43.283730" lon="-2.309490"/>
      <trkpt lat="43.283630" lon="-2.309400"/>
      <trkpt lat="43.281990" lon="-2.307990"/>
      <trkpt lat="43.281870" lon="-2.307860"/>
      <trkpt lat="43.281750" lon="-2.307730"/>
      <trkpt lat="43.281650" lon="-2.307600"/>
      <trkpt lat="43.281560" lon="-2.307470"/>
      <trkpt lat="43.281500" lon="-2.307360"/>
      <trkpt lat="43.281420" lon="-2.307170"/>
      <trkpt lat="43.281220" lon="-2.306590"/>
      <trkpt lat="43.280250" lon="-2.303720"/>
      <trkpt lat="43.280010" lon="-2.303050"/>
      <trkpt lat="43.279790" lon="-2.302420"/>
      <trkpt lat="43.279770" lon="-2.302330"/>
      <trkpt lat="43.279720" lon="-2.302100"/>
      <trkpt lat="43.279660" lon="-2.301790"/>
      <trkpt lat="43.279600" lon="-2.301470"/>
      <trkpt lat="43.279540" lon="-2.301160"/>
      <trkpt lat="43.279480" lon="-2.300900"/>
      <trkpt lat="43.279330" lon="-2.300350"/>
      <trkpt lat="43.279140" lon="-2.299800"/>
      <trkpt lat="43.279090" lon="-2.299600"/>
      <trkpt lat="43.279070" lon="-2.299490"/>
      <trkpt lat="43.279050" lon="-2.299370"/>
      <trkpt lat="43.279040" lon="-2.299260"/>
      <trkpt lat="43.279030" lon="-2.299150"/>
      <trkpt lat="43.279040" lon="-2.299050"/>
      <trkpt lat="43.279050" lon="-2.298940"/>
      <trkpt lat="43.279060" lon="-2.298850"/>
      <trkpt lat="43.279080" lon="-2.298770"/>
      <trkpt lat="43.279090" lon="-2.298700"/>
      <trkpt lat="43.279100" lon="-2.298650"/>
      <trkpt lat="43.279130" lon="-2.298580"/>
      <trkpt lat="43.279160" lon="-2.298480"/>
      <trkpt lat="43.279200" lon="-2.298380"/>
      <trkpt lat="43.279250" lon="-2.298290"/>
      <trkpt lat="43.279280" lon="-2.298220"/>
      <trkpt lat="43.279370" lon="-2.298050"/>
      <trkpt lat="43.279530" lon="-2.297750"/>
      <trkpt lat="43.279650" lon="-2.297540"/>
      <trkpt lat="43.279800" lon="-2.297370"/>
      <trkpt lat="43.279920" lon="-2.297280"/>
      <trkpt lat="43.280080" lon="-2.297210"/>
      <trkpt lat="43.280290" lon="-2.297160"/>
      <trkpt lat="43.280490" lon="-2.297080"/>
      <trkpt lat="43.280600" lon="-2.296970"/>
      <trkpt lat="43.280710" lon="-2.296820"/>
      <trkpt lat="43.280800" lon="-2.296620"/>
      <trkpt lat="43.281330" lon="-2.294750"/>
      <trkpt lat="43.281430" lon="-2.294550"/>
      <trkpt lat="43.281550" lon="-2.294410"/>
      <trkpt lat="43.281880" lon="-2.294050"/>
      <trkpt lat="43.281960" lon="-2.293830"/>
      <trkpt lat="43.281980" lon="-2.293660"/>
      <trkpt lat="43.281950" lon="-2.293510"/>
      <trkpt lat="43.281880" lon="-2.293310"/>
      <trkpt lat="43.281770" lon="-2.293180"/>
      <trkpt lat="43.281670" lon="-2.293110"/>
      <trkpt lat="43.281590" lon="-2.293060"/>
      <trkpt lat="43.280220" lon="-2.292200"/>
      <trkpt lat="43.280090" lon="-2.292100"/>
      <trkpt lat="43.279980" lon="-2.291950"/>
      <trkpt lat="43.279910" lon="-2.291810"/>
      <trkpt lat="43.279870" lon="-2.291620"/>
      <trkpt lat="43.279860" lon="-2.291460"/>
      <trkpt lat="43.279960" lon="-2.290680"/>
      <trkpt lat="43.279970" lon="-2.290540"/>
      <trkpt lat="43.279950" lon="-2.290380"/>
      <trkpt lat="43.279920" lon="-2.290250"/>
      <trkpt lat="43.279330" lon="-2.288730"/>
      <trkpt lat="43.279180" lon="-2.288370"/>
      <trkpt lat="43.279140" lon="-2.288180"/>
      <trkpt lat="43.279130" lon="-2.287970"/>
      <trkpt lat="43.279150" lon="-2.286650"/>
      <trkpt lat="43.279160" lon="-2.286340"/>
      <trkpt lat="43.279150" lon="-2.286130"/>
      <trkpt lat="43.279110" lon="-2.285910"/>
      <trkpt lat="43.279040" lon="-2.285700"/>
      <trkpt lat="43.278960" lon="-2.285530"/>
      <trkpt lat="43.277610" lon="-2.283140"/>
      <trkpt lat="43.277450" lon="-2.282810"/>
      <trkpt lat="43.277340" lon="-2.282570"/>
      <trkpt lat="43.277270" lon="-2.282360"/>
      <trkpt lat="43.277210" lon="-2.282100"/>
      <trkpt lat="43.276730" lon="-2.279610"/>
      <trkpt lat="43.276500" lon="-2.278420"/>
      <trkpt lat="43.276450" lon="-2.278220"/>
      <trkpt lat="43.276250" lon="-2.277450"/>
      <trkpt lat="43.275880" lon="-2.276210"/>
      <trkpt lat="43.275660" lon="-2.275390"/>
      <trkpt lat="43.275420" lon="-2.274540"/>
      <trkpt lat="43.275390" lon="-2.274380"/>
      <trkpt lat="43.275390" lon="-2.274250"/>
      <trkpt lat="43.275390" lon="-2.274110"/>
      <trkpt lat="43.275430" lon="-2.273980"/>
      <trkpt lat="43.275470" lon="-2.273870"/>
      <trkpt lat="43.275540" lon="-2.273710"/>
      <trkpt lat="43.276320" lon="-2.272340"/>
      <trkpt lat="43.276390" lon="-2.272230"/>
      <trkpt lat="43.276870" lon="-2.271610"/>
      <trkpt lat="43.277090" lon="-2.271340"/>
      <trkpt lat="43.277400" lon="-2.270980"/>
      <trkpt lat="43.277900" lon="-2.270530"/>
      <trkpt lat="43.278290" lon="-2.270110"/>
      <trkpt lat="43.278560" lon="-2.269800"/>
      <trkpt lat="43.279560" lon="-2.268700"/>
      <trkpt lat="43.279690" lon="-2.268550"/>
      <trkpt lat="43.279780" lon="-2.268430"/>
      <trkpt lat="43.279890" lon="-2.268250"/>
      <trkpt lat="43.279940" lon="-2.268170"/>
      <trkpt lat="43.279970" lon="-2.267970"/>
      <trkpt lat="43.279990" lon="-2.267870"/>
      <trkpt lat="43.279990" lon="-2.267790"/>
      <trkpt lat="43.279980" lon="-2.267710"/>
      <trkpt lat="43.279980" lon="-2.267660"/>
      <trkpt lat="43.279970" lon="-2.267590"/>
      <trkpt lat="43.279920" lon="-2.267540"/>
      <trkpt lat="43.279890" lon="-2.267500"/>
      <trkpt lat="43.279880" lon="-2.267470"/>
      <trkpt lat="43.279860" lon="-2.267390"/>
      <trkpt lat="43.279870" lon="-2.267310"/>
      <trkpt lat="43.279890" lon="-2.267240"/>
      <trkpt lat="43.279920" lon="-2.267180"/>
      <trkpt lat="43.279970" lon="-2.267140"/>
      <trkpt lat="43.280000" lon="-2.267120"/>
      <trkpt lat="43.280100" lon="-2.267030"/>
      <trkpt lat="43.280250" lon="-2.266900"/>
      <trkpt lat="43.280360" lon="-2.266790"/>
      <trkpt lat="43.280420" lon="-2.266740"/>
      <trkpt lat="43.280530" lon="-2.266650"/>
      <trkpt lat="43.280560" lon="-2.266600"/>
      <trkpt lat="43.280690" lon="-2.266400"/>
      <trkpt lat="43.280820" lon="-2.266260"/>
      <trkpt lat="43.280950" lon="-2.266160"/>
      <trkpt lat="43.281120" lon="-2.266080"/>
      <trkpt lat="43.281240" lon="-2.266040"/>
      <trkpt lat="43.281360" lon="-2.266040"/>
      <trkpt lat="43.281410" lon="-2.266040"/>
      <trkpt lat="43.281440" lon="-2.266040"/>
      <trkpt lat="43.281470" lon="-2.266040"/>
      <trkpt lat="43.281510" lon="-2.266050"/>
      <trkpt lat="43.281530" lon="-2.266050"/>
      <trkpt lat="43.281570" lon="-2.266050"/>
      <trkpt lat="43.281640" lon="-2.266060"/>
      <trkpt lat="43.281700" lon="-2.266070"/>
      <trkpt lat="43.281770" lon="-2.266080"/>
      <trkpt lat="43.281850" lon="-2.266100"/>
      <trkpt lat="43.281890" lon="-2.266110"/>
      <trkpt lat="43.281930" lon="-2.266120"/>
      <trkpt lat="43.281980" lon="-2.266130"/>
      <trkpt lat="43.282030" lon="-2.266150"/>
      <trkpt lat="43.282080" lon="-2.266170"/>
      <trkpt lat="43.282160" lon="-2.266200"/>
      <trkpt lat="43.282280" lon="-2.266250"/>
      <trkpt lat="43.282400" lon="-2.266290"/>
      <trkpt lat="43.282480" lon="-2.266320"/>
      <trkpt lat="43.282620" lon="-2.266370"/>
      <trkpt lat="43.282690" lon="-2.266390"/>
      <trkpt lat="43.282770" lon="-2.266410"/>
      <trkpt lat="43.282830" lon="-2.266420"/>
      <trkpt lat="43.282880" lon="-2.266440"/>
      <trkpt lat="43.282940" lon="-2.266450"/>
      <trkpt lat="43.283000" lon="-2.266460"/>
      <trkpt lat="43.283070" lon="-2.266470"/>
      <trkpt lat="43.283110" lon="-2.266470"/>
      <trkpt lat="43.283160" lon="-2.266470"/>
      <trkpt lat="43.283210" lon="-2.266470"/>
      <trkpt lat="43.283250" lon="-2.266470"/>
      <trkpt lat="43.283290" lon="-2.266470"/>
      <trkpt lat="43.283320" lon="-2.266470"/>
      <trkpt lat="43.283370" lon="-2.266460"/>
      <trkpt lat="43.283390" lon="-2.266460"/>
      <trkpt lat="43.283420" lon="-2.266460"/>
      <trkpt lat="43.283440" lon="-2.266450"/>
      <trkpt lat="43.283470" lon="-2.266450"/>
      <trkpt lat="43.283530" lon="-2.266440"/>
      <trkpt lat="43.283580" lon="-2.266420"/>
      <trkpt lat="43.283640" lon="-2.266410"/>
      <trkpt lat="43.283670" lon="-2.266400"/>
      <trkpt lat="43.283700" lon="-2.266390"/>
      <trkpt lat="43.283750" lon="-2.266370"/>
      <trkpt lat="43.283790" lon="-2.266350"/>
      <trkpt lat="43.283860" lon="-2.266320"/>
      <trkpt lat="43.284060" lon="-2.266230"/>
      <trkpt lat="43.284230" lon="-2.266150"/>
      <trkpt lat="43.284440" lon="-2.266060"/>
      <trkpt lat="43.284480" lon="-2.266040"/>
      <trkpt lat="43.284510" lon="-2.266020"/>
      <trkpt lat="43.284540" lon="-2.266010"/>
      <trkpt lat="43.284570" lon="-2.265990"/>
      <trkpt lat="43.284600" lon="-2.265970"/>
      <trkpt lat="43.284620" lon="-2.265950"/>
      <trkpt lat="43.284660" lon="-2.265920"/>
      <trkpt lat="43.284680" lon="-2.265900"/>
      <trkpt lat="43.284700" lon="-2.265880"/>
      <trkpt lat="43.284730" lon="-2.265840"/>
      <trkpt lat="43.284760" lon="-2.265800"/>
      <trkpt lat="43.284780" lon="-2.265770"/>
      <trkpt lat="43.284790" lon="-2.265750"/>
      <trkpt lat="43.284800" lon="-2.265730"/>
      <trkpt lat="43.284810" lon="-2.265710"/>
      <trkpt lat="43.284820" lon="-2.265690"/>
      <trkpt lat="43.284830" lon="-2.265670"/>
      <trkpt lat="43.284840" lon="-2.265650"/>
      <trkpt lat="43.284840" lon="-2.265640"/>
      <trkpt lat="43.284850" lon="-2.265630"/>
      <trkpt lat="43.284860" lon="-2.265590"/>
      <trkpt lat="43.284870" lon="-2.265560"/>
      <trkpt lat="43.284870" lon="-2.265540"/>
      <trkpt lat="43.284880" lon="-2.265520"/>
      <trkpt lat="43.284880" lon="-2.265490"/>
      <trkpt lat="43.284890" lon="-2.265460"/>
      <trkpt lat="43.284890" lon="-2.265430"/>
      <trkpt lat="43.284890" lon="-2.265400"/>
      <trkpt lat="43.284900" lon="-2.265380"/>
      <trkpt lat="43.284900" lon="-2.265350"/>
      <trkpt lat="43.284900" lon="-2.265320"/>
      <trkpt lat="43.284900" lon="-2.265270"/>
      <trkpt lat="43.284900" lon="-2.265250"/>
      <trkpt lat="43.284900" lon="-2.265230"/>
      <trkpt lat="43.284890" lon="-2.265190"/>
      <trkpt lat="43.284890" lon="-2.265150"/>
      <trkpt lat="43.284880" lon="-2.265110"/>
      <trkpt lat="43.284870" lon="-2.265060"/>
      <trkpt lat="43.284870" lon="-2.265030"/>
      <trkpt lat="43.284860" lon="-2.265000"/>
      <trkpt lat="43.284840" lon="-2.264940"/>
      <trkpt lat="43.284790" lon="-2.264750"/>
      <trkpt lat="43.284770" lon="-2.264660"/>
      <trkpt lat="43.284760" lon="-2.264620"/>
      <trkpt lat="43.284730" lon="-2.264520"/>
      <trkpt lat="43.284700" lon="-2.264410"/>
      <trkpt lat="43.284670" lon="-2.264320"/>
      <trkpt lat="43.284650" lon="-2.264230"/>
      <trkpt lat="43.284620" lon="-2.264130"/>
      <trkpt lat="43.284620" lon="-2.264100"/>
      <trkpt lat="43.284610" lon="-2.264060"/>
      <trkpt lat="43.284600" lon="-2.264030"/>
      <trkpt lat="43.284600" lon="-2.263990"/>
      <trkpt lat="43.284590" lon="-2.263950"/>
      <trkpt lat="43.284590" lon="-2.263910"/>
      <trkpt lat="43.284590" lon="-2.263860"/>
      <trkpt lat="43.284590" lon="-2.263830"/>
      <trkpt lat="43.284590" lon="-2.263800"/>
      <trkpt lat="43.284590" lon="-2.263760"/>
      <trkpt lat="43.284600" lon="-2.263730"/>
      <trkpt lat="43.284600" lon="-2.263690"/>
      <trkpt lat="43.284610" lon="-2.263660"/>
      <trkpt lat="43.284620" lon="-2.263620"/>
      <trkpt lat="43.284630" lon="-2.263580"/>
      <trkpt lat="43.284640" lon="-2.263550"/>
      <trkpt lat="43.284650" lon="-2.263520"/>
      <trkpt lat="43.284660" lon="-2.263490"/>
      <trkpt lat="43.284670" lon="-2.263470"/>
      <trkpt lat="43.284680" lon="-2.263440"/>
      <trkpt lat="43.284690" lon="-2.263420"/>
      <trkpt lat="43.284700" lon="-2.263390"/>
      <trkpt lat="43.284720" lon="-2.263360"/>
      <trkpt lat="43.284730" lon="-2.263350"/>
      <trkpt lat="43.284740" lon="-2.263330"/>
      <trkpt lat="43.284760" lon="-2.263300"/>
      <trkpt lat="43.284770" lon="-2.263290"/>
      <trkpt lat="43.284800" lon="-2.263260"/>
      <trkpt lat="43.284820" lon="-2.263220"/>
      <trkpt lat="43.284870" lon="-2.263180"/>
      <trkpt lat="43.285010" lon="-2.263010"/>
      <trkpt lat="43.285160" lon="-2.262860"/>
      <trkpt lat="43.285230" lon="-2.262770"/>
      <trkpt lat="43.285270" lon="-2.262720"/>
      <trkpt lat="43.285310" lon="-2.262670"/>
      <trkpt lat="43.285340" lon="-2.262630"/>
      <trkpt lat="43.285360" lon="-2.262590"/>
      <trkpt lat="43.285390" lon="-2.262550"/>
      <trkpt lat="43.285410" lon="-2.262510"/>
      <trkpt lat="43.285430" lon="-2.262460"/>
      <trkpt lat="43.285450" lon="-2.262410"/>
      <trkpt lat="43.285470" lon="-2.262330"/>
      <trkpt lat="43.285490" lon="-2.262250"/>
      <trkpt lat="43.285510" lon="-2.262200"/>
      <trkpt lat="43.285520" lon="-2.262130"/>
      <trkpt lat="43.285530" lon="-2.262050"/>
      <trkpt lat="43.285530" lon="-2.261980"/>
      <trkpt lat="43.285530" lon="-2.261910"/>
      <trkpt lat="43.285530" lon="-2.261850"/>
      <trkpt lat="43.285530" lon="-2.261800"/>
      <trkpt lat="43.285520" lon="-2.261760"/>
      <trkpt lat="43.285520" lon="-2.261720"/>
      <trkpt lat="43.285510" lon="-2.261680"/>
      <trkpt lat="43.285510" lon="-2.261640"/>
      <trkpt lat="43.285500" lon="-2.261590"/>
      <trkpt lat="43.285480" lon="-2.261550"/>
      <trkpt lat="43.285470" lon="-2.261500"/>
      <trkpt lat="43.285460" lon="-2.261460"/>
      <trkpt lat="43.285440" lon="-2.261410"/>
      <trkpt lat="43.285420" lon="-2.261370"/>
      <trkpt lat="43.285390" lon="-2.261300"/>
      <trkpt lat="43.285350" lon="-2.261240"/>
      <trkpt lat="43.285310" lon="-2.261160"/>
      <trkpt lat="43.285250" lon="-2.261080"/>
      <trkpt lat="43.285170" lon="-2.260950"/>
      <trkpt lat="43.285130" lon="-2.260890"/>
      <trkpt lat="43.285100" lon="-2.260840"/>
      <trkpt lat="43.285080" lon="-2.260790"/>
      <trkpt lat="43.285050" lon="-2.260750"/>
      <trkpt lat="43.285030" lon="-2.260710"/>
      <trkpt lat="43.285010" lon="-2.260670"/>
      <trkpt lat="43.285000" lon="-2.260640"/>
      <trkpt lat="43.284980" lon="-2.260610"/>
      <trkpt lat="43.284970" lon="-2.260580"/>
      <trkpt lat="43.284960" lon="-2.260550"/>
      <trkpt lat="43.284920" lon="-2.260490"/>
      <trkpt lat="43.284910" lon="-2.260450"/>
      <trkpt lat="43.284900" lon="-2.260430"/>
      <trkpt lat="43.284890" lon="-2.260410"/>
      <trkpt lat="43.284880" lon="-2.260380"/>
      <trkpt lat="43.284870" lon="-2.260350"/>
      <trkpt lat="43.284870" lon="-2.260310"/>
      <trkpt lat="43.284820" lon="-2.260050"/>
      <trkpt lat="43.284810" lon="-2.260010"/>
      <trkpt lat="43.284800" lon="-2.259980"/>
      <trkpt lat="43.284800" lon="-2.259960"/>
      <trkpt lat="43.284800" lon="-2.259950"/>
      <trkpt lat="43.284790" lon="-2.259930"/>
      <trkpt lat="43.284790" lon="-2.259920"/>
      <trkpt lat="43.284780" lon="-2.259880"/>
      <trkpt lat="43.284770" lon="-2.259870"/>
      <trkpt lat="43.284740" lon="-2.259840"/>
      <trkpt lat="43.284720" lon="-2.259810"/>
      <trkpt lat="43.284700" lon="-2.259780"/>
      <trkpt lat="43.284690" lon="-2.259740"/>
      <trkpt lat="43.284680" lon="-2.259700"/>
      <trkpt lat="43.284650" lon="-2.259650"/>
      <trkpt lat="43.284640" lon="-2.259620"/>
      <trkpt lat="43.284630" lon="-2.259590"/>
      <trkpt lat="43.284610" lon="-2.259560"/>
      <trkpt lat="43.284600" lon="-2.259530"/>
      <trkpt lat="43.284590" lon="-2.259490"/>
      <trkpt lat="43.284570" lon="-2.259460"/>
      <trkpt lat="43.284550" lon="-2.259430"/>
      <trkpt lat="43.284530" lon="-2.259400"/>
      <trkpt lat="43.284520" lon="-2.259370"/>
      <trkpt lat="43.284480" lon="-2.259320"/>
      <trkpt lat="43.284460" lon="-2.259280"/>
      <trkpt lat="43.284360" lon="-2.259120"/>
      <trkpt lat="43.284330" lon="-2.259090"/>
      <trkpt lat="43.284290" lon="-2.259030"/>
      <trkpt lat="43.284280" lon="-2.259000"/>
      <trkpt lat="43.284270" lon="-2.258980"/>
      <trkpt lat="43.284260" lon="-2.258960"/>
      <trkpt lat="43.284240" lon="-2.258930"/>
      <trkpt lat="43.284240" lon="-2.258910"/>
      <trkpt lat="43.284230" lon="-2.258890"/>
      <trkpt lat="43.284220" lon="-2.258870"/>
      <trkpt lat="43.284170" lon="-2.258750"/>
      <trkpt lat="43.284120" lon="-2.258610"/>
      <trkpt lat="43.284060" lon="-2.258430"/>
      <trkpt lat="43.284000" lon="-2.258250"/>
      <trkpt lat="43.283960" lon="-2.258150"/>
      <trkpt lat="43.283900" lon="-2.257970"/>
      <trkpt lat="43.283840" lon="-2.257810"/>
      <trkpt lat="43.283790" lon="-2.257680"/>
      <trkpt lat="43.283720" lon="-2.257500"/>
      <trkpt lat="43.283690" lon="-2.257440"/>
      <trkpt lat="43.283660" lon="-2.257370"/>
      <trkpt lat="43.283640" lon="-2.257330"/>
      <trkpt lat="43.283620" lon="-2.257290"/>
      <trkpt lat="43.283600" lon="-2.257250"/>
      <trkpt lat="43.283580" lon="-2.257230"/>
      <trkpt lat="43.283560" lon="-2.257210"/>
      <trkpt lat="43.283530" lon="-2.257180"/>
      <trkpt lat="43.283510" lon="-2.257150"/>
      <trkpt lat="43.283480" lon="-2.257130"/>
      <trkpt lat="43.283460" lon="-2.257120"/>
      <trkpt lat="43.283450" lon="-2.257110"/>
      <trkpt lat="43.283440" lon="-2.257110"/>
      <trkpt lat="43.283430" lon="-2.257100"/>
      <trkpt lat="43.283420" lon="-2.257100"/>
      <trkpt lat="43.283410" lon="-2.257090"/>
      <trkpt lat="43.283380" lon="-2.257090"/>
      <trkpt lat="43.283360" lon="-2.257080"/>
      <trkpt lat="43.283340" lon="-2.257080"/>
      <trkpt lat="43.283310" lon="-2.257080"/>
      <trkpt lat="43.283290" lon="-2.257080"/>
      <trkpt lat="43.283270" lon="-2.257070"/>
      <trkpt lat="43.283260" lon="-2.257070"/>
      <trkpt lat="43.283230" lon="-2.257050"/>
      <trkpt lat="43.283220" lon="-2.257040"/>
      <trkpt lat="43.283200" lon="-2.257030"/>
      <trkpt lat="43.283190" lon="-2.257010"/>
      <trkpt lat="43.283180" lon="-2.257000"/>
      <trkpt lat="43.283170" lon="-2.256980"/>
      <trkpt lat="43.283160" lon="-2.256960"/>
      <trkpt lat="43.283140" lon="-2.256940"/>
      <trkpt lat="43.283140" lon="-2.256910"/>
      <trkpt lat="43.283130" lon="-2.256890"/>
      <trkpt lat="43.283120" lon="-2.256870"/>
      <trkpt lat="43.283120" lon="-2.256840"/>
      <trkpt lat="43.283120" lon="-2.256810"/>
      <trkpt lat="43.283120" lon="-2.256790"/>
      <trkpt lat="43.283120" lon="-2.256740"/>
      <trkpt lat="43.283120" lon="-2.256720"/>
      <trkpt lat="43.283130" lon="-2.256690"/>
      <trkpt lat="43.283140" lon="-2.256670"/>
      <trkpt lat="43.283150" lon="-2.256650"/>
      <trkpt lat="43.283150" lon="-2.256630"/>
      <trkpt lat="43.283160" lon="-2.256620"/>
      <trkpt lat="43.283170" lon="-2.256600"/>
      <trkpt lat="43.283190" lon="-2.256580"/>
      <trkpt lat="43.283200" lon="-2.256570"/>
      <trkpt lat="43.283220" lon="-2.256550"/>
      <trkpt lat="43.283230" lon="-2.256540"/>
      <trkpt lat="43.283250" lon="-2.256530"/>
      <trkpt lat="43.283260" lon="-2.256520"/>
      <trkpt lat="43.283290" lon="-2.256520"/>
      <trkpt lat="43.283300" lon="-2.256510"/>
      <trkpt lat="43.283330" lon="-2.256500"/>
      <trkpt lat="43.283360" lon="-2.256480"/>
      <trkpt lat="43.283400" lon="-2.256450"/>
      <trkpt lat="43.283420" lon="-2.256440"/>
      <trkpt lat="43.283440" lon="-2.256430"/>
      <trkpt lat="43.283460" lon="-2.256410"/>
      <trkpt lat="43.283480" lon="-2.256390"/>
      <trkpt lat="43.283490" lon="-2.256380"/>
      <trkpt lat="43.283510" lon="-2.256360"/>
      <trkpt lat="43.283540" lon="-2.256330"/>
      <trkpt lat="43.283560" lon="-2.256290"/>
      <trkpt lat="43.283600" lon="-2.256250"/>
      <trkpt lat="43.283630" lon="-2.256210"/>
      <trkpt lat="43.283670" lon="-2.256160"/>
      <trkpt lat="43.283700" lon="-2.256130"/>
      <trkpt lat="43.283750" lon="-2.256070"/>
      <trkpt lat="43.283830" lon="-2.255990"/>
      <trkpt lat="43.283890" lon="-2.255930"/>
      <trkpt lat="43.283950" lon="-2.255880"/>
      <trkpt lat="43.284000" lon="-2.255840"/>
      <trkpt lat="43.284050" lon="-2.255800"/>
      <trkpt lat="43.284090" lon="-2.255770"/>
      <trkpt lat="43.284150" lon="-2.255740"/>
      <trkpt lat="43.284210" lon="-2.255700"/>
      <trkpt lat="43.284270" lon="-2.255670"/>
      <trkpt lat="43.284320" lon="-2.255640"/>
      <trkpt lat="43.284390" lon="-2.255610"/>
      <trkpt lat="43.284440" lon="-2.255600"/>
      <trkpt lat="43.284490" lon="-2.255580"/>
      <trkpt lat="43.284550" lon="-2.255560"/>
      <trkpt lat="43.284600" lon="-2.255550"/>
      <trkpt lat="43.284630" lon="-2.255550"/>
      <trkpt lat="43.284660" lon="-2.255540"/>
      <trkpt lat="43.284700" lon="-2.255540"/>
      <trkpt lat="43.284730" lon="-2.255530"/>
      <trkpt lat="43.284750" lon="-2.255530"/>
      <trkpt lat="43.284790" lon="-2.255530"/>
      <trkpt lat="43.284860" lon="-2.255520"/>
      <trkpt lat="43.284890" lon="-2.255520"/>
      <trkpt lat="43.284920" lon="-2.255520"/>
      <trkpt lat="43.284940" lon="-2.255520"/>
      <trkpt lat="43.284980" lon="-2.255520"/>
      <trkpt lat="43.285060" lon="-2.255520"/>
      <trkpt lat="43.285180" lon="-2.255520"/>
      <trkpt lat="43.285300" lon="-2.255530"/>
      <trkpt lat="43.285380" lon="-2.255530"/>
      <trkpt lat="43.285440" lon="-2.255530"/>
      <trkpt lat="43.285510" lon="-2.255530"/>
      <trkpt lat="43.285560" lon="-2.255530"/>
      <trkpt lat="43.285610" lon="-2.255530"/>
      <trkpt lat="43.285670" lon="-2.255530"/>
      <trkpt lat="43.285710" lon="-2.255530"/>
      <trkpt lat="43.285760" lon="-2.255520"/>
      <trkpt lat="43.285810" lon="-2.255520"/>
      <trkpt lat="43.285860" lon="-2.255510"/>
      <trkpt lat="43.285910" lon="-2.255500"/>
      <trkpt lat="43.285940" lon="-2.255500"/>
      <trkpt lat="43.285980" lon="-2.255490"/>
      <trkpt lat="43.286010" lon="-2.255480"/>
      <trkpt lat="43.286040" lon="-2.255480"/>
      <trkpt lat="43.286110" lon="-2.255460"/>
      <trkpt lat="43.286190" lon="-2.255440"/>
      <trkpt lat="43.286240" lon="-2.255420"/>
      <trkpt lat="43.286280" lon="-2.255410"/>
      <trkpt lat="43.286380" lon="-2.255380"/>
      <trkpt lat="43.288630" lon="-2.254680"/>
      <trkpt lat="43.289260" lon="-2.254490"/>
      <trkpt lat="43.289750" lon="-2.254330"/>
      <trkpt lat="43.289790" lon="-2.254320"/>
      <trkpt lat="43.289830" lon="-2.254300"/>
      <trkpt lat="43.289870" lon="-2.254290"/>
      <trkpt lat="43.289920" lon="-2.254270"/>
      <trkpt lat="43.289960" lon="-2.254250"/>
      <trkpt lat="43.289990" lon="-2.254240"/>
      <trkpt lat="43.290030" lon="-2.254230"/>
      <trkpt lat="43.290100" lon="-2.254200"/>
      <trkpt lat="43.290150" lon="-2.254180"/>
      <trkpt lat="43.290190" lon="-2.254150"/>
      <trkpt lat="43.290230" lon="-2.254130"/>
      <trkpt lat="43.290280" lon="-2.254110"/>
      <trkpt lat="43.290330" lon="-2.254080"/>
      <trkpt lat="43.290390" lon="-2.254040"/>
      <trkpt lat="43.290430" lon="-2.254020"/>
      <trkpt lat="43.290460" lon="-2.254000"/>
      <trkpt lat="43.290500" lon="-2.253980"/>
      <trkpt lat="43.290540" lon="-2.253950"/>
      <trkpt lat="43.290590" lon="-2.253920"/>
      <trkpt lat="43.290620" lon="-2.253890"/>
      <trkpt lat="43.290670" lon="-2.253860"/>
      <trkpt lat="43.290740" lon="-2.253810"/>
      <trkpt lat="43.290850" lon="-2.253730"/>
      <trkpt lat="43.291070" lon="-2.253590"/>
      <trkpt lat="43.291100" lon="-2.253570"/>
      <trkpt lat="43.291130" lon="-2.253550"/>
      <trkpt lat="43.291170" lon="-2.253520"/>
      <trkpt lat="43.291260" lon="-2.253470"/>
      <trkpt lat="43.291300" lon="-2.253440"/>
      <trkpt lat="43.291350" lon="-2.253420"/>
      <trkpt lat="43.291410" lon="-2.253380"/>
      <trkpt lat="43.291480" lon="-2.253350"/>
      <trkpt lat="43.291550" lon="-2.253310"/>
      <trkpt lat="43.291610" lon="-2.253290"/>
      <trkpt lat="43.291660" lon="-2.253270"/>
      <trkpt lat="43.291690" lon="-2.253260"/>
      <trkpt lat="43.291750" lon="-2.253240"/>
      <trkpt lat="43.291810" lon="-2.253220"/>
      <trkpt lat="43.291860" lon="-2.253200"/>
      <trkpt lat="43.291900" lon="-2.253190"/>
      <trkpt lat="43.291930" lon="-2.253180"/>
      <trkpt lat="43.292000" lon="-2.253170"/>
      <trkpt lat="43.292070" lon="-2.253160"/>
      <trkpt lat="43.292130" lon="-2.253150"/>
      <trkpt lat="43.292220" lon="-2.253140"/>
      <trkpt lat="43.292300" lon="-2.253130"/>
      <trkpt lat="43.292360" lon="-2.253120"/>
      <trkpt lat="43.292450" lon="-2.253110"/>
      <trkpt lat="43.292670" lon="-2.253100"/>
      <trkpt lat="43.292880" lon="-2.253060"/>
      <trkpt lat="43.292920" lon="-2.253050"/>
      <trkpt lat="43.292950" lon="-2.253050"/>
      <trkpt lat="43.292980" lon="-2.253040"/>
      <trkpt lat="43.293000" lon="-2.253030"/>
      <trkpt lat="43.293020" lon="-2.253010"/>
      <trkpt lat="43.293040" lon="-2.253000"/>
      <trkpt lat="43.293060" lon="-2.252980"/>
      <trkpt lat="43.293090" lon="-2.252960"/>
      <trkpt lat="43.293110" lon="-2.252940"/>
      <trkpt lat="43.293120" lon="-2.252910"/>
      <trkpt lat="43.293140" lon="-2.252880"/>
      <trkpt lat="43.293160" lon="-2.252850"/>
      <trkpt lat="43.293170" lon="-2.252830"/>
      <trkpt lat="43.293180" lon="-2.252800"/>
      <trkpt lat="43.293180" lon="-2.252780"/>
      <trkpt lat="43.293190" lon="-2.252740"/>
      <trkpt lat="43.293190" lon="-2.252710"/>
      <trkpt lat="43.293190" lon="-2.252680"/>
      <trkpt lat="43.293200" lon="-2.252630"/>
      <trkpt lat="43.293210" lon="-2.252590"/>
      <trkpt lat="43.293220" lon="-2.252550"/>
      <trkpt lat="43.293250" lon="-2.252510"/>
      <trkpt lat="43.293270" lon="-2.252480"/>
      <trkpt lat="43.293300" lon="-2.252450"/>
      <trkpt lat="43.293340" lon="-2.252430"/>
      <trkpt lat="43.293370" lon="-2.252420"/>
      <trkpt lat="43.293400" lon="-2.252410"/>
      <trkpt lat="43.293430" lon="-2.252410"/>
      <trkpt lat="43.293510" lon="-2.252410"/>
      <trkpt lat="43.293530" lon="-2.252410"/>
      <trkpt lat="43.293560" lon="-2.252400"/>
      <trkpt lat="43.293580" lon="-2.252400"/>
      <trkpt lat="43.293600" lon="-2.252390"/>
      <trkpt lat="43.293620" lon="-2.252380"/>
      <trkpt lat="43.293650" lon="-2.252370"/>
      <trkpt lat="43.293680" lon="-2.252350"/>
      <trkpt lat="43.293700" lon="-2.252330"/>
      <trkpt lat="43.293760" lon="-2.252280"/>
      <trkpt lat="43.293770" lon="-2.252270"/>
      <trkpt lat="43.293800" lon="-2.252240"/>
      <trkpt lat="43.293840" lon="-2.252200"/>
      <trkpt lat="43.293860" lon="-2.252180"/>
      <trkpt lat="43.293880" lon="-2.252160"/>
      <trkpt lat="43.293890" lon="-2.252140"/>
      <trkpt lat="43.293910" lon="-2.252130"/>
      <trkpt lat="43.293930" lon="-2.252110"/>
      <trkpt lat="43.293960" lon="-2.252090"/>
      <trkpt lat="43.294020" lon="-2.252050"/>
      <trkpt lat="43.294130" lon="-2.251960"/>
      <trkpt lat="43.295080" lon="-2.251250"/>
      <trkpt lat="43.295140" lon="-2.251200"/>
      <trkpt lat="43.295270" lon="-2.251100"/>
      <trkpt lat="43.295430" lon="-2.250980"/>
      <trkpt lat="43.295480" lon="-2.250930"/>
      <trkpt lat="43.295530" lon="-2.250890"/>
      <trkpt lat="43.295570" lon="-2.250860"/>
      <trkpt lat="43.295590" lon="-2.250840"/>
      <trkpt lat="43.295610" lon="-2.250820"/>
      <trkpt lat="43.295640" lon="-2.250790"/>
      <trkpt lat="43.295670" lon="-2.250760"/>
      <trkpt lat="43.295700" lon="-2.250730"/>
      <trkpt lat="43.295730" lon="-2.250700"/>
      <trkpt lat="43.295750" lon="-2.250670"/>
      <trkpt lat="43.295780" lon="-2.250630"/>
      <trkpt lat="43.295800" lon="-2.250610"/>
      <trkpt lat="43.295830" lon="-2.250580"/>
      <trkpt lat="43.295860" lon="-2.250530"/>
      <trkpt lat="43.295900" lon="-2.250480"/>
      <trkpt lat="43.296200" lon="-2.250080"/>
      <trkpt lat="43.296270" lon="-2.249980"/>
      <trkpt lat="43.296390" lon="-2.249820"/>
      <trkpt lat="43.296640" lon="-2.249480"/>
      <trkpt lat="43.296970" lon="-2.249030"/>
      <trkpt lat="43.297330" lon="-2.248530"/>
      <trkpt lat="43.297840" lon="-2.247840"/>
      <trkpt lat="43.298010" lon="-2.247610"/>
      <trkpt lat="43.298310" lon="-2.247210"/>
      <trkpt lat="43.298470" lon="-2.246950"/>
      <trkpt lat="43.298530" lon="-2.246880"/>
      <trkpt lat="43.298580" lon="-2.246790"/>
      <trkpt lat="43.298620" lon="-2.246750"/>
      <trkpt lat="43.298650" lon="-2.246700"/>
      <trkpt lat="43.298680" lon="-2.246660"/>
      <trkpt lat="43.298710" lon="-2.246620"/>
      <trkpt lat="43.298750" lon="-2.246580"/>
      <trkpt lat="43.298860" lon="-2.246470"/>
      <trkpt lat="43.298900" lon="-2.246440"/>
      <trkpt lat="43.298910" lon="-2.246430"/>
      <trkpt lat="43.298930" lon="-2.246410"/>
      <trkpt lat="43.298960" lon="-2.246390"/>
      <trkpt lat="43.298980" lon="-2.246370"/>
      <trkpt lat="43.299010" lon="-2.246350"/>
      <trkpt lat="43.299040" lon="-2.246340"/>
      <trkpt lat="43.299060" lon="-2.246320"/>
      <trkpt lat="43.299090" lon="-2.246300"/>
      <trkpt lat="43.299140" lon="-2.246280"/>
      <trkpt lat="43.299170" lon="-2.246260"/>
      <trkpt lat="43.299200" lon="-2.246250"/>
      <trkpt lat="43.299210" lon="-2.246240"/>
      <trkpt lat="43.299230" lon="-2.246240"/>
      <trkpt lat="43.299250" lon="-2.246230"/>
      <trkpt lat="43.299260" lon="-2.246230"/>
      <trkpt lat="43.299280" lon="-2.246230"/>
      <trkpt lat="43.299320" lon="-2.246220"/>
      <trkpt lat="43.299340" lon="-2.246220"/>
      <trkpt lat="43.299470" lon="-2.246200"/>
      <trkpt lat="43.299640" lon="-2.246190"/>
      <trkpt lat="43.299750" lon="-2.246190"/>
      <trkpt lat="43.299810" lon="-2.246200"/>
      <trkpt lat="43.299880" lon="-2.246210"/>
      <trkpt lat="43.299940" lon="-2.246230"/>
      <trkpt lat="43.299990" lon="-2.246240"/>
      <trkpt lat="43.300050" lon="-2.246250"/>
      <trkpt lat="43.300110" lon="-2.246260"/>
      <trkpt lat="43.300160" lon="-2.246270"/>
      <trkpt lat="43.300310" lon="-2.246300"/>
      <trkpt lat="43.300390" lon="-2.246310"/>
      <trkpt lat="43.300410" lon="-2.246320"/>
      <trkpt lat="43.300440" lon="-2.246320"/>
      <trkpt lat="43.300460" lon="-2.246320"/>
      <trkpt lat="43.300480" lon="-2.246330"/>
      <trkpt lat="43.300500" lon="-2.246330"/>
      <trkpt lat="43.300530" lon="-2.246330"/>
      <trkpt lat="43.300570" lon="-2.246330"/>
      <trkpt lat="43.300600" lon="-2.246330"/>
      <trkpt lat="43.300630" lon="-2.246330"/>
      <trkpt lat="43.300660" lon="-2.246320"/>
      <trkpt lat="43.300670" lon="-2.246320"/>
      <trkpt lat="43.300690" lon="-2.246320"/>
      <trkpt lat="43.300720" lon="-2.246310"/>
      <trkpt lat="43.300750" lon="-2.246300"/>
      <trkpt lat="43.300780" lon="-2.246290"/>
      <trkpt lat="43.300810" lon="-2.246280"/>
      <trkpt lat="43.300840" lon="-2.246270"/>
      <trkpt lat="43.300870" lon="-2.246260"/>
      <trkpt lat="43.300900" lon="-2.246240"/>
      <trkpt lat="43.300920" lon="-2.246230"/>
      <trkpt lat="43.300950" lon="-2.246210"/>
      <trkpt lat="43.301000" lon="-2.246170"/>
      <trkpt lat="43.301050" lon="-2.246130"/>
      <trkpt lat="43.301660" lon="-2.245560"/>
      <trkpt lat="43.302100" lon="-2.245170"/>
      <trkpt lat="43.302550" lon="-2.244760"/>
      <trkpt lat="43.302930" lon="-2.244410"/>
      <trkpt lat="43.302980" lon="-2.244360"/>
      <trkpt lat="43.303000" lon="-2.244340"/>
      <trkpt lat="43.303020" lon="-2.244320"/>
      <trkpt lat="43.303040" lon="-2.244290"/>
      <trkpt lat="43.303070" lon="-2.244250"/>
      <trkpt lat="43.303100" lon="-2.244210"/>
      <trkpt lat="43.303130" lon="-2.244160"/>
      <trkpt lat="43.303150" lon="-2.244120"/>
      <trkpt lat="43.303170" lon="-2.244060"/>
      <trkpt lat="43.303180" lon="-2.244030"/>
      <trkpt lat="43.303190" lon="-2.244010"/>
      <trkpt lat="43.303200" lon="-2.243980"/>
      <trkpt lat="43.303210" lon="-2.243940"/>
      <trkpt lat="43.303220" lon="-2.243910"/>
      <trkpt lat="43.303230" lon="-2.243860"/>
      <trkpt lat="43.303240" lon="-2.243800"/>
      <trkpt lat="43.303240" lon="-2.243750"/>
      <trkpt lat="43.303250" lon="-2.243710"/>
      <trkpt lat="43.303250" lon="-2.243670"/>
      <trkpt lat="43.303250" lon="-2.243620"/>
      <trkpt lat="43.303250" lon="-2.243470"/>
      <trkpt lat="43.303260" lon="-2.243230"/>
      <trkpt lat="43.303270" lon="-2.241770"/>
      <trkpt lat="43.303270" lon="-2.241450"/>
      <trkpt lat="43.303270" lon="-2.241370"/>
      <trkpt lat="43.303280" lon="-2.241300"/>
      <trkpt lat="43.303280" lon="-2.241220"/>
      <trkpt lat="43.303290" lon="-2.241150"/>
      <trkpt lat="43.303300" lon="-2.241090"/>
      <trkpt lat="43.303310" lon="-2.241030"/>
      <trkpt lat="43.303320" lon="-2.241000"/>
      <trkpt lat="43.303330" lon="-2.240960"/>
      <trkpt lat="43.303340" lon="-2.240930"/>
      <trkpt lat="43.303350" lon="-2.240890"/>
      <trkpt lat="43.303360" lon="-2.240850"/>
      <trkpt lat="43.303370" lon="-2.240820"/>
      <trkpt lat="43.303400" lon="-2.240760"/>
      <trkpt lat="43.303430" lon="-2.240690"/>
      <trkpt lat="43.303460" lon="-2.240620"/>
      <trkpt lat="43.303510" lon="-2.240500"/>
      <trkpt lat="43.303570" lon="-2.240360"/>
      <trkpt lat="43.303630" lon="-2.240230"/>
      <trkpt lat="43.303690" lon="-2.240110"/>
      <trkpt lat="43.303750" lon="-2.239970"/>
      <trkpt lat="43.303810" lon="-2.239830"/>
      <trkpt lat="43.303870" lon="-2.239700"/>
      <trkpt lat="43.303940" lon="-2.239570"/>
      <trkpt lat="43.303970" lon="-2.239500"/>
      <trkpt lat="43.304000" lon="-2.239450"/>
      <trkpt lat="43.304020" lon="-2.239410"/>
      <trkpt lat="43.304040" lon="-2.239380"/>
      <trkpt lat="43.304070" lon="-2.239340"/>
      <trkpt lat="43.304090" lon="-2.239310"/>
      <trkpt lat="43.304130" lon="-2.239260"/>
      <trkpt lat="43.304180" lon="-2.239210"/>
      <trkpt lat="43.304220" lon="-2.239160"/>
      <trkpt lat="43.304270" lon="-2.239120"/>
      <trkpt lat="43.304290" lon="-2.239090"/>
      <trkpt lat="43.304340" lon="-2.239050"/>
      <trkpt lat="43.304360" lon="-2.239030"/>
      <trkpt lat="43.304390" lon="-2.239020"/>
      <trkpt lat="43.304410" lon="-2.239000"/>
      <trkpt lat="43.304440" lon="-2.238980"/>
      <trkpt lat="43.304490" lon="-2.238950"/>
      <trkpt lat="43.304550" lon="-2.238920"/>
      <trkpt lat="43.304590" lon="-2.238900"/>
      <trkpt lat="43.304640" lon="-2.238880"/>
      <trkpt lat="43.304740" lon="-2.238850"/>
      <trkpt lat="43.304780" lon="-2.238840"/>
      <trkpt lat="43.304810" lon="-2.238830"/>
      <trkpt lat="43.304850" lon="-2.238830"/>
      <trkpt lat="43.304900" lon="-2.238820"/>
      <trkpt lat="43.304960" lon="-2.238820"/>
      <trkpt lat="43.305030" lon="-2.238820"/>
      <trkpt lat="43.305080" lon="-2.238830"/>
      <trkpt lat="43.305130" lon="-2.238840"/>
      <trkpt lat="43.305180" lon="-2.238840"/>
      <trkpt lat="43.305250" lon="-2.238860"/>
      <trkpt lat="43.305570" lon="-2.238920"/>
      <trkpt lat="43.305660" lon="-2.238940"/>
      <trkpt lat="43.305720" lon="-2.238950"/>
      <trkpt lat="43.305910" lon="-2.238980"/>
      <trkpt lat="43.306280" lon="-2.239050"/>
      <trkpt lat="43.306950" lon="-2.239180"/>
      <trkpt lat="43.307020" lon="-2.239200"/>
      <trkpt lat="43.307090" lon="-2.239210"/>
      <trkpt lat="43.307110" lon="-2.239210"/>
      <trkpt lat="43.307140" lon="-2.239210"/>
      <trkpt lat="43.307170" lon="-2.239210"/>
      <trkpt lat="43.307190" lon="-2.239210"/>
      <trkpt lat="43.307230" lon="-2.239210"/>
      <trkpt lat="43.307260" lon="-2.239200"/>
      <trkpt lat="43.307280" lon="-2.239200"/>
      <trkpt lat="43.307290" lon="-2.239200"/>
      <trkpt lat="43.307310" lon="-2.239190"/>
      <trkpt lat="43.307330" lon="-2.239190"/>
      <trkpt lat="43.307350" lon="-2.239180"/>
      <trkpt lat="43.307370" lon="-2.239170"/>
      <trkpt lat="43.307390" lon="-2.239160"/>
      <trkpt lat="43.307420" lon="-2.239150"/>
      <trkpt lat="43.307450" lon="-2.239130"/>
      <trkpt lat="43.307480" lon="-2.239110"/>
      <trkpt lat="43.307500" lon="-2.239090"/>
      <trkpt lat="43.307530" lon="-2.239070"/>
      <trkpt lat="43.307550" lon="-2.239050"/>
      <trkpt lat="43.307560" lon="-2.239030"/>
      <trkpt lat="43.307590" lon="-2.239000"/>
      <trkpt lat="43.307610" lon="-2.238990"/>
      <trkpt lat="43.307620" lon="-2.238970"/>
      <trkpt lat="43.307650" lon="-2.238940"/>
      <trkpt lat="43.307660" lon="-2.238910"/>
      <trkpt lat="43.307680" lon="-2.238880"/>
      <trkpt lat="43.307690" lon="-2.238870"/>
      <trkpt lat="43.307700" lon="-2.238850"/>
      <trkpt lat="43.307710" lon="-2.238830"/>
      <trkpt lat="43.307720" lon="-2.238820"/>
      <trkpt lat="43.307730" lon="-2.238800"/>
      <trkpt lat="43.307740" lon="-2.238760"/>
      <trkpt lat="43.307860" lon="-2.238520"/>
      <trkpt lat="43.308080" lon="-2.238020"/>
      <trkpt lat="43.308110" lon="-2.237960"/>
      <trkpt lat="43.308130" lon="-2.237920"/>
      <trkpt lat="43.308130" lon="-2.237900"/>
      <trkpt lat="43.308140" lon="-2.237890"/>
      <trkpt lat="43.308150" lon="-2.237870"/>
      <trkpt lat="43.308150" lon="-2.237850"/>
      <trkpt lat="43.308160" lon="-2.237830"/>
      <trkpt lat="43.308170" lon="-2.237810"/>
      <trkpt lat="43.308180" lon="-2.237770"/>
      <trkpt lat="43.308190" lon="-2.237740"/>
      <trkpt lat="43.308200" lon="-2.237700"/>
      <trkpt lat="43.308200" lon="-2.237670"/>
      <trkpt lat="43.308210" lon="-2.237640"/>
      <trkpt lat="43.308220" lon="-2.237620"/>
      <trkpt lat="43.308220" lon="-2.237590"/>
      <trkpt lat="43.308230" lon="-2.237570"/>
      <trkpt lat="43.308230" lon="-2.237530"/>
      <trkpt lat="43.308240" lon="-2.237500"/>
      <trkpt lat="43.308240" lon="-2.237470"/>
      <trkpt lat="43.308250" lon="-2.237430"/>
      <trkpt lat="43.308260" lon="-2.237370"/>
      <trkpt lat="43.308260" lon="-2.237330"/>
      <trkpt lat="43.308260" lon="-2.237280"/>
      <trkpt lat="43.308270" lon="-2.237240"/>
      <trkpt lat="43.308270" lon="-2.237190"/>
      <trkpt lat="43.308270" lon="-2.237130"/>
      <trkpt lat="43.308270" lon="-2.237070"/>
      <trkpt lat="43.308270" lon="-2.237000"/>
      <trkpt lat="43.308270" lon="-2.236940"/>
      <trkpt lat="43.308260" lon="-2.236890"/>
      <trkpt lat="43.308260" lon="-2.236830"/>
      <trkpt lat="43.308250" lon="-2.236770"/>
      <trkpt lat="43.308230" lon="-2.236580"/>
      <trkpt lat="43.308210" lon="-2.236420"/>
      <trkpt lat="43.308200" lon="-2.236320"/>
      <trkpt lat="43.308190" lon="-2.236240"/>
      <trkpt lat="43.308190" lon="-2.236190"/>
      <trkpt lat="43.308190" lon="-2.236120"/>
      <trkpt lat="43.308190" lon="-2.236060"/>
      <trkpt lat="43.308190" lon="-2.235990"/>
      <trkpt lat="43.308190" lon="-2.235920"/>
      <trkpt lat="43.308190" lon="-2.235850"/>
      <trkpt lat="43.308200" lon="-2.235780"/>
      <trkpt lat="43.308210" lon="-2.235690"/>
      <trkpt lat="43.308220" lon="-2.235600"/>
      <trkpt lat="43.308240" lon="-2.235380"/>
      <trkpt lat="43.308260" lon="-2.235200"/>
      <trkpt lat="43.308280" lon="-2.235000"/>
      <trkpt lat="43.308300" lon="-2.234800"/>
      <trkpt lat="43.308310" lon="-2.234670"/>
      <trkpt lat="43.308320" lon="-2.234570"/>
      <trkpt lat="43.308340" lon="-2.234460"/>
      <trkpt lat="43.308350" lon="-2.234390"/>
      <trkpt lat="43.308360" lon="-2.234320"/>
      <trkpt lat="43.308370" lon="-2.234230"/>
      <trkpt lat="43.308380" lon="-2.234160"/>
      <trkpt lat="43.308400" lon="-2.234080"/>
      <trkpt lat="43.308430" lon="-2.233930"/>
      <trkpt lat="43.308460" lon="-2.233790"/>
      <trkpt lat="43.308470" lon="-2.233720"/>
      <trkpt lat="43.308490" lon="-2.233650"/>
      <trkpt lat="43.308560" lon="-2.233360"/>
      <trkpt lat="43.308600" lon="-2.233220"/>
      <trkpt lat="43.308650" lon="-2.233080"/>
      <trkpt lat="43.308670" lon="-2.233010"/>
      <trkpt lat="43.308690" lon="-2.232940"/>
      <trkpt lat="43.308710" lon="-2.232870"/>
      <trkpt lat="43.308730" lon="-2.232810"/>
      <trkpt lat="43.308750" lon="-2.232760"/>
      <trkpt lat="43.308780" lon="-2.232700"/>
      <trkpt lat="43.308790" lon="-2.232670"/>
      <trkpt lat="43.308800" lon="-2.232620"/>
      <trkpt lat="43.308820" lon="-2.232580"/>
      <trkpt lat="43.308860" lon="-2.232480"/>
      <trkpt lat="43.308900" lon="-2.232400"/>
      <trkpt lat="43.308920" lon="-2.232350"/>
      <trkpt lat="43.308990" lon="-2.232180"/>
      <trkpt lat="43.309130" lon="-2.231890"/>
      <trkpt lat="43.309230" lon="-2.231660"/>
      <trkpt lat="43.309500" lon="-2.231090"/>
      <trkpt lat="43.309520" lon="-2.231050"/>
      <trkpt lat="43.309540" lon="-2.231000"/>
      <trkpt lat="43.309550" lon="-2.230960"/>
      <trkpt lat="43.309560" lon="-2.230930"/>
      <trkpt lat="43.309580" lon="-2.230900"/>
      <trkpt lat="43.309590" lon="-2.230860"/>
      <trkpt lat="43.309600" lon="-2.230830"/>
      <trkpt lat="43.309610" lon="-2.230790"/>
      <trkpt lat="43.309620" lon="-2.230760"/>
      <trkpt lat="43.309630" lon="-2.230720"/>
      <trkpt lat="43.309640" lon="-2.230690"/>
      <trkpt lat="43.309650" lon="-2.230650"/>
      <trkpt lat="43.309670" lon="-2.230580"/>
      <trkpt lat="43.309680" lon="-2.230530"/>
      <trkpt lat="43.309690" lon="-2.230490"/>
      <trkpt lat="43.309700" lon="-2.230450"/>
      <trkpt lat="43.309710" lon="-2.230370"/>
      <trkpt lat="43.309750" lon="-2.230170"/>
      <trkpt lat="43.309850" lon="-2.229620"/>
      <trkpt lat="43.309880" lon="-2.229450"/>
      <trkpt lat="43.309890" lon="-2.229390"/>
      <trkpt lat="43.309890" lon="-2.229350"/>
      <trkpt lat="43.309900" lon="-2.229320"/>
      <trkpt lat="43.309910" lon="-2.229300"/>
      <trkpt lat="43.309910" lon="-2.229280"/>
      <trkpt lat="43.309920" lon="-2.229260"/>
      <trkpt lat="43.309920" lon="-2.229240"/>
      <trkpt lat="43.309930" lon="-2.229220"/>
      <trkpt lat="43.309940" lon="-2.229180"/>
      <trkpt lat="43.309950" lon="-2.229140"/>
      <trkpt lat="43.309970" lon="-2.229120"/>
      <trkpt lat="43.309980" lon="-2.229090"/>
      <trkpt lat="43.310000" lon="-2.229040"/>
      <trkpt lat="43.310040" lon="-2.228950"/>
      <trkpt lat="43.310120" lon="-2.228780"/>
      <trkpt lat="43.310150" lon="-2.228720"/>
      <trkpt lat="43.310160" lon="-2.228680"/>
      <trkpt lat="43.310180" lon="-2.228640"/>
      <trkpt lat="43.310190" lon="-2.228620"/>
      <trkpt lat="43.310200" lon="-2.228600"/>
      <trkpt lat="43.310210" lon="-2.228540"/>
      <trkpt lat="43.310230" lon="-2.228500"/>
      <trkpt lat="43.310240" lon="-2.228470"/>
      <trkpt lat="43.310250" lon="-2.228430"/>
      <trkpt lat="43.310270" lon="-2.228370"/>
      <trkpt lat="43.310270" lon="-2.228330"/>
      <trkpt lat="43.310280" lon="-2.228300"/>
      <trkpt lat="43.310290" lon="-2.228270"/>
      <trkpt lat="43.310290" lon="-2.228240"/>
      <trkpt lat="43.310300" lon="-2.228210"/>
      <trkpt lat="43.310300" lon="-2.228180"/>
      <trkpt lat="43.310300" lon="-2.228150"/>
      <trkpt lat="43.310310" lon="-2.228110"/>
      <trkpt lat="43.310310" lon="-2.228080"/>
      <trkpt lat="43.310310" lon="-2.228050"/>
      <trkpt lat="43.310310" lon="-2.228020"/>
      <trkpt lat="43.310310" lon="-2.227980"/>
      <trkpt lat="43.310310" lon="-2.227940"/>
      <trkpt lat="43.310310" lon="-2.227890"/>
      <trkpt lat="43.310300" lon="-2.227840"/>
      <trkpt lat="43.310300" lon="-2.227780"/>
      <trkpt lat="43.310250" lon="-2.227240"/>
      <trkpt lat="43.310240" lon="-2.227120"/>
      <trkpt lat="43.310210" lon="-2.226800"/>
      <trkpt lat="43.310210" lon="-2.226700"/>
      <trkpt lat="43.310200" lon="-2.226650"/>
      <trkpt lat="43.310200" lon="-2.226610"/>
      <trkpt lat="43.310190" lon="-2.226580"/>
      <trkpt lat="43.310190" lon="-2.226550"/>
      <trkpt lat="43.310190" lon="-2.226520"/>
      <trkpt lat="43.310180" lon="-2.226490"/>
      <trkpt lat="43.310180" lon="-2.226470"/>
      <trkpt lat="43.310170" lon="-2.226440"/>
      <trkpt lat="43.310170" lon="-2.226410"/>
      <trkpt lat="43.310170" lon="-2.226400"/>
      <trkpt lat="43.310160" lon="-2.226380"/>
      <trkpt lat="43.310150" lon="-2.226340"/>
      <trkpt lat="43.310150" lon="-2.226310"/>
      <trkpt lat="43.310130" lon="-2.226240"/>
      <trkpt lat="43.310120" lon="-2.226200"/>
      <trkpt lat="43.310100" lon="-2.226110"/>
      <trkpt lat="43.310070" lon="-2.226010"/>
      <trkpt lat="43.309850" lon="-2.225260"/>
      <trkpt lat="43.309790" lon="-2.225040"/>
      <trkpt lat="43.309770" lon="-2.224960"/>
      <trkpt lat="43.309750" lon="-2.224890"/>
      <trkpt lat="43.309730" lon="-2.224800"/>
      <trkpt lat="43.309710" lon="-2.224700"/>
      <trkpt lat="43.309700" lon="-2.224620"/>
      <trkpt lat="43.309690" lon="-2.224540"/>
      <trkpt lat="43.309680" lon="-2.224480"/>
      <trkpt lat="43.309680" lon="-2.224410"/>
      <trkpt lat="43.309670" lon="-2.224260"/>
      <trkpt lat="43.309670" lon="-2.224170"/>
      <trkpt lat="43.309670" lon="-2.224100"/>
      <trkpt lat="43.309670" lon="-2.224050"/>
      <trkpt lat="43.309670" lon="-2.224000"/>
      <trkpt lat="43.309680" lon="-2.223940"/>
      <trkpt lat="43.309680" lon="-2.223870"/>
      <trkpt lat="43.309690" lon="-2.223800"/>
      <trkpt lat="43.309710" lon="-2.223660"/>
      <trkpt lat="43.309720" lon="-2.223590"/>
      <trkpt lat="43.309720" lon="-2.223510"/>
      <trkpt lat="43.309720" lon="-2.223470"/>
      <trkpt lat="43.309720" lon="-2.223410"/>
      <trkpt lat="43.309720" lon="-2.223360"/>
      <trkpt lat="43.309720" lon="-2.223310"/>
      <trkpt lat="43.309720" lon="-2.223260"/>
      <trkpt lat="43.309720" lon="-2.223200"/>
      <trkpt lat="43.309710" lon="-2.223140"/>
      <trkpt lat="43.309710" lon="-2.223100"/>
      <trkpt lat="43.309700" lon="-2.223050"/>
      <trkpt lat="43.309690" lon="-2.223010"/>
      <trkpt lat="43.309680" lon="-2.222960"/>
      <trkpt lat="43.309670" lon="-2.222910"/>
      <trkpt lat="43.309660" lon="-2.222860"/>
      <trkpt lat="43.309650" lon="-2.222810"/>
      <trkpt lat="43.309640" lon="-2.222770"/>
      <trkpt lat="43.309620" lon="-2.222730"/>
      <trkpt lat="43.309610" lon="-2.222700"/>
      <trkpt lat="43.309600" lon="-2.222660"/>
      <trkpt lat="43.309580" lon="-2.222630"/>
      <trkpt lat="43.309560" lon="-2.222600"/>
      <trkpt lat="43.309540" lon="-2.222570"/>
      <trkpt lat="43.309360" lon="-2.222270"/>
      <trkpt lat="43.309320" lon="-2.222200"/>
      <trkpt lat="43.309280" lon="-2.222110"/>
      <trkpt lat="43.309240" lon="-2.222030"/>
      <trkpt lat="43.309200" lon="-2.221940"/>
      <trkpt lat="43.309160" lon="-2.221860"/>
      <trkpt lat="43.309130" lon="-2.221780"/>
      <trkpt lat="43.309090" lon="-2.221670"/>
      <trkpt lat="43.309080" lon="-2.221630"/>
      <trkpt lat="43.309060" lon="-2.221600"/>
      <trkpt lat="43.309050" lon="-2.221570"/>
      <trkpt lat="43.309040" lon="-2.221540"/>
      <trkpt lat="43.309030" lon="-2.221500"/>
      <trkpt lat="43.309020" lon="-2.221460"/>
      <trkpt lat="43.309010" lon="-2.221420"/>
      <trkpt lat="43.309000" lon="-2.221380"/>
      <trkpt lat="43.308990" lon="-2.221310"/>
      <trkpt lat="43.308980" lon="-2.221270"/>
      <trkpt lat="43.308980" lon="-2.221230"/>
      <trkpt lat="43.308970" lon="-2.221180"/>
      <trkpt lat="43.308960" lon="-2.221130"/>
      <trkpt lat="43.308950" lon="-2.221060"/>
      <trkpt lat="43.308950" lon="-2.220980"/>
      <trkpt lat="43.308940" lon="-2.220910"/>
      <trkpt lat="43.308940" lon="-2.220830"/>
      <trkpt lat="43.308930" lon="-2.220760"/>
      <trkpt lat="43.308880" lon="-2.219240"/>
      <trkpt lat="43.308860" lon="-2.218680"/>
      <trkpt lat="43.308850" lon="-2.218460"/>
      <trkpt lat="43.308850" lon="-2.218250"/>
      <trkpt lat="43.308840" lon="-2.218060"/>
      <trkpt lat="43.308830" lon="-2.217930"/>
      <trkpt lat="43.308820" lon="-2.217800"/>
      <trkpt lat="43.308810" lon="-2.217630"/>
      <trkpt lat="43.308800" lon="-2.217560"/>
      <trkpt lat="43.308790" lon="-2.217490"/>
      <trkpt lat="43.308790" lon="-2.217440"/>
      <trkpt lat="43.308780" lon="-2.217360"/>
      <trkpt lat="43.308770" lon="-2.217280"/>
      <trkpt lat="43.308760" lon="-2.217210"/>
      <trkpt lat="43.308750" lon="-2.217150"/>
      <trkpt lat="43.308730" lon="-2.217070"/>
      <trkpt lat="43.308720" lon="-2.216990"/>
      <trkpt lat="43.308700" lon="-2.216900"/>
      <trkpt lat="43.308680" lon="-2.216810"/>
      <trkpt lat="43.308660" lon="-2.216720"/>
      <trkpt lat="43.308640" lon="-2.216640"/>
      <trkpt lat="43.308620" lon="-2.216560"/>
      <trkpt lat="43.308600" lon="-2.216490"/>
      <trkpt lat="43.308570" lon="-2.216390"/>
      <trkpt lat="43.308550" lon="-2.216330"/>
      <trkpt lat="43.308540" lon="-2.216280"/>
      <trkpt lat="43.308520" lon="-2.216220"/>
      <trkpt lat="43.308500" lon="-2.216160"/>
      <trkpt lat="43.308480" lon="-2.216110"/>
      <trkpt lat="43.308460" lon="-2.216080"/>
      <trkpt lat="43.308440" lon="-2.216040"/>
      <trkpt lat="43.308430" lon="-2.216020"/>
      <trkpt lat="43.308420" lon="-2.215990"/>
      <trkpt lat="43.308400" lon="-2.215960"/>
      <trkpt lat="43.308370" lon="-2.215910"/>
      <trkpt lat="43.308340" lon="-2.215860"/>
      <trkpt lat="43.308310" lon="-2.215820"/>
      <trkpt lat="43.308280" lon="-2.215790"/>
      <trkpt lat="43.308250" lon="-2.215760"/>
      <trkpt lat="43.308230" lon="-2.215740"/>
      <trkpt lat="43.308190" lon="-2.215700"/>
      <trkpt lat="43.308160" lon="-2.215680"/>
      <trkpt lat="43.307770" lon="-2.215380"/>
      <trkpt lat="43.307390" lon="-2.215100"/>
      <trkpt lat="43.307340" lon="-2.215060"/>
      <trkpt lat="43.307310" lon="-2.215040"/>
      <trkpt lat="43.307290" lon="-2.215030"/>
      <trkpt lat="43.307270" lon="-2.215010"/>
      <trkpt lat="43.307250" lon="-2.214990"/>
      <trkpt lat="43.307230" lon="-2.214970"/>
      <trkpt lat="43.307200" lon="-2.214940"/>
      <trkpt lat="43.307160" lon="-2.214910"/>
      <trkpt lat="43.307130" lon="-2.214870"/>
      <trkpt lat="43.307110" lon="-2.214840"/>
      <trkpt lat="43.307090" lon="-2.214820"/>
      <trkpt lat="43.307080" lon="-2.214800"/>
      <trkpt lat="43.307060" lon="-2.214770"/>
      <trkpt lat="43.307040" lon="-2.214750"/>
      <trkpt lat="43.307030" lon="-2.214720"/>
      <trkpt lat="43.307010" lon="-2.214690"/>
      <trkpt lat="43.307000" lon="-2.214670"/>
      <trkpt lat="43.306980" lon="-2.214640"/>
      <trkpt lat="43.306970" lon="-2.214620"/>
      <trkpt lat="43.306950" lon="-2.214570"/>
      <trkpt lat="43.306920" lon="-2.214510"/>
      <trkpt lat="43.306910" lon="-2.214480"/>
      <trkpt lat="43.306900" lon="-2.214450"/>
      <trkpt lat="43.306890" lon="-2.214410"/>
      <trkpt lat="43.306870" lon="-2.214360"/>
      <trkpt lat="43.306860" lon="-2.214310"/>
      <trkpt lat="43.306840" lon="-2.214250"/>
      <trkpt lat="43.306840" lon="-2.214210"/>
      <trkpt lat="43.306830" lon="-2.214160"/>
      <trkpt lat="43.306820" lon="-2.214120"/>
      <trkpt lat="43.306820" lon="-2.214090"/>
      <trkpt lat="43.306820" lon="-2.214060"/>
      <trkpt lat="43.306810" lon="-2.214010"/>
      <trkpt lat="43.306810" lon="-2.213970"/>
      <trkpt lat="43.306810" lon="-2.213940"/>
      <trkpt lat="43.306810" lon="-2.213910"/>
      <trkpt lat="43.306810" lon="-2.213880"/>
      <trkpt lat="43.306810" lon="-2.213840"/>
      <trkpt lat="43.306810" lon="-2.213810"/>
      <trkpt lat="43.306810" lon="-2.213780"/>
      <trkpt lat="43.306810" lon="-2.213740"/>
      <trkpt lat="43.306820" lon="-2.213680"/>
      <trkpt lat="43.306830" lon="-2.213630"/>
      <trkpt lat="43.306830" lon="-2.213590"/>
      <trkpt lat="43.306850" lon="-2.213380"/>
      <trkpt lat="43.306870" lon="-2.213190"/>
      <trkpt lat="43.306880" lon="-2.213140"/>
      <trkpt lat="43.306880" lon="-2.213090"/>
      <trkpt lat="43.306890" lon="-2.213050"/>
      <trkpt lat="43.306890" lon="-2.213020"/>
      <trkpt lat="43.306890" lon="-2.212980"/>
      <trkpt lat="43.306890" lon="-2.212950"/>
      <trkpt lat="43.306890" lon="-2.212920"/>
      <trkpt lat="43.306890" lon="-2.212890"/>
      <trkpt lat="43.306880" lon="-2.212870"/>
      <trkpt lat="43.306880" lon="-2.212840"/>
      <trkpt lat="43.306880" lon="-2.212810"/>
      <trkpt lat="43.306870" lon="-2.212780"/>
      <trkpt lat="43.306870" lon="-2.212750"/>
      <trkpt lat="43.306860" lon="-2.212700"/>
      <trkpt lat="43.306850" lon="-2.212660"/>
      <trkpt lat="43.306840" lon="-2.212630"/>
      <trkpt lat="43.306830" lon="-2.212610"/>
      <trkpt lat="43.306820" lon="-2.212580"/>
      <trkpt lat="43.306810" lon="-2.212550"/>
      <trkpt lat="43.306800" lon="-2.212520"/>
      <trkpt lat="43.306790" lon="-2.212500"/>
      <trkpt lat="43.306780" lon="-2.212480"/>
      <trkpt lat="43.306770" lon="-2.212450"/>
      <trkpt lat="43.306760" lon="-2.212430"/>
      <trkpt lat="43.306750" lon="-2.212400"/>
      <trkpt lat="43.306730" lon="-2.212370"/>
      <trkpt lat="43.306690" lon="-2.212310"/>
      <trkpt lat="43.306660" lon="-2.212250"/>
      <trkpt lat="43.306300" lon="-2.211660"/>
      <trkpt lat="43.306140" lon="-2.211390"/>
      <trkpt lat="43.305880" lon="-2.210960"/>
      <trkpt lat="43.305860" lon="-2.210910"/>
      <trkpt lat="43.305830" lon="-2.210870"/>
      <trkpt lat="43.305820" lon="-2.210840"/>
      <trkpt lat="43.305800" lon="-2.210820"/>
      <trkpt lat="43.305790" lon="-2.210790"/>
      <trkpt lat="43.305770" lon="-2.210760"/>
      <trkpt lat="43.305760" lon="-2.210720"/>
      <trkpt lat="43.305750" lon="-2.210680"/>
      <trkpt lat="43.305740" lon="-2.210650"/>
      <trkpt lat="43.305720" lon="-2.210610"/>
      <trkpt lat="43.305710" lon="-2.210580"/>
      <trkpt lat="43.305710" lon="-2.210550"/>
      <trkpt lat="43.305700" lon="-2.210530"/>
      <trkpt lat="43.305690" lon="-2.210500"/>
      <trkpt lat="43.305690" lon="-2.210470"/>
      <trkpt lat="43.305690" lon="-2.210440"/>
      <trkpt lat="43.305680" lon="-2.210410"/>
      <trkpt lat="43.305680" lon="-2.210380"/>
      <trkpt lat="43.305680" lon="-2.210340"/>
      <trkpt lat="43.305680" lon="-2.210300"/>
      <trkpt lat="43.305680" lon="-2.210200"/>
      <trkpt lat="43.305680" lon="-2.210150"/>
      <trkpt lat="43.305680" lon="-2.210110"/>
      <trkpt lat="43.305690" lon="-2.209830"/>
      <trkpt lat="43.305690" lon="-2.209790"/>
      <trkpt lat="43.305690" lon="-2.209740"/>
      <trkpt lat="43.305700" lon="-2.209680"/>
      <trkpt lat="43.305700" lon="-2.209620"/>
      <trkpt lat="43.305710" lon="-2.209570"/>
      <trkpt lat="43.305710" lon="-2.209530"/>
      <trkpt lat="43.305720" lon="-2.209500"/>
      <trkpt lat="43.305720" lon="-2.209480"/>
      <trkpt lat="43.305720" lon="-2.209460"/>
      <trkpt lat="43.305720" lon="-2.209440"/>
      <trkpt lat="43.305720" lon="-2.209410"/>
      <trkpt lat="43.305720" lon="-2.209400"/>
      <trkpt lat="43.305720" lon="-2.209380"/>
      <trkpt lat="43.305720" lon="-2.209360"/>
      <trkpt lat="43.305720" lon="-2.209340"/>
      <trkpt lat="43.305710" lon="-2.209320"/>
      <trkpt lat="43.305710" lon="-2.209310"/>
      <trkpt lat="43.305710" lon="-2.209290"/>
      <trkpt lat="43.305710" lon="-2.209260"/>
      <trkpt lat="43.305700" lon="-2.209230"/>
      <trkpt lat="43.305690" lon="-2.209200"/>
      <trkpt lat="43.305690" lon="-2.209160"/>
      <trkpt lat="43.305680" lon="-2.209130"/>
      <trkpt lat="43.305670" lon="-2.209110"/>
      <trkpt lat="43.305660" lon="-2.209080"/>
      <trkpt lat="43.305650" lon="-2.209050"/>
      <trkpt lat="43.305630" lon="-2.209020"/>
      <trkpt lat="43.305620" lon="-2.208990"/>
      <trkpt lat="43.305610" lon="-2.208950"/>
      <trkpt lat="43.305590" lon="-2.208920"/>
      <trkpt lat="43.305580" lon="-2.208880"/>
      <trkpt lat="43.305560" lon="-2.208850"/>
      <trkpt lat="43.305540" lon="-2.208810"/>
      <trkpt lat="43.305530" lon="-2.208780"/>
      <trkpt lat="43.305510" lon="-2.208760"/>
      <trkpt lat="43.305490" lon="-2.208730"/>
      <trkpt lat="43.305470" lon="-2.208700"/>
      <trkpt lat="43.305450" lon="-2.208680"/>
      <trkpt lat="43.305430" lon="-2.208650"/>
      <trkpt lat="43.305400" lon="-2.208630"/>
      <trkpt lat="43.305380" lon="-2.208610"/>
      <trkpt lat="43.305360" lon="-2.208590"/>
      <trkpt lat="43.305340" lon="-2.208580"/>
      <trkpt lat="43.305310" lon="-2.208550"/>
      <trkpt lat="43.305270" lon="-2.208530"/>
      <trkpt lat="43.305240" lon="-2.208510"/>
      <trkpt lat="43.305210" lon="-2.208500"/>
      <trkpt lat="43.305180" lon="-2.208480"/>
      <trkpt lat="43.305130" lon="-2.208450"/>
      <trkpt lat="43.305070" lon="-2.208430"/>
      <trkpt lat="43.305010" lon="-2.208400"/>
      <trkpt lat="43.304960" lon="-2.208380"/>
      <trkpt lat="43.304550" lon="-2.208220"/>
      <trkpt lat="43.304420" lon="-2.208170"/>
      <trkpt lat="43.304370" lon="-2.208150"/>
      <trkpt lat="43.304340" lon="-2.208140"/>
      <trkpt lat="43.304320" lon="-2.208140"/>
      <trkpt lat="43.304320" lon="-2.208070"/>
      <trkpt lat="43.304320" lon="-2.208050"/>
      <trkpt lat="43.304320" lon="-2.208020"/>
      <trkpt lat="43.304320" lon="-2.208000"/>
      <trkpt lat="43.304320" lon="-2.207980"/>
      <trkpt lat="43.304330" lon="-2.207960"/>
      <trkpt lat="43.304330" lon="-2.207940"/>
      <trkpt lat="43.304340" lon="-2.207910"/>
      <trkpt lat="43.304350" lon="-2.207890"/>
      <trkpt lat="43.304360" lon="-2.207870"/>
      <trkpt lat="43.304360" lon="-2.207850"/>
      <trkpt lat="43.304360" lon="-2.207830"/>
      <trkpt lat="43.304370" lon="-2.207800"/>
      <trkpt lat="43.304370" lon="-2.207790"/>
      <trkpt lat="43.304360" lon="-2.207770"/>
      <trkpt lat="43.304360" lon="-2.207760"/>
      <trkpt lat="43.304360" lon="-2.207740"/>
      <trkpt lat="43.304350" lon="-2.207720"/>
      <trkpt lat="43.304340" lon="-2.207700"/>
      <trkpt lat="43.304340" lon="-2.207680"/>
      <trkpt lat="43.304330" lon="-2.207670"/>
      <trkpt lat="43.304320" lon="-2.207650"/>
      <trkpt lat="43.304300" lon="-2.207640"/>
      <trkpt lat="43.304290" lon="-2.207630"/>
      <trkpt lat="43.304280" lon="-2.207620"/>
      <trkpt lat="43.304270" lon="-2.207610"/>
      <trkpt lat="43.304250" lon="-2.207600"/>
      <trkpt lat="43.304240" lon="-2.207600"/>
      <trkpt lat="43.304160" lon="-2.207570"/>
      <trkpt lat="43.304100" lon="-2.207540"/>
      <trkpt lat="43.304070" lon="-2.207530"/>
      <trkpt lat="43.304040" lon="-2.207510"/>
      <trkpt lat="43.304000" lon="-2.207490"/>
      <trkpt lat="43.303970" lon="-2.207480"/>
      <trkpt lat="43.303950" lon="-2.207470"/>
      <trkpt lat="43.303920" lon="-2.207450"/>
      <trkpt lat="43.303890" lon="-2.207430"/>
      <trkpt lat="43.303860" lon="-2.207410"/>
      <trkpt lat="43.303830" lon="-2.207390"/>
      <trkpt lat="43.303810" lon="-2.207380"/>
      <trkpt lat="43.303780" lon="-2.207360"/>
      <trkpt lat="43.303750" lon="-2.207330"/>
      <trkpt lat="43.303700" lon="-2.207300"/>
      <trkpt lat="43.303680" lon="-2.207290"/>
      <trkpt lat="43.303670" lon="-2.207280"/>
      <trkpt lat="43.303650" lon="-2.207260"/>
      <trkpt lat="43.303620" lon="-2.207240"/>
      <trkpt lat="43.303590" lon="-2.207210"/>
      <trkpt lat="43.303560" lon="-2.207190"/>
      <trkpt lat="43.303550" lon="-2.207170"/>
      <trkpt lat="43.303530" lon="-2.207160"/>
      <trkpt lat="43.303520" lon="-2.207140"/>
      <trkpt lat="43.303510" lon="-2.207130"/>
      <trkpt lat="43.303490" lon="-2.207110"/>
      <trkpt lat="43.303480" lon="-2.207090"/>
      <trkpt lat="43.303460" lon="-2.207070"/>
      <trkpt lat="43.303450" lon="-2.207050"/>
      <trkpt lat="43.303430" lon="-2.207030"/>
      <trkpt lat="43.303420" lon="-2.207000"/>
      <trkpt lat="43.303400" lon="-2.206970"/>
      <trkpt lat="43.303380" lon="-2.206930"/>
      <trkpt lat="43.303370" lon="-2.206900"/>
      <trkpt lat="43.303360" lon="-2.206860"/>
      <trkpt lat="43.303350" lon="-2.206840"/>
      <trkpt lat="43.303340" lon="-2.206800"/>
      <trkpt lat="43.303330" lon="-2.206760"/>
      <trkpt lat="43.303310" lon="-2.206720"/>
      <trkpt lat="43.303310" lon="-2.206680"/>
      <trkpt lat="43.303300" lon="-2.206640"/>
      <trkpt lat="43.303290" lon="-2.206610"/>
      <trkpt lat="43.303290" lon="-2.206590"/>
      <trkpt lat="43.303290" lon="-2.206560"/>
      <trkpt lat="43.303290" lon="-2.206540"/>
      <trkpt lat="43.303290" lon="-2.206520"/>
      <trkpt lat="43.303290" lon="-2.206480"/>
      <trkpt lat="43.303290" lon="-2.206450"/>
      <trkpt lat="43.303290" lon="-2.206420"/>
      <trkpt lat="43.303290" lon="-2.206390"/>
      <trkpt lat="43.303290" lon="-2.206350"/>
      <trkpt lat="43.303290" lon="-2.206320"/>
      <trkpt lat="43.303300" lon="-2.206290"/>
      <trkpt lat="43.303300" lon="-2.206260"/>
      <trkpt lat="43.303310" lon="-2.206240"/>
      <trkpt lat="43.303320" lon="-2.206190"/>
      <trkpt lat="43.303330" lon="-2.206140"/>
      <trkpt lat="43.303340" lon="-2.206100"/>
      <trkpt lat="43.303350" lon="-2.206060"/>
      <trkpt lat="43.303370" lon="-2.206020"/>
      <trkpt lat="43.303380" lon="-2.205970"/>
      <trkpt lat="43.303580" lon="-2.205410"/>
      <trkpt lat="43.303610" lon="-2.205330"/>
      <trkpt lat="43.303620" lon="-2.205300"/>
      <trkpt lat="43.303640" lon="-2.205260"/>
      <trkpt lat="43.303650" lon="-2.205220"/>
      <trkpt lat="43.303670" lon="-2.205190"/>
      <trkpt lat="43.303690" lon="-2.205160"/>
      <trkpt lat="43.303710" lon="-2.205140"/>
      <trkpt lat="43.303720" lon="-2.205120"/>
      <trkpt lat="43.303740" lon="-2.205090"/>
      <trkpt lat="43.303770" lon="-2.205060"/>
      <trkpt lat="43.303800" lon="-2.205030"/>
      <trkpt lat="43.303820" lon="-2.205000"/>
      <trkpt lat="43.303850" lon="-2.204980"/>
      <trkpt lat="43.303870" lon="-2.204960"/>
      <trkpt lat="43.303900" lon="-2.204950"/>
      <trkpt lat="43.303940" lon="-2.204930"/>
      <trkpt lat="43.303980" lon="-2.204910"/>
      <trkpt lat="43.304020" lon="-2.204900"/>
      <trkpt lat="43.304070" lon="-2.204880"/>
      <trkpt lat="43.304140" lon="-2.204860"/>
      <trkpt lat="43.304160" lon="-2.204860"/>
      <trkpt lat="43.304180" lon="-2.204860"/>
      <trkpt lat="43.304200" lon="-2.204860"/>
      <trkpt lat="43.304210" lon="-2.204860"/>
      <trkpt lat="43.304230" lon="-2.204860"/>
      <trkpt lat="43.304250" lon="-2.204860"/>
      <trkpt lat="43.304260" lon="-2.204870"/>
      <trkpt lat="43.304310" lon="-2.204880"/>
      <trkpt lat="43.304390" lon="-2.204900"/>
      <trkpt lat="43.304440" lon="-2.204910"/>
      <trkpt lat="43.304470" lon="-2.204920"/>
      <trkpt lat="43.304500" lon="-2.204920"/>
      <trkpt lat="43.304530" lon="-2.204930"/>
      <trkpt lat="43.304560" lon="-2.204930"/>
      <trkpt lat="43.304590" lon="-2.204930"/>
      <trkpt lat="43.304620" lon="-2.204920"/>
      <trkpt lat="43.304640" lon="-2.204920"/>
      <trkpt lat="43.304660" lon="-2.204920"/>
      <trkpt lat="43.304690" lon="-2.204910"/>
      <trkpt lat="43.304720" lon="-2.204900"/>
      <trkpt lat="43.304740" lon="-2.204890"/>
      <trkpt lat="43.304770" lon="-2.204880"/>
      <trkpt lat="43.304790" lon="-2.204860"/>
      <trkpt lat="43.304820" lon="-2.204840"/>
      <trkpt lat="43.304920" lon="-2.204760"/>
      <trkpt lat="43.304940" lon="-2.204740"/>
      <trkpt lat="43.305050" lon="-2.204650"/>
      <trkpt lat="43.305770" lon="-2.203990"/>
      <trkpt lat="43.305850" lon="-2.203910"/>
      <trkpt lat="43.306380" lon="-2.203430"/>
      <trkpt lat="43.306600" lon="-2.203230"/>
      <trkpt lat="43.306720" lon="-2.203130"/>
      <trkpt lat="43.306730" lon="-2.203110"/>
      <trkpt lat="43.306740" lon="-2.203100"/>
      <trkpt lat="43.306750" lon="-2.203090"/>
      <trkpt lat="43.306760" lon="-2.203070"/>
      <trkpt lat="43.306780" lon="-2.203050"/>
      <trkpt lat="43.306780" lon="-2.203030"/>
      <trkpt lat="43.306790" lon="-2.203000"/>
      <trkpt lat="43.306790" lon="-2.202980"/>
      <trkpt lat="43.306790" lon="-2.202960"/>
      <trkpt lat="43.306790" lon="-2.202930"/>
      <trkpt lat="43.306790" lon="-2.202910"/>
      <trkpt lat="43.306780" lon="-2.202880"/>
      <trkpt lat="43.306770" lon="-2.202830"/>
      <trkpt lat="43.306760" lon="-2.202780"/>
      <trkpt lat="43.306740" lon="-2.202700"/>
      <trkpt lat="43.306710" lon="-2.202590"/>
      <trkpt lat="43.306700" lon="-2.202530"/>
      <trkpt lat="43.306690" lon="-2.202510"/>
      <trkpt lat="43.306670" lon="-2.202400"/>
      <trkpt lat="43.306660" lon="-2.202350"/>
      <trkpt lat="43.306650" lon="-2.202300"/>
      <trkpt lat="43.306640" lon="-2.202250"/>
      <trkpt lat="43.306630" lon="-2.202210"/>
      <trkpt lat="43.306620" lon="-2.202170"/>
      <trkpt lat="43.306620" lon="-2.202140"/>
      <trkpt lat="43.306610" lon="-2.202120"/>
      <trkpt lat="43.306610" lon="-2.202110"/>
      <trkpt lat="43.306600" lon="-2.202080"/>
      <trkpt lat="43.306590" lon="-2.202040"/>
      <trkpt lat="43.306580" lon="-2.202010"/>
      <trkpt lat="43.306560" lon="-2.201950"/>
      <trkpt lat="43.306550" lon="-2.201890"/>
      <trkpt lat="43.306530" lon="-2.201840"/>
      <trkpt lat="43.306510" lon="-2.201810"/>
      <trkpt lat="43.306510" lon="-2.201790"/>
      <trkpt lat="43.306500" lon="-2.201780"/>
      <trkpt lat="43.306490" lon="-2.201760"/>
      <trkpt lat="43.306480" lon="-2.201760"/>
      <trkpt lat="43.306470" lon="-2.201750"/>
      <trkpt lat="43.306460" lon="-2.201750"/>
      <trkpt lat="43.306450" lon="-2.201750"/>
      <trkpt lat="43.306440" lon="-2.201750"/>
      <trkpt lat="43.306430" lon="-2.201750"/>
      <trkpt lat="43.306410" lon="-2.201750"/>
      <trkpt lat="43.306400" lon="-2.201760"/>
      <trkpt lat="43.306390" lon="-2.201770"/>
      <trkpt lat="43.306380" lon="-2.201780"/>
      <trkpt lat="43.306380" lon="-2.201780"/>
      <trkpt lat="43.306360" lon="-2.201790"/>
      <trkpt lat="43.306350" lon="-2.201800"/>
      <trkpt lat="43.306030" lon="-2.202080"/>
      <trkpt lat="43.305640" lon="-2.202430"/>
      <trkpt lat="43.305450" lon="-2.202600"/>
      <trkpt lat="43.305370" lon="-2.202670"/>
      <trkpt lat="43.305310" lon="-2.202720"/>
      <trkpt lat="43.305270" lon="-2.202750"/>
      <trkpt lat="43.305260" lon="-2.202770"/>
      <trkpt lat="43.305220" lon="-2.202790"/>
      <trkpt lat="43.305190" lon="-2.202810"/>
      <trkpt lat="43.305170" lon="-2.202830"/>
      <trkpt lat="43.305140" lon="-2.202840"/>
      <trkpt lat="43.305120" lon="-2.202850"/>
      <trkpt lat="43.305100" lon="-2.202860"/>
      <trkpt lat="43.305080" lon="-2.202870"/>
      <trkpt lat="43.305070" lon="-2.202870"/>
      <trkpt lat="43.305050" lon="-2.202880"/>
      <trkpt lat="43.305030" lon="-2.202880"/>
      <trkpt lat="43.305020" lon="-2.202880"/>
      <trkpt lat="43.305010" lon="-2.202880"/>
      <trkpt lat="43.304990" lon="-2.202880"/>
      <trkpt lat="43.304980" lon="-2.202870"/>
      <trkpt lat="43.304930" lon="-2.202970"/>
      <trkpt lat="43.304900" lon="-2.203010"/>
      <trkpt lat="43.304890" lon="-2.203020"/>
      <trkpt lat="43.304890" lon="-2.203020"/>
      <trkpt lat="43.304880" lon="-2.203030"/>
      <trkpt lat="43.304870" lon="-2.203030"/>
      <trkpt lat="43.304860" lon="-2.203030"/>
      <trkpt lat="43.304860" lon="-2.203030"/>
      <trkpt lat="43.304850" lon="-2.203020"/>
      <trkpt lat="43.304840" lon="-2.203020"/>
      <trkpt lat="43.304820" lon="-2.203000"/>
      <trkpt lat="43.304410" lon="-2.202640"/>
      <trkpt lat="43.304400" lon="-2.202630"/>
      <trkpt lat="43.304390" lon="-2.202630"/>
      <trkpt lat="43.304390" lon="-2.202630"/>
      <trkpt lat="43.304380" lon="-2.202630"/>
      <trkpt lat="43.304370" lon="-2.202630"/>
      <trkpt lat="43.304370" lon="-2.202640"/>
      <trkpt lat="43.304360" lon="-2.202650"/>
      <trkpt lat="43.304360" lon="-2.202660"/>
      <trkpt lat="43.304360" lon="-2.202660"/>
      <trkpt lat="43.304360" lon="-2.202670"/>
      <trkpt lat="43.304360" lon="-2.202680"/>
      <trkpt lat="43.304360" lon="-2.202690"/>
      <trkpt lat="43.304370" lon="-2.202700"/>
      <trkpt lat="43.304370" lon="-2.202710"/>
      <trkpt lat="43.304380" lon="-2.202720"/>
      <trkpt lat="43.304730" lon="-2.203040"/>
      <trkpt lat="43.304810" lon="-2.203110"/>
      <trkpt lat="43.304770" lon="-2.203130"/>
      <trkpt lat="43.304760" lon="-2.203130"/>
      <trkpt lat="43.304760" lon="-2.203130"/>
      <trkpt lat="43.304740" lon="-2.203140"/>
      <trkpt lat="43.304730" lon="-2.203140"/>
      <trkpt lat="43.304720" lon="-2.203130"/>
      <trkpt lat="43.304710" lon="-2.203130"/>
      <trkpt lat="43.304700" lon="-2.203120"/>
      <trkpt lat="43.304680" lon="-2.203110"/>
      <trkpt lat="43.304650" lon="-2.203090"/>
      <trkpt lat="43.304610" lon="-2.203050"/>
      <trkpt lat="43.304490" lon="-2.202950"/>
      <trkpt lat="43.304460" lon="-2.203000"/>
      <trkpt lat="43.304450" lon="-2.203010"/>
      <trkpt lat="43.304440" lon="-2.203030"/>
      <trkpt lat="43.304430" lon="-2.203050"/>
      <trkpt lat="43.304420" lon="-2.203070"/>
      <trkpt lat="43.304410" lon="-2.203090"/>
      <trkpt lat="43.304390" lon="-2.203110"/>
      <trkpt lat="43.304370" lon="-2.203120"/>
      <trkpt lat="43.304360" lon="-2.203130"/>
      <trkpt lat="43.304330" lon="-2.203160"/>
      <trkpt lat="43.304300" lon="-2.203190"/>
      <trkpt lat="43.304270" lon="-2.203220"/>
      <trkpt lat="43.304250" lon="-2.203240"/>
      <trkpt lat="43.304240" lon="-2.203250"/>
      <trkpt lat="43.304210" lon="-2.203280"/>
      <trkpt lat="43.304180" lon="-2.203320"/>
      <trkpt lat="43.304140" lon="-2.203370"/>
      <trkpt lat="43.304120" lon="-2.203400"/>
      <trkpt lat="43.304090" lon="-2.203430"/>
      <trkpt lat="43.304070" lon="-2.203460"/>
      <trkpt lat="43.304050" lon="-2.203480"/>
      <trkpt lat="43.304040" lon="-2.203490"/>
      <trkpt lat="43.304030" lon="-2.203500"/>
      <trkpt lat="43.304020" lon="-2.203510"/>
      <trkpt lat="43.304010" lon="-2.203520"/>
      <trkpt lat="43.303990" lon="-2.203530"/>
      <trkpt lat="43.303970" lon="-2.203550"/>
      <trkpt lat="43.303940" lon="-2.203560"/>
      <trkpt lat="43.303940" lon="-2.203570"/>
      <trkpt lat="43.303910" lon="-2.203580"/>
      <trkpt lat="43.303860" lon="-2.203610"/>
      <trkpt lat="43.303820" lon="-2.203630"/>
      <trkpt lat="43.303780" lon="-2.203650"/>
      <trkpt lat="43.303660" lon="-2.203720"/>
      <trkpt lat="43.303560" lon="-2.203770"/>
      <trkpt lat="43.303510" lon="-2.203790"/>
      <trkpt lat="43.303480" lon="-2.203810"/>
      <trkpt lat="43.303440" lon="-2.203820"/>
      <trkpt lat="43.303410" lon="-2.203840"/>
      <trkpt lat="43.303380" lon="-2.203860"/>
      <trkpt lat="43.303340" lon="-2.203890"/>
      <trkpt lat="43.303290" lon="-2.203920"/>
      <trkpt lat="43.303080" lon="-2.204050"/>
      <trkpt lat="43.303160" lon="-2.204280"/>
      <trkpt lat="43.303070" lon="-2.204350"/>
      <trkpt lat="43.303020" lon="-2.204380"/>
      <trkpt lat="43.302960" lon="-2.204410"/>
      <trkpt lat="43.302930" lon="-2.204440"/>
      <trkpt lat="43.302980" lon="-2.204550"/>
      <trkpt lat="43.303000" lon="-2.204610"/>
      <trkpt lat="43.302990" lon="-2.204690"/>
      <trkpt lat="43.302980" lon="-2.204720"/>
      <trkpt lat="43.302970" lon="-2.204780"/>
      <trkpt lat="43.302970" lon="-2.204820"/>
      <trkpt lat="43.302960" lon="-2.204860"/>
      <trkpt lat="43.302950" lon="-2.204900"/>
      <trkpt lat="43.302930" lon="-2.205000"/>
      <trkpt lat="43.302920" lon="-2.205090"/>
      <trkpt lat="43.302900" lon="-2.205190"/>
      <trkpt lat="43.302890" lon="-2.205290"/>
      <trkpt lat="43.302870" lon="-2.205450"/>
      <trkpt lat="43.302850" lon="-2.205580"/>
      <trkpt lat="43.302840" lon="-2.205660"/>
      <trkpt lat="43.302840" lon="-2.205690"/>
      <trkpt lat="43.302830" lon="-2.205790"/>
      <trkpt lat="43.302820" lon="-2.205920"/>
      <trkpt lat="43.302810" lon="-2.205930"/>
      <trkpt lat="43.302800" lon="-2.206130"/>
      <trkpt lat="43.302800" lon="-2.206200"/>
      <trkpt lat="43.302790" lon="-2.206260"/>
      <trkpt lat="43.302790" lon="-2.206400"/>
      <trkpt lat="43.302790" lon="-2.206430"/>
      <trkpt lat="43.302790" lon="-2.206470"/>
      <trkpt lat="43.302780" lon="-2.206660"/>
      <trkpt lat="43.302770" lon="-2.206760"/>
      <trkpt lat="43.302770" lon="-2.206820"/>
      <trkpt lat="43.302770" lon="-2.206860"/>
      <trkpt lat="43.302770" lon="-2.206890"/>
      <trkpt lat="43.302760" lon="-2.206930"/>
      <trkpt lat="43.302760" lon="-2.206970"/>
      <trkpt lat="43.302750" lon="-2.207020"/>
      <trkpt lat="43.302750" lon="-2.207050"/>
      <trkpt lat="43.302750" lon="-2.207080"/>
      <trkpt lat="43.302740" lon="-2.207110"/>
      <trkpt lat="43.302740" lon="-2.207140"/>
      <trkpt lat="43.302730" lon="-2.207160"/>
      <trkpt lat="43.302730" lon="-2.207190"/>
      <trkpt lat="43.302720" lon="-2.207220"/>
      <trkpt lat="43.302710" lon="-2.207240"/>
      <trkpt lat="43.302710" lon="-2.207270"/>
      <trkpt lat="43.302700" lon="-2.207290"/>
      <trkpt lat="43.302690" lon="-2.207300"/>
      <trkpt lat="43.302690" lon="-2.207320"/>
      <trkpt lat="43.302680" lon="-2.207330"/>
      <trkpt lat="43.302680" lon="-2.207340"/>
      <trkpt lat="43.302670" lon="-2.207370"/>
      <trkpt lat="43.302660" lon="-2.207390"/>
      <trkpt lat="43.302650" lon="-2.207410"/>
      <trkpt lat="43.302640" lon="-2.207420"/>
      <trkpt lat="43.302640" lon="-2.207420"/>
      <trkpt lat="43.302630" lon="-2.207440"/>
      <trkpt lat="43.302620" lon="-2.207460"/>
      <trkpt lat="43.302600" lon="-2.207480"/>
      <trkpt lat="43.302580" lon="-2.207510"/>
      <trkpt lat="43.302530" lon="-2.207580"/>
      <trkpt lat="43.302330" lon="-2.207850"/>
      <trkpt lat="43.302190" lon="-2.208030"/>
      <trkpt lat="43.302180" lon="-2.208050"/>
      <trkpt lat="43.302160" lon="-2.208080"/>
      <trkpt lat="43.302150" lon="-2.208090"/>
      <trkpt lat="43.302140" lon="-2.208100"/>
      <trkpt lat="43.302130" lon="-2.208110"/>
      <trkpt lat="43.302120" lon="-2.208130"/>
      <trkpt lat="43.302100" lon="-2.208150"/>
      <trkpt lat="43.302080" lon="-2.208180"/>
      <trkpt lat="43.302030" lon="-2.208230"/>
      <trkpt lat="43.302010" lon="-2.208250"/>
      <trkpt lat="43.301990" lon="-2.208260"/>
      <trkpt lat="43.301970" lon="-2.208280"/>
      <trkpt lat="43.301950" lon="-2.208280"/>
      <trkpt lat="43.301940" lon="-2.208290"/>
      <trkpt lat="43.301920" lon="-2.208290"/>
      <trkpt lat="43.301910" lon="-2.208300"/>
      <trkpt lat="43.301890" lon="-2.208300"/>
      <trkpt lat="43.301860" lon="-2.208310"/>
      <trkpt lat="43.301850" lon="-2.208310"/>
      <trkpt lat="43.301810" lon="-2.208310"/>
      <trkpt lat="43.301700" lon="-2.208330"/>
      <trkpt lat="43.301610" lon="-2.208340"/>
      <trkpt lat="43.301610" lon="-2.208340"/>
      <trkpt lat="43.301530" lon="-2.208350"/>
      <trkpt lat="43.301500" lon="-2.208360"/>
      <trkpt lat="43.301480" lon="-2.208360"/>
      <trkpt lat="43.301470" lon="-2.208360"/>
      <trkpt lat="43.301450" lon="-2.208360"/>
      <trkpt lat="43.301440" lon="-2.208360"/>
      <trkpt lat="43.301430" lon="-2.208360"/>
      <trkpt lat="43.301420" lon="-2.208360"/>
      <trkpt lat="43.301410" lon="-2.208360"/>
      <trkpt lat="43.301400" lon="-2.208360"/>
      <trkpt lat="43.301390" lon="-2.208360"/>
      <trkpt lat="43.301380" lon="-2.208360"/>
      <trkpt lat="43.301370" lon="-2.208350"/>
      <trkpt lat="43.301360" lon="-2.208350"/>
      <trkpt lat="43.301350" lon="-2.208350"/>
      <trkpt lat="43.301350" lon="-2.208340"/>
      <trkpt lat="43.301340" lon="-2.208340"/>
      <trkpt lat="43.301330" lon="-2.208340"/>
      <trkpt lat="43.301320" lon="-2.208330"/>
      <trkpt lat="43.301320" lon="-2.208320"/>
      <trkpt lat="43.301310" lon="-2.208310"/>
      <trkpt lat="43.301300" lon="-2.208300"/>
      <trkpt lat="43.301290" lon="-2.208290"/>
      <trkpt lat="43.301290" lon="-2.208280"/>
      <trkpt lat="43.301280" lon="-2.208270"/>
      <trkpt lat="43.301280" lon="-2.208270"/>
      <trkpt lat="43.301280" lon="-2.208260"/>
      <trkpt lat="43.301270" lon="-2.208240"/>
      <trkpt lat="43.301270" lon="-2.208230"/>
      <trkpt lat="43.301270" lon="-2.208210"/>
      <trkpt lat="43.301270" lon="-2.208200"/>
      <trkpt lat="43.301270" lon="-2.208190"/>
      <trkpt lat="43.301270" lon="-2.208180"/>
      <trkpt lat="43.301270" lon="-2.208160"/>
      <trkpt lat="43.301270" lon="-2.208150"/>
      <trkpt lat="43.301270" lon="-2.208140"/>
      <trkpt lat="43.301270" lon="-2.208130"/>
      <trkpt lat="43.301270" lon="-2.208110"/>
      <trkpt lat="43.301280" lon="-2.208100"/>
      <trkpt lat="43.301290" lon="-2.208080"/>
      <trkpt lat="43.301300" lon="-2.208040"/>
      <trkpt lat="43.301330" lon="-2.207950"/>
      <trkpt lat="43.301360" lon="-2.207870"/>
      <trkpt lat="43.301380" lon="-2.207840"/>
      <trkpt lat="43.301380" lon="-2.207820"/>
      <trkpt lat="43.301390" lon="-2.207780"/>
      <trkpt lat="43.301400" lon="-2.207760"/>
      <trkpt lat="43.301410" lon="-2.207740"/>
      <trkpt lat="43.301410" lon="-2.207730"/>
      <trkpt lat="43.301410" lon="-2.207710"/>
      <trkpt lat="43.301410" lon="-2.207690"/>
      <trkpt lat="43.301410" lon="-2.207670"/>
      <trkpt lat="43.301420" lon="-2.207650"/>
      <trkpt lat="43.301420" lon="-2.207630"/>
      <trkpt lat="43.301410" lon="-2.207600"/>
      <trkpt lat="43.301410" lon="-2.207570"/>
      <trkpt lat="43.301410" lon="-2.207510"/>
      <trkpt lat="43.301400" lon="-2.207400"/>
      <trkpt lat="43.301390" lon="-2.207280"/>
      <trkpt lat="43.301390" lon="-2.207210"/>
      <trkpt lat="43.301380" lon="-2.207110"/>
      <trkpt lat="43.301380" lon="-2.207030"/>
      <trkpt lat="43.301380" lon="-2.206980"/>
      <trkpt lat="43.301370" lon="-2.206950"/>
      <trkpt lat="43.301360" lon="-2.206720"/>
      <trkpt lat="43.301360" lon="-2.206580"/>
      <trkpt lat="43.301350" lon="-2.206330"/>
      <trkpt lat="43.301350" lon="-2.206250"/>
      <trkpt lat="43.301340" lon="-2.206130"/>
      <trkpt lat="43.301340" lon="-2.206100"/>
      <trkpt lat="43.301340" lon="-2.206080"/>
      <trkpt lat="43.301330" lon="-2.206060"/>
      <trkpt lat="43.301330" lon="-2.206040"/>
      <trkpt lat="43.301320" lon="-2.206030"/>
      <trkpt lat="43.301310" lon="-2.206010"/>
      <trkpt lat="43.301310" lon="-2.205990"/>
      <trkpt lat="43.301300" lon="-2.205980"/>
      <trkpt lat="43.301290" lon="-2.205970"/>
      <trkpt lat="43.301290" lon="-2.205960"/>
      <trkpt lat="43.301280" lon="-2.205950"/>
      <trkpt lat="43.301270" lon="-2.205950"/>
      <trkpt lat="43.301260" lon="-2.205950"/>
      <trkpt lat="43.301250" lon="-2.205950"/>
      <trkpt lat="43.301240" lon="-2.205950"/>
      <trkpt lat="43.301230" lon="-2.205950"/>
      <trkpt lat="43.301220" lon="-2.205950"/>
      <trkpt lat="43.301210" lon="-2.205960"/>
      <trkpt lat="43.301200" lon="-2.205970"/>
      <trkpt lat="43.301190" lon="-2.205980"/>
      <trkpt lat="43.301180" lon="-2.206000"/>
      <trkpt lat="43.301170" lon="-2.206020"/>
      <trkpt lat="43.301160" lon="-2.206030"/>
      <trkpt lat="43.301160" lon="-2.206050"/>
      <trkpt lat="43.301150" lon="-2.206080"/>
      <trkpt lat="43.301150" lon="-2.206100"/>
      <trkpt lat="43.301140" lon="-2.206110"/>
      <trkpt lat="43.301140" lon="-2.206130"/>
      <trkpt lat="43.301140" lon="-2.206150"/>
      <trkpt lat="43.301140" lon="-2.206150"/>
      <trkpt lat="43.301130" lon="-2.206250"/>
      <trkpt lat="43.301120" lon="-2.206310"/>
      <trkpt lat="43.301110" lon="-2.206370"/>
      <trkpt lat="43.301110" lon="-2.206400"/>
      <trkpt lat="43.301100" lon="-2.206430"/>
      <trkpt lat="43.301100" lon="-2.206440"/>
      <trkpt lat="43.301100" lon="-2.206460"/>
      <trkpt lat="43.301090" lon="-2.206490"/>
      <trkpt lat="43.301080" lon="-2.206540"/>
      <trkpt lat="43.301060" lon="-2.206600"/>
      <trkpt lat="43.301050" lon="-2.206640"/>
      <trkpt lat="43.301030" lon="-2.206670"/>
      <trkpt lat="43.301020" lon="-2.206700"/>
      <trkpt lat="43.301010" lon="-2.206740"/>
      <trkpt lat="43.300990" lon="-2.206770"/>
      <trkpt lat="43.300980" lon="-2.206800"/>
      <trkpt lat="43.300960" lon="-2.206830"/>
      <trkpt lat="43.300940" lon="-2.206860"/>
      <trkpt lat="43.300920" lon="-2.206880"/>
      <trkpt lat="43.300900" lon="-2.206910"/>
      <trkpt lat="43.300880" lon="-2.206940"/>
      <trkpt lat="43.300860" lon="-2.206970"/>
      <trkpt lat="43.300830" lon="-2.207000"/>
      <trkpt lat="43.300810" lon="-2.207030"/>
      <trkpt lat="43.300780" lon="-2.207050"/>
      <trkpt lat="43.300730" lon="-2.207100"/>
      <trkpt lat="43.300670" lon="-2.207160"/>
      <trkpt lat="43.300610" lon="-2.207210"/>
      <trkpt lat="43.300550" lon="-2.207270"/>
      <trkpt lat="43.300480" lon="-2.207330"/>
      <trkpt lat="43.300440" lon="-2.207360"/>
      <trkpt lat="43.300400" lon="-2.207390"/>
      <trkpt lat="43.300370" lon="-2.207410"/>
      <trkpt lat="43.300350" lon="-2.207420"/>
      <trkpt lat="43.300320" lon="-2.207440"/>
      <trkpt lat="43.300300" lon="-2.207450"/>
      <trkpt lat="43.300280" lon="-2.207460"/>
      <trkpt lat="43.300260" lon="-2.207470"/>
      <trkpt lat="43.300240" lon="-2.207480"/>
      <trkpt lat="43.300230" lon="-2.207490"/>
      <trkpt lat="43.300210" lon="-2.207490"/>
      <trkpt lat="43.300200" lon="-2.207500"/>
      <trkpt lat="43.300180" lon="-2.207500"/>
      <trkpt lat="43.300170" lon="-2.207510"/>
      <trkpt lat="43.300150" lon="-2.207510"/>
      <trkpt lat="43.300130" lon="-2.207510"/>
      <trkpt lat="43.300120" lon="-2.207520"/>
      <trkpt lat="43.300100" lon="-2.207520"/>
      <trkpt lat="43.300080" lon="-2.207520"/>
      <trkpt lat="43.300010" lon="-2.207530"/>
      <trkpt lat="43.299880" lon="-2.207540"/>
      <trkpt lat="43.299810" lon="-2.207540"/>
      <trkpt lat="43.299710" lon="-2.207550"/>
      <trkpt lat="43.299670" lon="-2.207550"/>
      <trkpt lat="43.299620" lon="-2.207550"/>
      <trkpt lat="43.299570" lon="-2.207550"/>
      <trkpt lat="43.299530" lon="-2.207550"/>
      <trkpt lat="43.299500" lon="-2.207550"/>
      <trkpt lat="43.299480" lon="-2.207540"/>
      <trkpt lat="43.299460" lon="-2.207540"/>
      <trkpt lat="43.299440" lon="-2.207530"/>
      <trkpt lat="43.299420" lon="-2.207530"/>
      <trkpt lat="43.299400" lon="-2.207520"/>
      <trkpt lat="43.299380" lon="-2.207510"/>
      <trkpt lat="43.299360" lon="-2.207500"/>
      <trkpt lat="43.299340" lon="-2.207480"/>
      <trkpt lat="43.299320" lon="-2.207470"/>
      <trkpt lat="43.299290" lon="-2.207450"/>
      <trkpt lat="43.299260" lon="-2.207410"/>
      <trkpt lat="43.299000" lon="-2.207160"/>
      <trkpt lat="43.298860" lon="-2.207020"/>
      <trkpt lat="43.298820" lon="-2.206980"/>
      <trkpt lat="43.298790" lon="-2.206950"/>
      <trkpt lat="43.298760" lon="-2.206940"/>
      <trkpt lat="43.298740" lon="-2.206930"/>
      <trkpt lat="43.298720" lon="-2.206920"/>
      <trkpt lat="43.298710" lon="-2.206910"/>
      <trkpt lat="43.298690" lon="-2.206910"/>
      <trkpt lat="43.298660" lon="-2.206900"/>
      <trkpt lat="43.298640" lon="-2.206900"/>
      <trkpt lat="43.298610" lon="-2.206900"/>
      <trkpt lat="43.298580" lon="-2.206890"/>
      <trkpt lat="43.298550" lon="-2.206890"/>
      <trkpt lat="43.298510" lon="-2.206890"/>
      <trkpt lat="43.298440" lon="-2.206890"/>
      <trkpt lat="43.298340" lon="-2.206900"/>
      <trkpt lat="43.298290" lon="-2.206900"/>
      <trkpt lat="43.298260" lon="-2.206900"/>
      <trkpt lat="43.298230" lon="-2.206910"/>
      <trkpt lat="43.298200" lon="-2.206910"/>
      <trkpt lat="43.298180" lon="-2.206920"/>
      <trkpt lat="43.298120" lon="-2.206930"/>
      <trkpt lat="43.298010" lon="-2.206970"/>
      <trkpt lat="43.297980" lon="-2.206980"/>
      <trkpt lat="43.297950" lon="-2.206990"/>
      <trkpt lat="43.297880" lon="-2.207020"/>
      <trkpt lat="43.297820" lon="-2.207040"/>
      <trkpt lat="43.297710" lon="-2.207080"/>
      <trkpt lat="43.297660" lon="-2.207100"/>
      <trkpt lat="43.297640" lon="-2.207110"/>
      <trkpt lat="43.297610" lon="-2.207110"/>
      <trkpt lat="43.297600" lon="-2.207110"/>
      <trkpt lat="43.297580" lon="-2.207100"/>
      <trkpt lat="43.297560" lon="-2.207090"/>
      <trkpt lat="43.297550" lon="-2.207080"/>
      <trkpt lat="43.297540" lon="-2.207060"/>
      <trkpt lat="43.297530" lon="-2.207050"/>
      <trkpt lat="43.297520" lon="-2.207030"/>
      <trkpt lat="43.297520" lon="-2.207010"/>
      <trkpt lat="43.297520" lon="-2.206980"/>
      <trkpt lat="43.297520" lon="-2.206960"/>
      <trkpt lat="43.297530" lon="-2.206940"/>
      <trkpt lat="43.297540" lon="-2.206930"/>
      <trkpt lat="43.297550" lon="-2.206910"/>
      <trkpt lat="43.297570" lon="-2.206880"/>
      <trkpt lat="43.297590" lon="-2.206840"/>
      <trkpt lat="43.297660" lon="-2.206750"/>
      <trkpt lat="43.297690" lon="-2.206690"/>
      <trkpt lat="43.297710" lon="-2.206660"/>
      <trkpt lat="43.297720" lon="-2.206640"/>
      <trkpt lat="43.297730" lon="-2.206630"/>
      <trkpt lat="43.297740" lon="-2.206610"/>
      <trkpt lat="43.297740" lon="-2.206600"/>
      <trkpt lat="43.297750" lon="-2.206580"/>
      <trkpt lat="43.297750" lon="-2.206570"/>
      <trkpt lat="43.297760" lon="-2.206550"/>
      <trkpt lat="43.297760" lon="-2.206530"/>
      <trkpt lat="43.297760" lon="-2.206500"/>
      <trkpt lat="43.297770" lon="-2.206480"/>
      <trkpt lat="43.297770" lon="-2.206460"/>
      <trkpt lat="43.297770" lon="-2.206450"/>
      <trkpt lat="43.297770" lon="-2.206430"/>
      <trkpt lat="43.297770" lon="-2.206420"/>
      <trkpt lat="43.297760" lon="-2.206400"/>
      <trkpt lat="43.297760" lon="-2.206390"/>
      <trkpt lat="43.297760" lon="-2.206360"/>
      <trkpt lat="43.297760" lon="-2.206350"/>
      <trkpt lat="43.297750" lon="-2.206310"/>
      <trkpt lat="43.297740" lon="-2.206280"/>
      <trkpt lat="43.297740" lon="-2.206260"/>
      <trkpt lat="43.297730" lon="-2.206230"/>
      <trkpt lat="43.297720" lon="-2.206200"/>
      <trkpt lat="43.297700" lon="-2.206180"/>
      <trkpt lat="43.297690" lon="-2.206160"/>
      <trkpt lat="43.297680" lon="-2.206130"/>
      <trkpt lat="43.297660" lon="-2.206100"/>
      <trkpt lat="43.297630" lon="-2.206070"/>
      <trkpt lat="43.297610" lon="-2.206040"/>
      <trkpt lat="43.297570" lon="-2.205980"/>
      <trkpt lat="43.297560" lon="-2.205970"/>
      <trkpt lat="43.297530" lon="-2.205930"/>
      <trkpt lat="43.297500" lon="-2.205890"/>
      <trkpt lat="43.297470" lon="-2.205840"/>
      <trkpt lat="43.297430" lon="-2.205770"/>
      <trkpt lat="43.297390" lon="-2.205700"/>
      <trkpt lat="43.297370" lon="-2.205670"/>
      <trkpt lat="43.297360" lon="-2.205630"/>
      <trkpt lat="43.297340" lon="-2.205600"/>
      <trkpt lat="43.297330" lon="-2.205570"/>
      <trkpt lat="43.297320" lon="-2.205550"/>
      <trkpt lat="43.297320" lon="-2.205520"/>
      <trkpt lat="43.297310" lon="-2.205480"/>
      <trkpt lat="43.297290" lon="-2.205430"/>
      <trkpt lat="43.297250" lon="-2.205270"/>
      <trkpt lat="43.297240" lon="-2.205230"/>
      <trkpt lat="43.297230" lon="-2.205200"/>
      <trkpt lat="43.297220" lon="-2.205140"/>
      <trkpt lat="43.297200" lon="-2.205080"/>
      <trkpt lat="43.297180" lon="-2.205030"/>
      <trkpt lat="43.297170" lon="-2.205000"/>
      <trkpt lat="43.297150" lon="-2.204970"/>
      <trkpt lat="43.297140" lon="-2.204930"/>
      <trkpt lat="43.297120" lon="-2.204910"/>
      <trkpt lat="43.297100" lon="-2.204890"/>
      <trkpt lat="43.297090" lon="-2.204870"/>
      <trkpt lat="43.297070" lon="-2.204850"/>
      <trkpt lat="43.297050" lon="-2.204840"/>
      <trkpt lat="43.297030" lon="-2.204830"/>
      <trkpt lat="43.297010" lon="-2.204820"/>
      <trkpt lat="43.296980" lon="-2.204800"/>
      <trkpt lat="43.296960" lon="-2.204790"/>
      <trkpt lat="43.296920" lon="-2.204780"/>
      <trkpt lat="43.296880" lon="-2.204770"/>
      <trkpt lat="43.296860" lon="-2.204760"/>
      <trkpt lat="43.296830" lon="-2.204750"/>
      <trkpt lat="43.296800" lon="-2.204750"/>
      <trkpt lat="43.296780" lon="-2.204750"/>
      <trkpt lat="43.296760" lon="-2.204750"/>
      <trkpt lat="43.296740" lon="-2.204750"/>
      <trkpt lat="43.296720" lon="-2.204750"/>
      <trkpt lat="43.296700" lon="-2.204750"/>
      <trkpt lat="43.296680" lon="-2.204760"/>
      <trkpt lat="43.296650" lon="-2.204760"/>
      <trkpt lat="43.296630" lon="-2.204770"/>
      <trkpt lat="43.296520" lon="-2.204800"/>
      <trkpt lat="43.295940" lon="-2.204970"/>
      <trkpt lat="43.295710" lon="-2.205030"/>
      <trkpt lat="43.295480" lon="-2.205090"/>
      <trkpt lat="43.295050" lon="-2.205210"/>
      <trkpt lat="43.295020" lon="-2.205220"/>
      <trkpt lat="43.295000" lon="-2.205220"/>
      <trkpt lat="43.294970" lon="-2.205230"/>
      <trkpt lat="43.294940" lon="-2.205230"/>
      <trkpt lat="43.294920" lon="-2.205230"/>
      <trkpt lat="43.294910" lon="-2.205220"/>
      <trkpt lat="43.294890" lon="-2.205220"/>
      <trkpt lat="43.294870" lon="-2.205210"/>
      <trkpt lat="43.294850" lon="-2.205200"/>
      <trkpt lat="43.294830" lon="-2.205190"/>
      <trkpt lat="43.294810" lon="-2.205160"/>
      <trkpt lat="43.294770" lon="-2.205130"/>
      <trkpt lat="43.294750" lon="-2.205110"/>
      <trkpt lat="43.294730" lon="-2.205070"/>
      <trkpt lat="43.294710" lon="-2.205050"/>
      <trkpt lat="43.294690" lon="-2.205010"/>
      <trkpt lat="43.294670" lon="-2.204990"/>
      <trkpt lat="43.294650" lon="-2.204960"/>
      <trkpt lat="43.294630" lon="-2.204940"/>
      <trkpt lat="43.294610" lon="-2.204920"/>
      <trkpt lat="43.294590" lon="-2.204900"/>
      <trkpt lat="43.294560" lon="-2.204880"/>
      <trkpt lat="43.294540" lon="-2.204860"/>
      <trkpt lat="43.294510" lon="-2.204830"/>
      <trkpt lat="43.294480" lon="-2.204810"/>
      <trkpt lat="43.294450" lon="-2.204790"/>
      <trkpt lat="43.294420" lon="-2.204760"/>
      <trkpt lat="43.294390" lon="-2.204750"/>
      <trkpt lat="43.294330" lon="-2.204720"/>
      <trkpt lat="43.294290" lon="-2.204700"/>
      <trkpt lat="43.294250" lon="-2.204690"/>
      <trkpt lat="43.294220" lon="-2.204680"/>
      <trkpt lat="43.294190" lon="-2.204670"/>
      <trkpt lat="43.294180" lon="-2.204670"/>
      <trkpt lat="43.294160" lon="-2.204680"/>
      <trkpt lat="43.294140" lon="-2.204690"/>
      <trkpt lat="43.294120" lon="-2.204700"/>
      <trkpt lat="43.294110" lon="-2.204720"/>
      <trkpt lat="43.294100" lon="-2.204730"/>
      <trkpt lat="43.294100" lon="-2.204750"/>
      <trkpt lat="43.294090" lon="-2.204770"/>
      <trkpt lat="43.294090" lon="-2.204790"/>
      <trkpt lat="43.294090" lon="-2.204810"/>
      <trkpt lat="43.294100" lon="-2.204830"/>
      <trkpt lat="43.294100" lon="-2.204850"/>
      <trkpt lat="43.294110" lon="-2.204860"/>
      <trkpt lat="43.294120" lon="-2.204880"/>
      <trkpt lat="43.294130" lon="-2.204900"/>
      <trkpt lat="43.294150" lon="-2.204920"/>
      <trkpt lat="43.294200" lon="-2.204970"/>
      <trkpt lat="43.294210" lon="-2.204980"/>
      <trkpt lat="43.294230" lon="-2.205010"/>
      <trkpt lat="43.294250" lon="-2.205030"/>
      <trkpt lat="43.294260" lon="-2.205050"/>
      <trkpt lat="43.294270" lon="-2.205070"/>
      <trkpt lat="43.294290" lon="-2.205110"/>
      <trkpt lat="43.294310" lon="-2.205160"/>
      <trkpt lat="43.294330" lon="-2.205210"/>
      <trkpt lat="43.294350" lon="-2.205260"/>
      <trkpt lat="43.294370" lon="-2.205320"/>
      <trkpt lat="43.294380" lon="-2.205370"/>
      <trkpt lat="43.294400" lon="-2.205430"/>
      <trkpt lat="43.294420" lon="-2.205490"/>
      <trkpt lat="43.294430" lon="-2.205540"/>
      <trkpt lat="43.294440" lon="-2.205590"/>
      <trkpt lat="43.294460" lon="-2.205640"/>
      <trkpt lat="43.294470" lon="-2.205680"/>
      <trkpt lat="43.294480" lon="-2.205720"/>
      <trkpt lat="43.294510" lon="-2.205790"/>
      <trkpt lat="43.294530" lon="-2.205870"/>
      <trkpt lat="43.294560" lon="-2.205930"/>
      <trkpt lat="43.294580" lon="-2.205990"/>
      <trkpt lat="43.294600" lon="-2.206040"/>
      <trkpt lat="43.294610" lon="-2.206080"/>
      <trkpt lat="43.294620" lon="-2.206130"/>
      <trkpt lat="43.294630" lon="-2.206150"/>
      <trkpt lat="43.294640" lon="-2.206190"/>
      <trkpt lat="43.294650" lon="-2.206220"/>
      <trkpt lat="43.294650" lon="-2.206260"/>
      <trkpt lat="43.294650" lon="-2.206320"/>
      <trkpt lat="43.294650" lon="-2.206380"/>
      <trkpt lat="43.294650" lon="-2.206430"/>
      <trkpt lat="43.294650" lon="-2.206480"/>
      <trkpt lat="43.294650" lon="-2.206540"/>
      <trkpt lat="43.294640" lon="-2.206580"/>
      <trkpt lat="43.294630" lon="-2.206640"/>
      <trkpt lat="43.294630" lon="-2.206690"/>
      <trkpt lat="43.294610" lon="-2.206740"/>
      <trkpt lat="43.294600" lon="-2.206780"/>
      <trkpt lat="43.294590" lon="-2.206830"/>
      <trkpt lat="43.294570" lon="-2.206890"/>
      <trkpt lat="43.294540" lon="-2.206970"/>
      <trkpt lat="43.294510" lon="-2.207030"/>
      <trkpt lat="43.294480" lon="-2.207100"/>
      <trkpt lat="43.294450" lon="-2.207180"/>
      <trkpt lat="43.294420" lon="-2.207250"/>
      <trkpt lat="43.294370" lon="-2.207350"/>
      <trkpt lat="43.294330" lon="-2.207450"/>
      <trkpt lat="43.294300" lon="-2.207530"/>
      <trkpt lat="43.294280" lon="-2.207550"/>
      <trkpt lat="43.294270" lon="-2.207580"/>
      <trkpt lat="43.294240" lon="-2.207630"/>
      <trkpt lat="43.294220" lon="-2.207670"/>
      <trkpt lat="43.294190" lon="-2.207720"/>
      <trkpt lat="43.294160" lon="-2.207760"/>
      <trkpt lat="43.294050" lon="-2.207940"/>
      <trkpt lat="43.293990" lon="-2.208030"/>
      <trkpt lat="43.293960" lon="-2.208070"/>
      <trkpt lat="43.293940" lon="-2.208110"/>
      <trkpt lat="43.293920" lon="-2.208150"/>
      <trkpt lat="43.293900" lon="-2.208180"/>
      <trkpt lat="43.293880" lon="-2.208220"/>
      <trkpt lat="43.293870" lon="-2.208250"/>
      <trkpt lat="43.293860" lon="-2.208280"/>
      <trkpt lat="43.293850" lon="-2.208300"/>
      <trkpt lat="43.293820" lon="-2.208410"/>
      <trkpt lat="43.293780" lon="-2.208530"/>
      <trkpt lat="43.293710" lon="-2.208750"/>
      <trkpt lat="43.293660" lon="-2.208940"/>
      <trkpt lat="43.293630" lon="-2.209050"/>
      <trkpt lat="43.293600" lon="-2.209150"/>
      <trkpt lat="43.293590" lon="-2.209170"/>
      <trkpt lat="43.293590" lon="-2.209190"/>
      <trkpt lat="43.293580" lon="-2.209200"/>
      <trkpt lat="43.293570" lon="-2.209220"/>
      <trkpt lat="43.293560" lon="-2.209230"/>
      <trkpt lat="43.293550" lon="-2.209240"/>
      <trkpt lat="43.293530" lon="-2.209250"/>
      <trkpt lat="43.293520" lon="-2.209250"/>
      <trkpt lat="43.293500" lon="-2.209250"/>
      <trkpt lat="43.293490" lon="-2.209250"/>
      <trkpt lat="43.293470" lon="-2.209250"/>
      <trkpt lat="43.293450" lon="-2.209240"/>
      <trkpt lat="43.293440" lon="-2.209230"/>
      <trkpt lat="43.293420" lon="-2.209220"/>
      <trkpt lat="43.293410" lon="-2.209200"/>
      <trkpt lat="43.293400" lon="-2.209190"/>
      <trkpt lat="43.293390" lon="-2.209170"/>
      <trkpt lat="43.293380" lon="-2.209140"/>
      <trkpt lat="43.293370" lon="-2.209120"/>
      <trkpt lat="43.293360" lon="-2.209090"/>
      <trkpt lat="43.293350" lon="-2.209050"/>
      <trkpt lat="43.293340" lon="-2.209010"/>
      <trkpt lat="43.293330" lon="-2.208970"/>
      <trkpt lat="43.293330" lon="-2.208920"/>
      <trkpt lat="43.293330" lon="-2.208870"/>
      <trkpt lat="43.293330" lon="-2.208770"/>
      <trkpt lat="43.293330" lon="-2.208680"/>
      <trkpt lat="43.293330" lon="-2.208550"/>
      <trkpt lat="43.293330" lon="-2.208390"/>
      <trkpt lat="43.293330" lon="-2.208220"/>
      <trkpt lat="43.293340" lon="-2.208160"/>
      <trkpt lat="43.293340" lon="-2.208130"/>
      <trkpt lat="43.293340" lon="-2.208090"/>
      <trkpt lat="43.293350" lon="-2.208060"/>
      <trkpt lat="43.293350" lon="-2.208030"/>
      <trkpt lat="43.293360" lon="-2.207980"/>
      <trkpt lat="43.293370" lon="-2.207940"/>
      <trkpt lat="43.293390" lon="-2.207860"/>
      <trkpt lat="43.293410" lon="-2.207770"/>
      <trkpt lat="43.293440" lon="-2.207650"/>
      <trkpt lat="43.293450" lon="-2.207610"/>
      <trkpt lat="43.293450" lon="-2.207580"/>
      <trkpt lat="43.293460" lon="-2.207550"/>
      <trkpt lat="43.293460" lon="-2.207520"/>
      <trkpt lat="43.293460" lon="-2.207500"/>
      <trkpt lat="43.293460" lon="-2.207470"/>
      <trkpt lat="43.293460" lon="-2.207440"/>
      <trkpt lat="43.293450" lon="-2.207410"/>
      <trkpt lat="43.293450" lon="-2.207380"/>
      <trkpt lat="43.293440" lon="-2.207350"/>
      <trkpt lat="43.293430" lon="-2.207320"/>
      <trkpt lat="43.293420" lon="-2.207290"/>
      <trkpt lat="43.293410" lon="-2.207260"/>
      <trkpt lat="43.293400" lon="-2.207230"/>
      <trkpt lat="43.293380" lon="-2.207190"/>
      <trkpt lat="43.293360" lon="-2.207150"/>
      <trkpt lat="43.293350" lon="-2.207120"/>
      <trkpt lat="43.293310" lon="-2.207070"/>
      <trkpt lat="43.293270" lon="-2.206990"/>
      <trkpt lat="43.293220" lon="-2.206920"/>
      <trkpt lat="43.293170" lon="-2.206840"/>
      <trkpt lat="43.293050" lon="-2.206670"/>
      <trkpt lat="43.293030" lon="-2.206650"/>
      <trkpt lat="43.292990" lon="-2.206580"/>
      <trkpt lat="43.292890" lon="-2.206390"/>
      <trkpt lat="43.292860" lon="-2.206350"/>
      <trkpt lat="43.292850" lon="-2.206320"/>
      <trkpt lat="43.292830" lon="-2.206300"/>
      <trkpt lat="43.292820" lon="-2.206280"/>
      <trkpt lat="43.292800" lon="-2.206250"/>
      <trkpt lat="43.292780" lon="-2.206230"/>
      <trkpt lat="43.292750" lon="-2.206190"/>
      <trkpt lat="43.292720" lon="-2.206150"/>
      <trkpt lat="43.292690" lon="-2.206110"/>
      <trkpt lat="43.292660" lon="-2.206080"/>
      <trkpt lat="43.292640" lon="-2.206060"/>
      <trkpt lat="43.292620" lon="-2.206040"/>
      <trkpt lat="43.292600" lon="-2.206020"/>
      <trkpt lat="43.292580" lon="-2.206010"/>
      <trkpt lat="43.292330" lon="-2.205790"/>
      <trkpt lat="43.292250" lon="-2.205730"/>
      <trkpt lat="43.292210" lon="-2.205710"/>
      <trkpt lat="43.292180" lon="-2.205690"/>
      <trkpt lat="43.292170" lon="-2.205670"/>
      <trkpt lat="43.292150" lon="-2.205670"/>
      <trkpt lat="43.292130" lon="-2.205660"/>
      <trkpt lat="43.292120" lon="-2.205650"/>
      <trkpt lat="43.292090" lon="-2.205650"/>
      <trkpt lat="43.292080" lon="-2.205650"/>
      <trkpt lat="43.292060" lon="-2.205650"/>
      <trkpt lat="43.291950" lon="-2.205650"/>
      <trkpt lat="43.291930" lon="-2.205650"/>
      <trkpt lat="43.291910" lon="-2.205650"/>
      <trkpt lat="43.291900" lon="-2.205650"/>
      <trkpt lat="43.291890" lon="-2.205640"/>
      <trkpt lat="43.291870" lon="-2.205640"/>
      <trkpt lat="43.291860" lon="-2.205630"/>
      <trkpt lat="43.291840" lon="-2.205620"/>
      <trkpt lat="43.291810" lon="-2.205600"/>
      <trkpt lat="43.291770" lon="-2.205580"/>
      <trkpt lat="43.291740" lon="-2.205550"/>
      <trkpt lat="43.291720" lon="-2.205540"/>
      <trkpt lat="43.291690" lon="-2.205510"/>
      <trkpt lat="43.291680" lon="-2.205490"/>
      <trkpt lat="43.291660" lon="-2.205470"/>
      <trkpt lat="43.291650" lon="-2.205450"/>
      <trkpt lat="43.291650" lon="-2.205440"/>
      <trkpt lat="43.291650" lon="-2.205420"/>
      <trkpt lat="43.291640" lon="-2.205390"/>
      <trkpt lat="43.291640" lon="-2.205360"/>
      <trkpt lat="43.291640" lon="-2.205310"/>
      <trkpt lat="43.291640" lon="-2.205240"/>
      <trkpt lat="43.291650" lon="-2.205190"/>
      <trkpt lat="43.291650" lon="-2.205140"/>
      <trkpt lat="43.291650" lon="-2.205100"/>
      <trkpt lat="43.291650" lon="-2.204930"/>
      <trkpt lat="43.291650" lon="-2.204840"/>
      <trkpt lat="43.291650" lon="-2.204780"/>
      <trkpt lat="43.291640" lon="-2.204740"/>
      <trkpt lat="43.291640" lon="-2.204680"/>
      <trkpt lat="43.291640" lon="-2.204620"/>
      <trkpt lat="43.291640" lon="-2.204520"/>
      <trkpt lat="43.291630" lon="-2.204460"/>
      <trkpt lat="43.291630" lon="-2.204420"/>
      <trkpt lat="43.291620" lon="-2.204380"/>
      <trkpt lat="43.291610" lon="-2.204340"/>
      <trkpt lat="43.291610" lon="-2.204300"/>
      <trkpt lat="43.291600" lon="-2.204270"/>
      <trkpt lat="43.291580" lon="-2.204220"/>
      <trkpt lat="43.291570" lon="-2.204190"/>
      <trkpt lat="43.291540" lon="-2.204130"/>
      <trkpt lat="43.291520" lon="-2.204060"/>
      <trkpt lat="43.291490" lon="-2.204010"/>
      <trkpt lat="43.291460" lon="-2.203960"/>
      <trkpt lat="43.291440" lon="-2.203910"/>
      <trkpt lat="43.291410" lon="-2.203860"/>
      <trkpt lat="43.291390" lon="-2.203820"/>
      <trkpt lat="43.291360" lon="-2.203780"/>
      <trkpt lat="43.291340" lon="-2.203750"/>
      <trkpt lat="43.291320" lon="-2.203720"/>
      <trkpt lat="43.291300" lon="-2.203680"/>
      <trkpt lat="43.291280" lon="-2.203660"/>
      <trkpt lat="43.291260" lon="-2.203640"/>
      <trkpt lat="43.291240" lon="-2.203630"/>
      <trkpt lat="43.291220" lon="-2.203620"/>
      <trkpt lat="43.291210" lon="-2.203610"/>
      <trkpt lat="43.291190" lon="-2.203600"/>
      <trkpt lat="43.291170" lon="-2.203590"/>
      <trkpt lat="43.291150" lon="-2.203590"/>
      <trkpt lat="43.291130" lon="-2.203580"/>
      <trkpt lat="43.291070" lon="-2.203570"/>
      <trkpt lat="43.291050" lon="-2.203560"/>
      <trkpt lat="43.291020" lon="-2.203560"/>
      <trkpt lat="43.291000" lon="-2.203550"/>
      <trkpt lat="43.290980" lon="-2.203540"/>
      <trkpt lat="43.290950" lon="-2.203520"/>
      <trkpt lat="43.290920" lon="-2.203510"/>
      <trkpt lat="43.290900" lon="-2.203490"/>
      <trkpt lat="43.290870" lon="-2.203470"/>
      <trkpt lat="43.290850" lon="-2.203450"/>
      <trkpt lat="43.290820" lon="-2.203430"/>
      <trkpt lat="43.290790" lon="-2.203400"/>
      <trkpt lat="43.290780" lon="-2.203380"/>
      <trkpt lat="43.290770" lon="-2.203360"/>
      <trkpt lat="43.290750" lon="-2.203340"/>
      <trkpt lat="43.290740" lon="-2.203320"/>
      <trkpt lat="43.290730" lon="-2.203300"/>
      <trkpt lat="43.290720" lon="-2.203270"/>
      <trkpt lat="43.290710" lon="-2.203240"/>
      <trkpt lat="43.290710" lon="-2.203220"/>
      <trkpt lat="43.290710" lon="-2.203180"/>
      <trkpt lat="43.290710" lon="-2.203150"/>
      <trkpt lat="43.290710" lon="-2.203120"/>
      <trkpt lat="43.290710" lon="-2.203090"/>
      <trkpt lat="43.290710" lon="-2.203050"/>
      <trkpt lat="43.290710" lon="-2.203010"/>
      <trkpt lat="43.290710" lon="-2.202970"/>
      <trkpt lat="43.290710" lon="-2.202940"/>
      <trkpt lat="43.290710" lon="-2.202910"/>
      <trkpt lat="43.290710" lon="-2.202860"/>
      <trkpt lat="43.290700" lon="-2.202810"/>
      <trkpt lat="43.290690" lon="-2.202760"/>
      <trkpt lat="43.290680" lon="-2.202700"/>
      <trkpt lat="43.290660" lon="-2.202650"/>
      <trkpt lat="43.290640" lon="-2.202600"/>
      <trkpt lat="43.290630" lon="-2.202570"/>
      <trkpt lat="43.290610" lon="-2.202520"/>
      <trkpt lat="43.290590" lon="-2.202470"/>
      <trkpt lat="43.290570" lon="-2.202450"/>
      <trkpt lat="43.290560" lon="-2.202430"/>
      <trkpt lat="43.290530" lon="-2.202410"/>
      <trkpt lat="43.290520" lon="-2.202390"/>
      <trkpt lat="43.290490" lon="-2.202380"/>
      <trkpt lat="43.290470" lon="-2.202370"/>
      <trkpt lat="43.290450" lon="-2.202360"/>
      <trkpt lat="43.290430" lon="-2.202360"/>
      <trkpt lat="43.290410" lon="-2.202350"/>
      <trkpt lat="43.290400" lon="-2.202350"/>
      <trkpt lat="43.290370" lon="-2.202350"/>
      <trkpt lat="43.290350" lon="-2.202350"/>
      <trkpt lat="43.290330" lon="-2.202360"/>
      <trkpt lat="43.290300" lon="-2.202370"/>
      <trkpt lat="43.290280" lon="-2.202390"/>
      <trkpt lat="43.290260" lon="-2.202410"/>
      <trkpt lat="43.290250" lon="-2.202430"/>
      <trkpt lat="43.290230" lon="-2.202450"/>
      <trkpt lat="43.290220" lon="-2.202470"/>
      <trkpt lat="43.290200" lon="-2.202520"/>
      <trkpt lat="43.290180" lon="-2.202560"/>
      <trkpt lat="43.290090" lon="-2.202770"/>
      <trkpt lat="43.290040" lon="-2.202870"/>
      <trkpt lat="43.290000" lon="-2.202970"/>
      <trkpt lat="43.289960" lon="-2.203040"/>
      <trkpt lat="43.289940" lon="-2.203070"/>
      <trkpt lat="43.289920" lon="-2.203110"/>
      <trkpt lat="43.289900" lon="-2.203130"/>
      <trkpt lat="43.289890" lon="-2.203150"/>
      <trkpt lat="43.289870" lon="-2.203170"/>
      <trkpt lat="43.289850" lon="-2.203180"/>
      <trkpt lat="43.289840" lon="-2.203200"/>
      <trkpt lat="43.289810" lon="-2.203210"/>
      <trkpt lat="43.289770" lon="-2.203240"/>
      <trkpt lat="43.289730" lon="-2.203260"/>
      <trkpt lat="43.289680" lon="-2.203290"/>
      <trkpt lat="43.289660" lon="-2.203300"/>
      <trkpt lat="43.289640" lon="-2.203320"/>
      <trkpt lat="43.289610" lon="-2.203340"/>
      <trkpt lat="43.289590" lon="-2.203370"/>
      <trkpt lat="43.289570" lon="-2.203400"/>
      <trkpt lat="43.289550" lon="-2.203420"/>
      <trkpt lat="43.289530" lon="-2.203450"/>
      <trkpt lat="43.289510" lon="-2.203480"/>
      <trkpt lat="43.289490" lon="-2.203520"/>
      <trkpt lat="43.289450" lon="-2.203590"/>
      <trkpt lat="43.289430" lon="-2.203620"/>
      <trkpt lat="43.289410" lon="-2.203650"/>
      <trkpt lat="43.289390" lon="-2.203680"/>
      <trkpt lat="43.289370" lon="-2.203710"/>
      <trkpt lat="43.289340" lon="-2.203730"/>
      <trkpt lat="43.289310" lon="-2.203760"/>
      <trkpt lat="43.289250" lon="-2.203820"/>
      <trkpt lat="43.289120" lon="-2.203920"/>
      <trkpt lat="43.289060" lon="-2.203990"/>
      <trkpt lat="43.289010" lon="-2.204050"/>
      <trkpt lat="43.288980" lon="-2.204070"/>
      <trkpt lat="43.288960" lon="-2.204100"/>
      <trkpt lat="43.288930" lon="-2.204140"/>
      <trkpt lat="43.288910" lon="-2.204180"/>
      <trkpt lat="43.288870" lon="-2.204240"/>
      <trkpt lat="43.288860" lon="-2.204260"/>
      <trkpt lat="43.288840" lon="-2.204290"/>
      <trkpt lat="43.288820" lon="-2.204310"/>
      <trkpt lat="43.288800" lon="-2.204330"/>
      <trkpt lat="43.288780" lon="-2.204350"/>
      <trkpt lat="43.288760" lon="-2.204360"/>
      <trkpt lat="43.288740" lon="-2.204370"/>
      <trkpt lat="43.288710" lon="-2.204380"/>
      <trkpt lat="43.288700" lon="-2.204380"/>
      <trkpt lat="43.288670" lon="-2.204380"/>
      <trkpt lat="43.288650" lon="-2.204380"/>
      <trkpt lat="43.288420" lon="-2.204380"/>
      <trkpt lat="43.288360" lon="-2.204380"/>
      <trkpt lat="43.288320" lon="-2.204380"/>
      <trkpt lat="43.288300" lon="-2.204390"/>
      <trkpt lat="43.288270" lon="-2.204400"/>
      <trkpt lat="43.288250" lon="-2.204410"/>
      <trkpt lat="43.288220" lon="-2.204430"/>
      <trkpt lat="43.288210" lon="-2.204450"/>
      <trkpt lat="43.288190" lon="-2.204470"/>
      <trkpt lat="43.288170" lon="-2.204490"/>
      <trkpt lat="43.288160" lon="-2.204510"/>
      <trkpt lat="43.288140" lon="-2.204530"/>
      <trkpt lat="43.288120" lon="-2.204560"/>
      <trkpt lat="43.288100" lon="-2.204590"/>
      <trkpt lat="43.288080" lon="-2.204610"/>
      <trkpt lat="43.288060" lon="-2.204630"/>
      <trkpt lat="43.288040" lon="-2.204650"/>
      <trkpt lat="43.288010" lon="-2.204660"/>
      <trkpt lat="43.287990" lon="-2.204680"/>
      <trkpt lat="43.287960" lon="-2.204690"/>
      <trkpt lat="43.287930" lon="-2.204700"/>
      <trkpt lat="43.287880" lon="-2.204730"/>
      <trkpt lat="43.287850" lon="-2.204750"/>
      <trkpt lat="43.287820" lon="-2.204770"/>
      <trkpt lat="43.287800" lon="-2.204790"/>
      <trkpt lat="43.287770" lon="-2.204830"/>
      <trkpt lat="43.287740" lon="-2.204860"/>
      <trkpt lat="43.287730" lon="-2.204900"/>
      <trkpt lat="43.287710" lon="-2.204930"/>
      <trkpt lat="43.287690" lon="-2.204970"/>
      <trkpt lat="43.287680" lon="-2.205010"/>
      <trkpt lat="43.287670" lon="-2.205050"/>
      <trkpt lat="43.287660" lon="-2.205100"/>
      <trkpt lat="43.287650" lon="-2.205150"/>
      <trkpt lat="43.287650" lon="-2.205200"/>
      <trkpt lat="43.287640" lon="-2.205250"/>
      <trkpt lat="43.287640" lon="-2.205310"/>
      <trkpt lat="43.287640" lon="-2.205380"/>
      <trkpt lat="43.287640" lon="-2.205430"/>
      <trkpt lat="43.287630" lon="-2.205480"/>
      <trkpt lat="43.287620" lon="-2.205550"/>
      <trkpt lat="43.287620" lon="-2.205600"/>
      <trkpt lat="43.287600" lon="-2.205660"/>
      <trkpt lat="43.287590" lon="-2.205760"/>
      <trkpt lat="43.287570" lon="-2.205850"/>
      <trkpt lat="43.287560" lon="-2.205920"/>
      <trkpt lat="43.287550" lon="-2.205990"/>
      <trkpt lat="43.287540" lon="-2.206080"/>
      <trkpt lat="43.287540" lon="-2.206160"/>
      <trkpt lat="43.287530" lon="-2.206240"/>
      <trkpt lat="43.287530" lon="-2.206310"/>
      <trkpt lat="43.287530" lon="-2.206420"/>
      <trkpt lat="43.287530" lon="-2.206490"/>
      <trkpt lat="43.287540" lon="-2.206550"/>
      <trkpt lat="43.287540" lon="-2.206610"/>
      <trkpt lat="43.287550" lon="-2.206660"/>
      <trkpt lat="43.287560" lon="-2.206710"/>
      <trkpt lat="43.287570" lon="-2.206750"/>
      <trkpt lat="43.287580" lon="-2.206790"/>
      <trkpt lat="43.287590" lon="-2.206850"/>
      <trkpt lat="43.287610" lon="-2.206900"/>
      <trkpt lat="43.287620" lon="-2.206940"/>
      <trkpt lat="43.287630" lon="-2.206990"/>
      <trkpt lat="43.287650" lon="-2.207040"/>
      <trkpt lat="43.287670" lon="-2.207090"/>
      <trkpt lat="43.287690" lon="-2.207130"/>
      <trkpt lat="43.287710" lon="-2.207170"/>
      <trkpt lat="43.287720" lon="-2.207210"/>
      <trkpt lat="43.287750" lon="-2.207270"/>
      <trkpt lat="43.287800" lon="-2.207360"/>
      <trkpt lat="43.287840" lon="-2.207440"/>
      <trkpt lat="43.287860" lon="-2.207470"/>
      <trkpt lat="43.287880" lon="-2.207520"/>
      <trkpt lat="43.287900" lon="-2.207560"/>
      <trkpt lat="43.287920" lon="-2.207610"/>
      <trkpt lat="43.287970" lon="-2.207730"/>
      <trkpt lat="43.287990" lon="-2.207780"/>
      <trkpt lat="43.288010" lon="-2.207820"/>
      <trkpt lat="43.288030" lon="-2.207860"/>
      <trkpt lat="43.288050" lon="-2.207900"/>
      <trkpt lat="43.288100" lon="-2.207990"/>
      <trkpt lat="43.288140" lon="-2.208050"/>
      <trkpt lat="43.288160" lon="-2.208090"/>
      <trkpt lat="43.288170" lon="-2.208110"/>
      <trkpt lat="43.288190" lon="-2.208140"/>
      <trkpt lat="43.288210" lon="-2.208170"/>
      <trkpt lat="43.288230" lon="-2.208210"/>
      <trkpt lat="43.288260" lon="-2.208240"/>
      <trkpt lat="43.288290" lon="-2.208280"/>
      <trkpt lat="43.288310" lon="-2.208300"/>
      <trkpt lat="43.288330" lon="-2.208330"/>
      <trkpt lat="43.288360" lon="-2.208350"/>
      <trkpt lat="43.288380" lon="-2.208380"/>
      <trkpt lat="43.288410" lon="-2.208410"/>
      <trkpt lat="43.288430" lon="-2.208430"/>
      <trkpt lat="43.288450" lon="-2.208440"/>
      <trkpt lat="43.288470" lon="-2.208460"/>
      <trkpt lat="43.288480" lon="-2.208480"/>
      <trkpt lat="43.288490" lon="-2.208490"/>
      <trkpt lat="43.288500" lon="-2.208510"/>
      <trkpt lat="43.288510" lon="-2.208520"/>
      <trkpt lat="43.288520" lon="-2.208540"/>
      <trkpt lat="43.288520" lon="-2.208560"/>
      <trkpt lat="43.288530" lon="-2.208580"/>
      <trkpt lat="43.288530" lon="-2.208600"/>
      <trkpt lat="43.288530" lon="-2.208620"/>
      <trkpt lat="43.288520" lon="-2.208640"/>
      <trkpt lat="43.288520" lon="-2.208650"/>
      <trkpt lat="43.288510" lon="-2.208670"/>
      <trkpt lat="43.288500" lon="-2.208680"/>
      <trkpt lat="43.288490" lon="-2.208680"/>
      <trkpt lat="43.288470" lon="-2.208680"/>
      <trkpt lat="43.288460" lon="-2.208680"/>
      <trkpt lat="43.288450" lon="-2.208670"/>
      <trkpt lat="43.288440" lon="-2.208670"/>
      <trkpt lat="43.288430" lon="-2.208660"/>
      <trkpt lat="43.288420" lon="-2.208650"/>
      <trkpt lat="43.288410" lon="-2.208630"/>
      <trkpt lat="43.288390" lon="-2.208600"/>
      <trkpt lat="43.288360" lon="-2.208560"/>
      <trkpt lat="43.288340" lon="-2.208530"/>
      <trkpt lat="43.288310" lon="-2.208490"/>
      <trkpt lat="43.288280" lon="-2.208460"/>
      <trkpt lat="43.288250" lon="-2.208430"/>
      <trkpt lat="43.288190" lon="-2.208360"/>
      <trkpt lat="43.288160" lon="-2.208330"/>
      <trkpt lat="43.288130" lon="-2.208300"/>
      <trkpt lat="43.288090" lon="-2.208270"/>
      <trkpt lat="43.288060" lon="-2.208240"/>
      <trkpt lat="43.288010" lon="-2.208200"/>
      <trkpt lat="43.287970" lon="-2.208160"/>
      <trkpt lat="43.287910" lon="-2.208110"/>
      <trkpt lat="43.287860" lon="-2.208060"/>
      <trkpt lat="43.287760" lon="-2.207960"/>
      <trkpt lat="43.287700" lon="-2.207890"/>
      <trkpt lat="43.287670" lon="-2.207860"/>
      <trkpt lat="43.287640" lon="-2.207830"/>
      <trkpt lat="43.287620" lon="-2.207810"/>
      <trkpt lat="43.287590" lon="-2.207790"/>
      <trkpt lat="43.287560" lon="-2.207760"/>
      <trkpt lat="43.287510" lon="-2.207730"/>
      <trkpt lat="43.287460" lon="-2.207700"/>
      <trkpt lat="43.287400" lon="-2.207660"/>
      <trkpt lat="43.287370" lon="-2.207640"/>
      <trkpt lat="43.287350" lon="-2.207630"/>
      <trkpt lat="43.287320" lon="-2.207600"/>
      <trkpt lat="43.287290" lon="-2.207570"/>
      <trkpt lat="43.287250" lon="-2.207540"/>
      <trkpt lat="43.287210" lon="-2.207490"/>
      <trkpt lat="43.287180" lon="-2.207460"/>
      <trkpt lat="43.287080" lon="-2.207340"/>
      <trkpt lat="43.286900" lon="-2.207130"/>
      <trkpt lat="43.286720" lon="-2.206910"/>
      <trkpt lat="43.286700" lon="-2.206890"/>
      <trkpt lat="43.286560" lon="-2.206690"/>
      <trkpt lat="43.286500" lon="-2.206610"/>
      <trkpt lat="43.286460" lon="-2.206560"/>
      <trkpt lat="43.286430" lon="-2.206530"/>
      <trkpt lat="43.286410" lon="-2.206510"/>
      <trkpt lat="43.286390" lon="-2.206500"/>
      <trkpt lat="43.286360" lon="-2.206490"/>
      <trkpt lat="43.286340" lon="-2.206480"/>
      <trkpt lat="43.286320" lon="-2.206480"/>
      <trkpt lat="43.286300" lon="-2.206480"/>
      <trkpt lat="43.286280" lon="-2.206480"/>
      <trkpt lat="43.286270" lon="-2.206480"/>
      <trkpt lat="43.286230" lon="-2.206490"/>
      <trkpt lat="43.286200" lon="-2.206500"/>
      <trkpt lat="43.286170" lon="-2.206510"/>
      <trkpt lat="43.286140" lon="-2.206530"/>
      <trkpt lat="43.286110" lon="-2.206550"/>
      <trkpt lat="43.286010" lon="-2.206630"/>
      <trkpt lat="43.285970" lon="-2.206660"/>
      <trkpt lat="43.285740" lon="-2.206830"/>
      <trkpt lat="43.285640" lon="-2.206910"/>
      <trkpt lat="43.285470" lon="-2.207050"/>
      <trkpt lat="43.285280" lon="-2.207200"/>
      <trkpt lat="43.285230" lon="-2.207240"/>
      <trkpt lat="43.285150" lon="-2.207300"/>
      <trkpt lat="43.285090" lon="-2.207350"/>
      <trkpt lat="43.285060" lon="-2.207390"/>
      <trkpt lat="43.285030" lon="-2.207420"/>
      <trkpt lat="43.284980" lon="-2.207470"/>
      <trkpt lat="43.284940" lon="-2.207510"/>
      <trkpt lat="43.284930" lon="-2.207530"/>
      <trkpt lat="43.284910" lon="-2.207550"/>
      <trkpt lat="43.284890" lon="-2.207590"/>
      <trkpt lat="43.284760" lon="-2.207800"/>
      <trkpt lat="43.284700" lon="-2.207890"/>
      <trkpt lat="43.284650" lon="-2.207970"/>
      <trkpt lat="43.284590" lon="-2.208060"/>
      <trkpt lat="43.284540" lon="-2.208150"/>
      <trkpt lat="43.284480" lon="-2.208230"/>
      <trkpt lat="43.284440" lon="-2.208300"/>
      <trkpt lat="43.284380" lon="-2.208370"/>
      <trkpt lat="43.284340" lon="-2.208420"/>
      <trkpt lat="43.284300" lon="-2.208460"/>
      <trkpt lat="43.284280" lon="-2.208490"/>
      <trkpt lat="43.284230" lon="-2.208530"/>
      <trkpt lat="43.284190" lon="-2.208570"/>
      <trkpt lat="43.284150" lon="-2.208590"/>
      <trkpt lat="43.284110" lon="-2.208610"/>
      <trkpt lat="43.284070" lon="-2.208630"/>
      <trkpt lat="43.284030" lon="-2.208640"/>
      <trkpt lat="43.283990" lon="-2.208650"/>
      <trkpt lat="43.283940" lon="-2.208660"/>
      <trkpt lat="43.283890" lon="-2.208660"/>
      <trkpt lat="43.283840" lon="-2.208660"/>
      <trkpt lat="43.283800" lon="-2.208660"/>
      <trkpt lat="43.283760" lon="-2.208650"/>
      <trkpt lat="43.283700" lon="-2.208640"/>
      <trkpt lat="43.283590" lon="-2.208610"/>
      <trkpt lat="43.283510" lon="-2.208580"/>
      <trkpt lat="43.283180" lon="-2.208440"/>
      <trkpt lat="43.282990" lon="-2.208370"/>
      <trkpt lat="43.282940" lon="-2.208360"/>
      <trkpt lat="43.282920" lon="-2.208350"/>
      <trkpt lat="43.282900" lon="-2.208340"/>
      <trkpt lat="43.282880" lon="-2.208340"/>
      <trkpt lat="43.282860" lon="-2.208340"/>
      <trkpt lat="43.282860" lon="-2.208340"/>
      <trkpt lat="43.282840" lon="-2.208340"/>
      <trkpt lat="43.282820" lon="-2.208340"/>
      <trkpt lat="43.282800" lon="-2.208340"/>
      <trkpt lat="43.282780" lon="-2.208350"/>
      <trkpt lat="43.282760" lon="-2.208350"/>
      <trkpt lat="43.282730" lon="-2.208360"/>
      <trkpt lat="43.282710" lon="-2.208370"/>
      <trkpt lat="43.282680" lon="-2.208380"/>
      <trkpt lat="43.282660" lon="-2.208390"/>
      <trkpt lat="43.282630" lon="-2.208400"/>
      <trkpt lat="43.282610" lon="-2.208410"/>
      <trkpt lat="43.282580" lon="-2.208430"/>
      <trkpt lat="43.282520" lon="-2.208470"/>
      <trkpt lat="43.282360" lon="-2.208590"/>
      <trkpt lat="43.282320" lon="-2.208620"/>
      <trkpt lat="43.281940" lon="-2.208940"/>
      <trkpt lat="43.281830" lon="-2.209020"/>
      <trkpt lat="43.281790" lon="-2.209040"/>
      <trkpt lat="43.281780" lon="-2.209050"/>
      <trkpt lat="43.281760" lon="-2.209060"/>
      <trkpt lat="43.281750" lon="-2.209070"/>
      <trkpt lat="43.281730" lon="-2.209080"/>
      <trkpt lat="43.281710" lon="-2.209090"/>
      <trkpt lat="43.281700" lon="-2.209090"/>
      <trkpt lat="43.281690" lon="-2.209090"/>
      <trkpt lat="43.281670" lon="-2.209100"/>
      <trkpt lat="43.281650" lon="-2.209100"/>
      <trkpt lat="43.281630" lon="-2.209110"/>
      <trkpt lat="43.281620" lon="-2.209110"/>
      <trkpt lat="43.281610" lon="-2.209110"/>
      <trkpt lat="43.281590" lon="-2.209120"/>
      <trkpt lat="43.281580" lon="-2.209130"/>
      <trkpt lat="43.281570" lon="-2.209140"/>
      <trkpt lat="43.281560" lon="-2.209150"/>
      <trkpt lat="43.281550" lon="-2.209160"/>
      <trkpt lat="43.281540" lon="-2.209170"/>
      <trkpt lat="43.281530" lon="-2.209180"/>
      <trkpt lat="43.281510" lon="-2.209190"/>
      <trkpt lat="43.281500" lon="-2.209190"/>
      <trkpt lat="43.281490" lon="-2.209200"/>
      <trkpt lat="43.281470" lon="-2.209200"/>
      <trkpt lat="43.281450" lon="-2.209200"/>
      <trkpt lat="43.281430" lon="-2.209190"/>
      <trkpt lat="43.281410" lon="-2.209190"/>
      <trkpt lat="43.281400" lon="-2.209170"/>
      <trkpt lat="43.281380" lon="-2.209160"/>
      <trkpt lat="43.281370" lon="-2.209140"/>
      <trkpt lat="43.281360" lon="-2.209120"/>
      <trkpt lat="43.281350" lon="-2.209090"/>
      <trkpt lat="43.281350" lon="-2.209070"/>
      <trkpt lat="43.281340" lon="-2.209060"/>
      <trkpt lat="43.281340" lon="-2.209050"/>
      <trkpt lat="43.281340" lon="-2.209020"/>
      <trkpt lat="43.281350" lon="-2.208990"/>
      <trkpt lat="43.281350" lon="-2.208970"/>
      <trkpt lat="43.281360" lon="-2.208950"/>
      <trkpt lat="43.281370" lon="-2.208920"/>
      <trkpt lat="43.281380" lon="-2.208910"/>
      <trkpt lat="43.281430" lon="-2.208820"/>
      <trkpt lat="43.281480" lon="-2.208740"/>
      <trkpt lat="43.281510" lon="-2.208670"/>
      <trkpt lat="43.281540" lon="-2.208610"/>
      <trkpt lat="43.281670" lon="-2.208360"/>
      <trkpt lat="43.281760" lon="-2.208110"/>
      <trkpt lat="43.281800" lon="-2.208020"/>
      <trkpt lat="43.281820" lon="-2.207960"/>
      <trkpt lat="43.281830" lon="-2.207950"/>
      <trkpt lat="43.281830" lon="-2.207940"/>
      <trkpt lat="43.281840" lon="-2.207910"/>
      <trkpt lat="43.281850" lon="-2.207890"/>
      <trkpt lat="43.281870" lon="-2.207860"/>
      <trkpt lat="43.281890" lon="-2.207830"/>
      <trkpt lat="43.281910" lon="-2.207790"/>
      <trkpt lat="43.281930" lon="-2.207770"/>
      <trkpt lat="43.281940" lon="-2.207750"/>
      <trkpt lat="43.281950" lon="-2.207730"/>
      <trkpt lat="43.281970" lon="-2.207720"/>
      <trkpt lat="43.281990" lon="-2.207690"/>
      <trkpt lat="43.282010" lon="-2.207660"/>
      <trkpt lat="43.282040" lon="-2.207630"/>
      <trkpt lat="43.282090" lon="-2.207580"/>
      <trkpt lat="43.282200" lon="-2.207470"/>
      <trkpt lat="43.282270" lon="-2.207410"/>
      <trkpt lat="43.282330" lon="-2.207350"/>
      <trkpt lat="43.282410" lon="-2.207270"/>
      <trkpt lat="43.282450" lon="-2.207220"/>
      <trkpt lat="43.282480" lon="-2.207190"/>
      <trkpt lat="43.282500" lon="-2.207170"/>
      <trkpt lat="43.282560" lon="-2.207110"/>
      <trkpt lat="43.282570" lon="-2.207090"/>
      <trkpt lat="43.282590" lon="-2.207070"/>
      <trkpt lat="43.282620" lon="-2.207030"/>
      <trkpt lat="43.282630" lon="-2.207000"/>
      <trkpt lat="43.282650" lon="-2.206990"/>
      <trkpt lat="43.282660" lon="-2.206970"/>
      <trkpt lat="43.282710" lon="-2.206890"/>
      <trkpt lat="43.282790" lon="-2.206750"/>
      <trkpt lat="43.282820" lon="-2.206710"/>
      <trkpt lat="43.282850" lon="-2.206670"/>
      <trkpt lat="43.282880" lon="-2.206630"/>
      <trkpt lat="43.282910" lon="-2.206600"/>
      <trkpt lat="43.282940" lon="-2.206560"/>
      <trkpt lat="43.283010" lon="-2.206500"/>
      <trkpt lat="43.283030" lon="-2.206480"/>
      <trkpt lat="43.283040" lon="-2.206460"/>
      <trkpt lat="43.283070" lon="-2.206440"/>
      <trkpt lat="43.283100" lon="-2.206420"/>
      <trkpt lat="43.283140" lon="-2.206380"/>
      <trkpt lat="43.283180" lon="-2.206360"/>
      <trkpt lat="43.283280" lon="-2.206290"/>
      <trkpt lat="43.283670" lon="-2.206020"/>
      <trkpt lat="43.283870" lon="-2.205880"/>
      <trkpt lat="43.283890" lon="-2.205870"/>
      <trkpt lat="43.283910" lon="-2.205850"/>
      <trkpt lat="43.283930" lon="-2.205830"/>
      <trkpt lat="43.283970" lon="-2.205800"/>
      <trkpt lat="43.284000" lon="-2.205770"/>
      <trkpt lat="43.284020" lon="-2.205750"/>
      <trkpt lat="43.284040" lon="-2.205730"/>
      <trkpt lat="43.284060" lon="-2.205720"/>
      <trkpt lat="43.284070" lon="-2.205700"/>
      <trkpt lat="43.284090" lon="-2.205680"/>
      <trkpt lat="43.284100" lon="-2.205670"/>
      <trkpt lat="43.284120" lon="-2.205650"/>
      <trkpt lat="43.284130" lon="-2.205630"/>
      <trkpt lat="43.284150" lon="-2.205600"/>
      <trkpt lat="43.284180" lon="-2.205560"/>
      <trkpt lat="43.284210" lon="-2.205520"/>
      <trkpt lat="43.284240" lon="-2.205480"/>
      <trkpt lat="43.284270" lon="-2.205430"/>
      <trkpt lat="43.284480" lon="-2.205080"/>
      <trkpt lat="43.284610" lon="-2.204870"/>
      <trkpt lat="43.284690" lon="-2.204740"/>
      <trkpt lat="43.284760" lon="-2.204640"/>
      <trkpt lat="43.284790" lon="-2.204590"/>
      <trkpt lat="43.284820" lon="-2.204560"/>
      <trkpt lat="43.284850" lon="-2.204530"/>
      <trkpt lat="43.284870" lon="-2.204510"/>
      <trkpt lat="43.284890" lon="-2.204500"/>
      <trkpt lat="43.284910" lon="-2.204490"/>
      <trkpt lat="43.284930" lon="-2.204470"/>
      <trkpt lat="43.284960" lon="-2.204460"/>
      <trkpt lat="43.284980" lon="-2.204450"/>
      <trkpt lat="43.285010" lon="-2.204450"/>
      <trkpt lat="43.285030" lon="-2.204440"/>
      <trkpt lat="43.285040" lon="-2.204440"/>
      <trkpt lat="43.285060" lon="-2.204440"/>
      <trkpt lat="43.285080" lon="-2.204440"/>
      <trkpt lat="43.285100" lon="-2.204450"/>
      <trkpt lat="43.285120" lon="-2.204460"/>
      <trkpt lat="43.285140" lon="-2.204470"/>
      <trkpt lat="43.285160" lon="-2.204480"/>
      <trkpt lat="43.285180" lon="-2.204490"/>
      <trkpt lat="43.285200" lon="-2.204510"/>
      <trkpt lat="43.285220" lon="-2.204530"/>
      <trkpt lat="43.285230" lon="-2.204550"/>
      <trkpt lat="43.285250" lon="-2.204570"/>
      <trkpt lat="43.285270" lon="-2.204610"/>
      <trkpt lat="43.285310" lon="-2.204680"/>
      <trkpt lat="43.285350" lon="-2.204750"/>
      <trkpt lat="43.285370" lon="-2.204800"/>
      <trkpt lat="43.285390" lon="-2.204840"/>
      <trkpt lat="43.285410" lon="-2.204880"/>
      <trkpt lat="43.285430" lon="-2.204900"/>
      <trkpt lat="43.285450" lon="-2.204920"/>
      <trkpt lat="43.285460" lon="-2.204940"/>
      <trkpt lat="43.285480" lon="-2.204960"/>
      <trkpt lat="43.285510" lon="-2.204980"/>
      <trkpt lat="43.285540" lon="-2.205010"/>
      <trkpt lat="43.285560" lon="-2.205020"/>
      <trkpt lat="43.285580" lon="-2.205040"/>
      <trkpt lat="43.285600" lon="-2.205050"/>
      <trkpt lat="43.285620" lon="-2.205060"/>
      <trkpt lat="43.285640" lon="-2.205060"/>
      <trkpt lat="43.285660" lon="-2.205070"/>
      <trkpt lat="43.285690" lon="-2.205080"/>
      <trkpt lat="43.285700" lon="-2.205080"/>
      <trkpt lat="43.285730" lon="-2.205080"/>
      <trkpt lat="43.285750" lon="-2.205080"/>
      <trkpt lat="43.285760" lon="-2.205070"/>
      <trkpt lat="43.285780" lon="-2.205070"/>
      <trkpt lat="43.285790" lon="-2.205060"/>
      <trkpt lat="43.285800" lon="-2.205060"/>
      <trkpt lat="43.285820" lon="-2.205050"/>
      <trkpt lat="43.285840" lon="-2.205030"/>
      <trkpt lat="43.285850" lon="-2.205020"/>
      <trkpt lat="43.285860" lon="-2.205010"/>
      <trkpt lat="43.285890" lon="-2.204990"/>
      <trkpt lat="43.285910" lon="-2.204970"/>
      <trkpt lat="43.285930" lon="-2.204950"/>
      <trkpt lat="43.285940" lon="-2.204940"/>
      <trkpt lat="43.285960" lon="-2.204920"/>
      <trkpt lat="43.286000" lon="-2.204880"/>
      <trkpt lat="43.286020" lon="-2.204860"/>
      <trkpt lat="43.286030" lon="-2.204850"/>
      <trkpt lat="43.286050" lon="-2.204830"/>
      <trkpt lat="43.286060" lon="-2.204810"/>
      <trkpt lat="43.286080" lon="-2.204790"/>
      <trkpt lat="43.286090" lon="-2.204770"/>
      <trkpt lat="43.286100" lon="-2.204750"/>
      <trkpt lat="43.286110" lon="-2.204730"/>
      <trkpt lat="43.286120" lon="-2.204710"/>
      <trkpt lat="43.286130" lon="-2.204680"/>
      <trkpt lat="43.286140" lon="-2.204660"/>
      <trkpt lat="43.286150" lon="-2.204630"/>
      <trkpt lat="43.286150" lon="-2.204600"/>
      <trkpt lat="43.286160" lon="-2.204560"/>
      <trkpt lat="43.286170" lon="-2.204530"/>
      <trkpt lat="43.286180" lon="-2.204490"/>
      <trkpt lat="43.286190" lon="-2.204430"/>
      <trkpt lat="43.286190" lon="-2.204370"/>
      <trkpt lat="43.286200" lon="-2.204310"/>
      <trkpt lat="43.286220" lon="-2.204190"/>
      <trkpt lat="43.286220" lon="-2.204180"/>
      <trkpt lat="43.286230" lon="-2.204160"/>
      <trkpt lat="43.286230" lon="-2.204140"/>
      <trkpt lat="43.286240" lon="-2.204120"/>
      <trkpt lat="43.286240" lon="-2.204100"/>
      <trkpt lat="43.286250" lon="-2.204070"/>
      <trkpt lat="43.286260" lon="-2.204050"/>
      <trkpt lat="43.286270" lon="-2.204000"/>
      <trkpt lat="43.286300" lon="-2.203940"/>
      <trkpt lat="43.286330" lon="-2.203860"/>
      <trkpt lat="43.286340" lon="-2.203820"/>
      <trkpt lat="43.286360" lon="-2.203770"/>
      <trkpt lat="43.286360" lon="-2.203750"/>
      <trkpt lat="43.286370" lon="-2.203720"/>
      <trkpt lat="43.286370" lon="-2.203700"/>
      <trkpt lat="43.286380" lon="-2.203680"/>
      <trkpt lat="43.286380" lon="-2.203650"/>
      <trkpt lat="43.286380" lon="-2.203620"/>
      <trkpt lat="43.286370" lon="-2.203600"/>
      <trkpt lat="43.286370" lon="-2.203570"/>
      <trkpt lat="43.286370" lon="-2.203550"/>
      <trkpt lat="43.286360" lon="-2.203520"/>
      <trkpt lat="43.286350" lon="-2.203500"/>
      <trkpt lat="43.286340" lon="-2.203480"/>
      <trkpt lat="43.286330" lon="-2.203460"/>
      <trkpt lat="43.286320" lon="-2.203440"/>
      <trkpt lat="43.286310" lon="-2.203420"/>
      <trkpt lat="43.286300" lon="-2.203400"/>
      <trkpt lat="43.286290" lon="-2.203390"/>
      <trkpt lat="43.286270" lon="-2.203370"/>
      <trkpt lat="43.286240" lon="-2.203330"/>
      <trkpt lat="43.286220" lon="-2.203300"/>
      <trkpt lat="43.286200" lon="-2.203290"/>
      <trkpt lat="43.286180" lon="-2.203270"/>
      <trkpt lat="43.286150" lon="-2.203250"/>
      <trkpt lat="43.286090" lon="-2.203210"/>
      <trkpt lat="43.286060" lon="-2.203180"/>
      <trkpt lat="43.286030" lon="-2.203170"/>
      <trkpt lat="43.285820" lon="-2.202990"/>
      <trkpt lat="43.285760" lon="-2.202930"/>
      <trkpt lat="43.285700" lon="-2.202880"/>
      <trkpt lat="43.285660" lon="-2.202840"/>
      <trkpt lat="43.285620" lon="-2.202800"/>
      <trkpt lat="43.285570" lon="-2.202750"/>
      <trkpt lat="43.285530" lon="-2.202710"/>
      <trkpt lat="43.285510" lon="-2.202690"/>
      <trkpt lat="43.285500" lon="-2.202670"/>
      <trkpt lat="43.285490" lon="-2.202650"/>
      <trkpt lat="43.285470" lon="-2.202630"/>
      <trkpt lat="43.285420" lon="-2.202540"/>
      <trkpt lat="43.285380" lon="-2.202470"/>
      <trkpt lat="43.285350" lon="-2.202430"/>
      <trkpt lat="43.285340" lon="-2.202410"/>
      <trkpt lat="43.285320" lon="-2.202390"/>
      <trkpt lat="43.285300" lon="-2.202360"/>
      <trkpt lat="43.285290" lon="-2.202330"/>
      <trkpt lat="43.285270" lon="-2.202310"/>
      <trkpt lat="43.285050" lon="-2.202030"/>
      <trkpt lat="43.285030" lon="-2.201990"/>
      <trkpt lat="43.285010" lon="-2.201970"/>
      <trkpt lat="43.284990" lon="-2.201950"/>
      <trkpt lat="43.284970" lon="-2.201930"/>
      <trkpt lat="43.284960" lon="-2.201910"/>
      <trkpt lat="43.284940" lon="-2.201890"/>
      <trkpt lat="43.284930" lon="-2.201870"/>
      <trkpt lat="43.284910" lon="-2.201860"/>
      <trkpt lat="43.284900" lon="-2.201850"/>
      <trkpt lat="43.284880" lon="-2.201840"/>
      <trkpt lat="43.284870" lon="-2.201830"/>
      <trkpt lat="43.284840" lon="-2.201820"/>
      <trkpt lat="43.284830" lon="-2.201810"/>
      <trkpt lat="43.284810" lon="-2.201810"/>
      <trkpt lat="43.284800" lon="-2.201800"/>
      <trkpt lat="43.284790" lon="-2.201800"/>
      <trkpt lat="43.284780" lon="-2.201800"/>
      <trkpt lat="43.284760" lon="-2.201800"/>
      <trkpt lat="43.284750" lon="-2.201790"/>
      <trkpt lat="43.284740" lon="-2.201790"/>
      <trkpt lat="43.284720" lon="-2.201800"/>
      <trkpt lat="43.284700" lon="-2.201800"/>
      <trkpt lat="43.284680" lon="-2.201800"/>
      <trkpt lat="43.284670" lon="-2.201800"/>
      <trkpt lat="43.284650" lon="-2.201810"/>
      <trkpt lat="43.284630" lon="-2.201820"/>
      <trkpt lat="43.284620" lon="-2.201820"/>
      <trkpt lat="43.284600" lon="-2.201830"/>
      <trkpt lat="43.284590" lon="-2.201840"/>
      <trkpt lat="43.284570" lon="-2.201840"/>
      <trkpt lat="43.284390" lon="-2.201940"/>
      <trkpt lat="43.284340" lon="-2.201970"/>
      <trkpt lat="43.284310" lon="-2.201990"/>
      <trkpt lat="43.284280" lon="-2.202000"/>
      <trkpt lat="43.284250" lon="-2.202010"/>
      <trkpt lat="43.284230" lon="-2.202020"/>
      <trkpt lat="43.284210" lon="-2.202030"/>
      <trkpt lat="43.284190" lon="-2.202040"/>
      <trkpt lat="43.284180" lon="-2.202040"/>
      <trkpt lat="43.284170" lon="-2.202040"/>
      <trkpt lat="43.284160" lon="-2.202050"/>
      <trkpt lat="43.284150" lon="-2.202050"/>
      <trkpt lat="43.284140" lon="-2.202050"/>
      <trkpt lat="43.284120" lon="-2.202050"/>
      <trkpt lat="43.284100" lon="-2.202060"/>
      <trkpt lat="43.284080" lon="-2.202060"/>
      <trkpt lat="43.284060" lon="-2.202060"/>
      <trkpt lat="43.284040" lon="-2.202060"/>
      <trkpt lat="43.284030" lon="-2.202060"/>
      <trkpt lat="43.284020" lon="-2.202060"/>
      <trkpt lat="43.284000" lon="-2.202060"/>
      <trkpt lat="43.283970" lon="-2.202060"/>
      <trkpt lat="43.283950" lon="-2.202060"/>
      <trkpt lat="43.283920" lon="-2.202050"/>
      <trkpt lat="43.283900" lon="-2.202050"/>
      <trkpt lat="43.283880" lon="-2.202040"/>
      <trkpt lat="43.283820" lon="-2.202030"/>
      <trkpt lat="43.283800" lon="-2.202020"/>
      <trkpt lat="43.283780" lon="-2.202010"/>
      <trkpt lat="43.283770" lon="-2.202010"/>
      <trkpt lat="43.283750" lon="-2.202000"/>
      <trkpt lat="43.283720" lon="-2.201990"/>
      <trkpt lat="43.283680" lon="-2.201970"/>
      <trkpt lat="43.283640" lon="-2.201950"/>
      <trkpt lat="43.283620" lon="-2.201940"/>
      <trkpt lat="43.283600" lon="-2.201940"/>
      <trkpt lat="43.283580" lon="-2.201920"/>
      <trkpt lat="43.283570" lon="-2.201920"/>
      <trkpt lat="43.283510" lon="-2.201880"/>
      <trkpt lat="43.283480" lon="-2.201860"/>
      <trkpt lat="43.283450" lon="-2.201850"/>
      <trkpt lat="43.283430" lon="-2.201830"/>
      <trkpt lat="43.283400" lon="-2.201810"/>
      <trkpt lat="43.283380" lon="-2.201800"/>
      <trkpt lat="43.283360" lon="-2.201780"/>
      <trkpt lat="43.283340" lon="-2.201760"/>
      <trkpt lat="43.283320" lon="-2.201740"/>
      <trkpt lat="43.283260" lon="-2.201690"/>
      <trkpt lat="43.283240" lon="-2.201660"/>
      <trkpt lat="43.283210" lon="-2.201640"/>
      <trkpt lat="43.283180" lon="-2.201610"/>
      <trkpt lat="43.283140" lon="-2.201570"/>
      <trkpt lat="43.283110" lon="-2.201530"/>
      <trkpt lat="43.283070" lon="-2.201480"/>
      <trkpt lat="43.283010" lon="-2.201420"/>
      <trkpt lat="43.282990" lon="-2.201380"/>
      <trkpt lat="43.282960" lon="-2.201350"/>
      <trkpt lat="43.282940" lon="-2.201310"/>
      <trkpt lat="43.282910" lon="-2.201260"/>
      <trkpt lat="43.282870" lon="-2.201210"/>
      <trkpt lat="43.282830" lon="-2.201130"/>
      <trkpt lat="43.282810" lon="-2.201080"/>
      <trkpt lat="43.282790" lon="-2.201040"/>
      <trkpt lat="43.282780" lon="-2.201000"/>
      <trkpt lat="43.282760" lon="-2.200950"/>
      <trkpt lat="43.282750" lon="-2.200910"/>
      <trkpt lat="43.282730" lon="-2.200860"/>
      <trkpt lat="43.282720" lon="-2.200800"/>
      <trkpt lat="43.282700" lon="-2.200760"/>
      <trkpt lat="43.282690" lon="-2.200710"/>
      <trkpt lat="43.282680" lon="-2.200650"/>
      <trkpt lat="43.282670" lon="-2.200600"/>
      <trkpt lat="43.282650" lon="-2.200400"/>
      <trkpt lat="43.282630" lon="-2.200320"/>
      <trkpt lat="43.282620" lon="-2.200260"/>
      <trkpt lat="43.282570" lon="-2.199860"/>
      <trkpt lat="43.282510" lon="-2.199420"/>
      <trkpt lat="43.282500" lon="-2.199370"/>
      <trkpt lat="43.282500" lon="-2.199310"/>
      <trkpt lat="43.282490" lon="-2.199260"/>
      <trkpt lat="43.282490" lon="-2.199230"/>
      <trkpt lat="43.282480" lon="-2.199200"/>
      <trkpt lat="43.282480" lon="-2.199170"/>
      <trkpt lat="43.282480" lon="-2.199140"/>
      <trkpt lat="43.282480" lon="-2.199120"/>
      <trkpt lat="43.282480" lon="-2.199080"/>
      <trkpt lat="43.282480" lon="-2.199050"/>
      <trkpt lat="43.282480" lon="-2.199030"/>
      <trkpt lat="43.282480" lon="-2.198980"/>
      <trkpt lat="43.282490" lon="-2.198910"/>
      <trkpt lat="43.282520" lon="-2.198520"/>
      <trkpt lat="43.282530" lon="-2.198280"/>
      <trkpt lat="43.282540" lon="-2.198180"/>
      <trkpt lat="43.282550" lon="-2.198110"/>
      <trkpt lat="43.282550" lon="-2.198070"/>
      <trkpt lat="43.282560" lon="-2.198040"/>
      <trkpt lat="43.282560" lon="-2.198010"/>
      <trkpt lat="43.282560" lon="-2.197980"/>
      <trkpt lat="43.282570" lon="-2.197960"/>
      <trkpt lat="43.282570" lon="-2.197920"/>
      <trkpt lat="43.282580" lon="-2.197900"/>
      <trkpt lat="43.282580" lon="-2.197870"/>
      <trkpt lat="43.282590" lon="-2.197840"/>
      <trkpt lat="43.282600" lon="-2.197800"/>
      <trkpt lat="43.282610" lon="-2.197760"/>
      <trkpt lat="43.282620" lon="-2.197730"/>
      <trkpt lat="43.282620" lon="-2.197720"/>
      <trkpt lat="43.282630" lon="-2.197700"/>
      <trkpt lat="43.282630" lon="-2.197680"/>
      <trkpt lat="43.282640" lon="-2.197650"/>
      <trkpt lat="43.282660" lon="-2.197630"/>
      <trkpt lat="43.282670" lon="-2.197590"/>
      <trkpt lat="43.282680" lon="-2.197580"/>
      <trkpt lat="43.282690" lon="-2.197560"/>
      <trkpt lat="43.282690" lon="-2.197550"/>
      <trkpt lat="43.282700" lon="-2.197530"/>
      <trkpt lat="43.282720" lon="-2.197500"/>
      <trkpt lat="43.282740" lon="-2.197490"/>
      <trkpt lat="43.282750" lon="-2.197480"/>
      <trkpt lat="43.282760" lon="-2.197460"/>
      <trkpt lat="43.282770" lon="-2.197450"/>
      <trkpt lat="43.282790" lon="-2.197440"/>
      <trkpt lat="43.282800" lon="-2.197430"/>
      <trkpt lat="43.282810" lon="-2.197430"/>
      <trkpt lat="43.282820" lon="-2.197420"/>
      <trkpt lat="43.282830" lon="-2.197410"/>
      <trkpt lat="43.282840" lon="-2.197410"/>
      <trkpt lat="43.282850" lon="-2.197400"/>
      <trkpt lat="43.282860" lon="-2.197400"/>
      <trkpt lat="43.282870" lon="-2.197400"/>
      <trkpt lat="43.282880" lon="-2.197400"/>
      <trkpt lat="43.282890" lon="-2.197400"/>
      <trkpt lat="43.282900" lon="-2.197400"/>
      <trkpt lat="43.282910" lon="-2.197400"/>
      <trkpt lat="43.282920" lon="-2.197400"/>
      <trkpt lat="43.282940" lon="-2.197400"/>
      <trkpt lat="43.282940" lon="-2.197400"/>
      <trkpt lat="43.282960" lon="-2.197400"/>
      <trkpt lat="43.282970" lon="-2.197410"/>
      <trkpt lat="43.282980" lon="-2.197410"/>
      <trkpt lat="43.282990" lon="-2.197420"/>
      <trkpt lat="43.283010" lon="-2.197430"/>
      <trkpt lat="43.283030" lon="-2.197450"/>
      <trkpt lat="43.283050" lon="-2.197470"/>
      <trkpt lat="43.283100" lon="-2.197520"/>
      <trkpt lat="43.283190" lon="-2.197610"/>
      <trkpt lat="43.283310" lon="-2.197740"/>
      <trkpt lat="43.283620" lon="-2.198060"/>
      <trkpt lat="43.283700" lon="-2.198140"/>
      <trkpt lat="43.283740" lon="-2.198180"/>
      <trkpt lat="43.283760" lon="-2.198190"/>
      <trkpt lat="43.283760" lon="-2.198200"/>
      <trkpt lat="43.283780" lon="-2.198210"/>
      <trkpt lat="43.283790" lon="-2.198220"/>
      <trkpt lat="43.283800" lon="-2.198230"/>
      <trkpt lat="43.283820" lon="-2.198240"/>
      <trkpt lat="43.283850" lon="-2.198250"/>
      <trkpt lat="43.283870" lon="-2.198260"/>
      <trkpt lat="43.283880" lon="-2.198270"/>
      <trkpt lat="43.283900" lon="-2.198270"/>
      <trkpt lat="43.283920" lon="-2.198270"/>
      <trkpt lat="43.283940" lon="-2.198260"/>
      <trkpt lat="43.283960" lon="-2.198250"/>
      <trkpt lat="43.283980" lon="-2.198240"/>
      <trkpt lat="43.284000" lon="-2.198230"/>
      <trkpt lat="43.284010" lon="-2.198220"/>
      <trkpt lat="43.284030" lon="-2.198190"/>
      <trkpt lat="43.284050" lon="-2.198170"/>
      <trkpt lat="43.284060" lon="-2.198150"/>
      <trkpt lat="43.284070" lon="-2.198130"/>
      <trkpt lat="43.284070" lon="-2.198110"/>
      <trkpt lat="43.284080" lon="-2.198090"/>
      <trkpt lat="43.284090" lon="-2.198070"/>
      <trkpt lat="43.284090" lon="-2.198050"/>
      <trkpt lat="43.284090" lon="-2.198030"/>
      <trkpt lat="43.284090" lon="-2.198010"/>
      <trkpt lat="43.284090" lon="-2.197990"/>
      <trkpt lat="43.284090" lon="-2.197970"/>
      <trkpt lat="43.284090" lon="-2.197950"/>
      <trkpt lat="43.284080" lon="-2.197910"/>
      <trkpt lat="43.284070" lon="-2.197860"/>
      <trkpt lat="43.284050" lon="-2.197780"/>
      <trkpt lat="43.283930" lon="-2.197390"/>
      <trkpt lat="43.283790" lon="-2.196930"/>
      <trkpt lat="43.283470" lon="-2.195830"/>
      <trkpt lat="43.283430" lon="-2.195710"/>
      <trkpt lat="43.283390" lon="-2.195560"/>
      <trkpt lat="43.283370" lon="-2.195500"/>
      <trkpt lat="43.283360" lon="-2.195460"/>
      <trkpt lat="43.283340" lon="-2.195420"/>
      <trkpt lat="43.283330" lon="-2.195370"/>
      <trkpt lat="43.283310" lon="-2.195320"/>
      <trkpt lat="43.283290" lon="-2.195280"/>
      <trkpt lat="43.283280" lon="-2.195240"/>
      <trkpt lat="43.283270" lon="-2.195220"/>
      <trkpt lat="43.283260" lon="-2.195190"/>
      <trkpt lat="43.283250" lon="-2.195170"/>
      <trkpt lat="43.283230" lon="-2.195140"/>
      <trkpt lat="43.283220" lon="-2.195120"/>
      <trkpt lat="43.283200" lon="-2.195090"/>
      <trkpt lat="43.283190" lon="-2.195060"/>
      <trkpt lat="43.283160" lon="-2.195020"/>
      <trkpt lat="43.283140" lon="-2.194990"/>
      <trkpt lat="43.283090" lon="-2.194920"/>
      <trkpt lat="43.283040" lon="-2.194850"/>
      <trkpt lat="43.282950" lon="-2.194730"/>
      <trkpt lat="43.282920" lon="-2.194680"/>
      <trkpt lat="43.282880" lon="-2.194630"/>
      <trkpt lat="43.282870" lon="-2.194610"/>
      <trkpt lat="43.282850" lon="-2.194580"/>
      <trkpt lat="43.282830" lon="-2.194550"/>
      <trkpt lat="43.282750" lon="-2.194410"/>
      <trkpt lat="43.282680" lon="-2.194280"/>
      <trkpt lat="43.282640" lon="-2.194160"/>
      <trkpt lat="43.282630" lon="-2.194040"/>
      <trkpt lat="43.282630" lon="-2.193940"/>
      <trkpt lat="43.282650" lon="-2.193830"/>
      <trkpt lat="43.282700" lon="-2.193730"/>
      <trkpt lat="43.283370" lon="-2.193220"/>
      <trkpt lat="43.283430" lon="-2.193140"/>
      <trkpt lat="43.283450" lon="-2.193050"/>
      <trkpt lat="43.283450" lon="-2.192930"/>
      <trkpt lat="43.283430" lon="-2.192840"/>
      <trkpt lat="43.283390" lon="-2.192750"/>
      <trkpt lat="43.283330" lon="-2.192670"/>
      <trkpt lat="43.282980" lon="-2.192420"/>
      <trkpt lat="43.282840" lon="-2.192290"/>
      <trkpt lat="43.282740" lon="-2.192120"/>
      <trkpt lat="43.282640" lon="-2.191870"/>
      <trkpt lat="43.282540" lon="-2.191440"/>
      <trkpt lat="43.282550" lon="-2.190960"/>
      <trkpt lat="43.282590" lon="-2.190690"/>
      <trkpt lat="43.282600" lon="-2.190530"/>
      <trkpt lat="43.282600" lon="-2.190460"/>
      <trkpt lat="43.282590" lon="-2.190380"/>
      <trkpt lat="43.282400" lon="-2.190040"/>
      <trkpt lat="43.282340" lon="-2.189940"/>
      <trkpt lat="43.282250" lon="-2.189780"/>
      <trkpt lat="43.282200" lon="-2.189600"/>
      <trkpt lat="43.282170" lon="-2.189430"/>
      <trkpt lat="43.282170" lon="-2.188350"/>
      <trkpt lat="43.282170" lon="-2.187950"/>
      <trkpt lat="43.282220" lon="-2.186740"/>
      <trkpt lat="43.282230" lon="-2.186650"/>
      <trkpt lat="43.282230" lon="-2.186590"/>
      <trkpt lat="43.282240" lon="-2.186200"/>
      <trkpt lat="43.282260" lon="-2.185860"/>
      <trkpt lat="43.282330" lon="-2.185470"/>
      <trkpt lat="43.282390" lon="-2.185260"/>
      <trkpt lat="43.282460" lon="-2.185090"/>
      <trkpt lat="43.282530" lon="-2.184980"/>
      <trkpt lat="43.282610" lon="-2.184910"/>
      <trkpt lat="43.282730" lon="-2.184820"/>
      <trkpt lat="43.282750" lon="-2.184790"/>
      <trkpt lat="43.282810" lon="-2.184730"/>
      <trkpt lat="43.282860" lon="-2.184650"/>
      <trkpt lat="43.282890" lon="-2.184570"/>
      <trkpt lat="43.282900" lon="-2.184540"/>
      <trkpt lat="43.282910" lon="-2.184400"/>
      <trkpt lat="43.282900" lon="-2.184250"/>
      <trkpt lat="43.282880" lon="-2.184110"/>
      <trkpt lat="43.282850" lon="-2.183910"/>
      <trkpt lat="43.282840" lon="-2.183710"/>
      <trkpt lat="43.282850" lon="-2.183530"/>
      <trkpt lat="43.282910" lon="-2.183270"/>
      <trkpt lat="43.283010" lon="-2.182730"/>
      <trkpt lat="43.283090" lon="-2.182150"/>
      <trkpt lat="43.283130" lon="-2.181840"/>
      <trkpt lat="43.283150" lon="-2.181680"/>
      <trkpt lat="43.283250" lon="-2.180910"/>
      <trkpt lat="43.283260" lon="-2.180800"/>
      <trkpt lat="43.283290" lon="-2.180630"/>
      <trkpt lat="43.283390" lon="-2.180060"/>
      <trkpt lat="43.283400" lon="-2.179960"/>
      <trkpt lat="43.283400" lon="-2.179860"/>
      <trkpt lat="43.283400" lon="-2.179760"/>
      <trkpt lat="43.283390" lon="-2.179680"/>
      <trkpt lat="43.283290" lon="-2.179200"/>
      <trkpt lat="43.283240" lon="-2.178970"/>
      <trkpt lat="43.283240" lon="-2.178850"/>
      <trkpt lat="43.283260" lon="-2.178710"/>
      <trkpt lat="43.283310" lon="-2.178580"/>
      <trkpt lat="43.283350" lon="-2.178520"/>
      <trkpt lat="43.283400" lon="-2.178470"/>
      <trkpt lat="43.283730" lon="-2.178330"/>
      <trkpt lat="43.283800" lon="-2.178300"/>
      <trkpt lat="43.284010" lon="-2.178230"/>
      <trkpt lat="43.284270" lon="-2.178130"/>
      <trkpt lat="43.284430" lon="-2.178070"/>
      <trkpt lat="43.284950" lon="-2.177890"/>
      <trkpt lat="43.285290" lon="-2.177750"/>
      <trkpt lat="43.285410" lon="-2.177710"/>
      <trkpt lat="43.285720" lon="-2.177580"/>
      <trkpt lat="43.286070" lon="-2.177450"/>
      <trkpt lat="43.286340" lon="-2.177350"/>
      <trkpt lat="43.286370" lon="-2.177340"/>
      <trkpt lat="43.286450" lon="-2.177290"/>
      <trkpt lat="43.286490" lon="-2.177190"/>
      <trkpt lat="43.286510" lon="-2.177120"/>
      <trkpt lat="43.286550" lon="-2.177040"/>
      <trkpt lat="43.286610" lon="-2.176830"/>
      <trkpt lat="43.286670" lon="-2.176090"/>
      <trkpt lat="43.286730" lon="-2.175400"/>
      <trkpt lat="43.286730" lon="-2.175090"/>
      <trkpt lat="43.286720" lon="-2.174800"/>
      <trkpt lat="43.286720" lon="-2.174660"/>
      <trkpt lat="43.286710" lon="-2.174620"/>
      <trkpt lat="43.286680" lon="-2.174140"/>
      <trkpt lat="43.286610" lon="-2.173740"/>
      <trkpt lat="43.286360" lon="-2.172350"/>
      <trkpt lat="43.286250" lon="-2.171640"/>
      <trkpt lat="43.286220" lon="-2.171380"/>
      <trkpt lat="43.286220" lon="-2.171360"/>
      <trkpt lat="43.286210" lon="-2.171280"/>
      <trkpt lat="43.286130" lon="-2.170320"/>
      <trkpt lat="43.286090" lon="-2.170240"/>
      <trkpt lat="43.286090" lon="-2.170230"/>
      <trkpt lat="43.286030" lon="-2.169660"/>
      <trkpt lat="43.286020" lon="-2.169500"/>
      <trkpt lat="43.285960" lon="-2.168800"/>
      <trkpt lat="43.285860" lon="-2.167640"/>
      <trkpt lat="43.285850" lon="-2.167580"/>
      <trkpt lat="43.285840" lon="-2.167410"/>
      <trkpt lat="43.285810" lon="-2.167300"/>
      <trkpt lat="43.285790" lon="-2.167280"/>
      <trkpt lat="43.285780" lon="-2.167250"/>
      <trkpt lat="43.285760" lon="-2.167190"/>
      <trkpt lat="43.285760" lon="-2.167130"/>
      <trkpt lat="43.285780" lon="-2.167080"/>
      <trkpt lat="43.285800" lon="-2.167040"/>
      <trkpt lat="43.285810" lon="-2.166920"/>
      <trkpt lat="43.285800" lon="-2.166780"/>
      <trkpt lat="43.285790" lon="-2.166740"/>
      <trkpt lat="43.285770" lon="-2.166330"/>
      <trkpt lat="43.285760" lon="-2.165480"/>
      <trkpt lat="43.285750" lon="-2.164710"/>
      <trkpt lat="43.285750" lon="-2.164560"/>
      <trkpt lat="43.285750" lon="-2.164490"/>
      <trkpt lat="43.285750" lon="-2.162520"/>
      <trkpt lat="43.285750" lon="-2.162340"/>
      <trkpt lat="43.285750" lon="-2.162280"/>
      <trkpt lat="43.285730" lon="-2.161950"/>
      <trkpt lat="43.285710" lon="-2.161730"/>
      <trkpt lat="43.285690" lon="-2.161610"/>
      <trkpt lat="43.285690" lon="-2.161550"/>
      <trkpt lat="43.285620" lon="-2.160960"/>
      <trkpt lat="43.285600" lon="-2.160780"/>
      <trkpt lat="43.285580" lon="-2.160670"/>
      <trkpt lat="43.285530" lon="-2.160350"/>
      <trkpt lat="43.285410" lon="-2.159810"/>
      <trkpt lat="43.285280" lon="-2.159480"/>
      <trkpt lat="43.285250" lon="-2.159430"/>
      <trkpt lat="43.285210" lon="-2.159330"/>
      <trkpt lat="43.285050" lon="-2.159010"/>
      <trkpt lat="43.285000" lon="-2.158880"/>
      <trkpt lat="43.284940" lon="-2.158740"/>
      <trkpt lat="43.284830" lon="-2.158580"/>
      <trkpt lat="43.284790" lon="-2.158500"/>
      <trkpt lat="43.284780" lon="-2.158480"/>
      <trkpt lat="43.284690" lon="-2.158270"/>
      <trkpt lat="43.284670" lon="-2.158230"/>
      <trkpt lat="43.284650" lon="-2.158210"/>
      <trkpt lat="43.284650" lon="-2.158200"/>
      <trkpt lat="43.284630" lon="-2.158190"/>
      <trkpt lat="43.284590" lon="-2.158180"/>
      <trkpt lat="43.284550" lon="-2.158200"/>
      <trkpt lat="43.284520" lon="-2.158200"/>
      <trkpt lat="43.284480" lon="-2.158180"/>
      <trkpt lat="43.284450" lon="-2.158150"/>
      <trkpt lat="43.284430" lon="-2.158110"/>
      <trkpt lat="43.284420" lon="-2.158060"/>
      <trkpt lat="43.284420" lon="-2.158010"/>
      <trkpt lat="43.284440" lon="-2.157960"/>
      <trkpt lat="43.284450" lon="-2.157930"/>
      <trkpt lat="43.284450" lon="-2.157850"/>
      <trkpt lat="43.284450" lon="-2.157810"/>
      <trkpt lat="43.284440" lon="-2.157760"/>
      <trkpt lat="43.284410" lon="-2.157670"/>
      <trkpt lat="43.284350" lon="-2.157480"/>
      <trkpt lat="43.284230" lon="-2.157170"/>
      <trkpt lat="43.284190" lon="-2.157110"/>
      <trkpt lat="43.284130" lon="-2.157000"/>
      <trkpt lat="43.284070" lon="-2.156920"/>
      <trkpt lat="43.284020" lon="-2.156860"/>
      <trkpt lat="43.283970" lon="-2.156810"/>
      <trkpt lat="43.283910" lon="-2.156780"/>
      <trkpt lat="43.283850" lon="-2.156760"/>
      <trkpt lat="43.283680" lon="-2.156720"/>
      <trkpt lat="43.283580" lon="-2.156680"/>
      <trkpt lat="43.283500" lon="-2.156660"/>
      <trkpt lat="43.283430" lon="-2.156650"/>
      <trkpt lat="43.283370" lon="-2.156640"/>
      <trkpt lat="43.283260" lon="-2.156640"/>
      <trkpt lat="43.283230" lon="-2.156660"/>
      <trkpt lat="43.283180" lon="-2.156690"/>
      <trkpt lat="43.283160" lon="-2.156740"/>
      <trkpt lat="43.283130" lon="-2.156780"/>
      <trkpt lat="43.283090" lon="-2.156810"/>
      <trkpt lat="43.283060" lon="-2.156830"/>
      <trkpt lat="43.283020" lon="-2.156840"/>
      <trkpt lat="43.282970" lon="-2.156840"/>
      <trkpt lat="43.282940" lon="-2.156830"/>
      <trkpt lat="43.282900" lon="-2.156800"/>
      <trkpt lat="43.282860" lon="-2.156760"/>
      <trkpt lat="43.282820" lon="-2.156720"/>
      <trkpt lat="43.282790" lon="-2.156690"/>
      <trkpt lat="43.282730" lon="-2.156660"/>
      <trkpt lat="43.282690" lon="-2.156660"/>
      <trkpt lat="43.282620" lon="-2.156660"/>
      <trkpt lat="43.282460" lon="-2.156670"/>
      <trkpt lat="43.282300" lon="-2.156670"/>
      <trkpt lat="43.282060" lon="-2.156690"/>
      <trkpt lat="43.281960" lon="-2.156690"/>
      <trkpt lat="43.281670" lon="-2.156700"/>
      <trkpt lat="43.281360" lon="-2.156700"/>
      <trkpt lat="43.281220" lon="-2.156700"/>
      <trkpt lat="43.280930" lon="-2.156700"/>
      <trkpt lat="43.280690" lon="-2.156720"/>
      <trkpt lat="43.280350" lon="-2.156730"/>
      <trkpt lat="43.280130" lon="-2.156730"/>
      <trkpt lat="43.279870" lon="-2.156740"/>
      <trkpt lat="43.279420" lon="-2.156750"/>
      <trkpt lat="43.279150" lon="-2.156750"/>
      <trkpt lat="43.279100" lon="-2.156750"/>
      <trkpt lat="43.279040" lon="-2.156720"/>
      <trkpt lat="43.278990" lon="-2.156690"/>
      <trkpt lat="43.278940" lon="-2.156650"/>
      <trkpt lat="43.278900" lon="-2.156620"/>
      <trkpt lat="43.278870" lon="-2.156580"/>
      <trkpt lat="43.278840" lon="-2.156520"/>
      <trkpt lat="43.278810" lon="-2.156470"/>
      <trkpt lat="43.278780" lon="-2.156400"/>
      <trkpt lat="43.278750" lon="-2.156300"/>
      <trkpt lat="43.278740" lon="-2.156210"/>
      <trkpt lat="43.278740" lon="-2.156130"/>
      <trkpt lat="43.278750" lon="-2.156060"/>
      <trkpt lat="43.278760" lon="-2.155970"/>
      <trkpt lat="43.278770" lon="-2.155860"/>
      <trkpt lat="43.278800" lon="-2.155740"/>
      <trkpt lat="43.278820" lon="-2.155620"/>
      <trkpt lat="43.278860" lon="-2.155440"/>
      <trkpt lat="43.278890" lon="-2.155310"/>
      <trkpt lat="43.278900" lon="-2.155230"/>
      <trkpt lat="43.278910" lon="-2.155150"/>
      <trkpt lat="43.278920" lon="-2.154990"/>
      <trkpt lat="43.278920" lon="-2.154860"/>
      <trkpt lat="43.278920" lon="-2.154770"/>
      <trkpt lat="43.278910" lon="-2.154620"/>
      <trkpt lat="43.278900" lon="-2.154410"/>
      <trkpt lat="43.278890" lon="-2.154170"/>
      <trkpt lat="43.278870" lon="-2.153850"/>
      <trkpt lat="43.278870" lon="-2.153310"/>
      <trkpt lat="43.278860" lon="-2.152900"/>
      <trkpt lat="43.278870" lon="-2.152450"/>
      <trkpt lat="43.278890" lon="-2.151930"/>
      <trkpt lat="43.278940" lon="-2.151400"/>
      <trkpt lat="43.278970" lon="-2.150950"/>
      <trkpt lat="43.279040" lon="-2.150320"/>
      <trkpt lat="43.279140" lon="-2.149720"/>
      <trkpt lat="43.279220" lon="-2.149380"/>
      <trkpt lat="43.279300" lon="-2.149060"/>
      <trkpt lat="43.279480" lon="-2.148520"/>
      <trkpt lat="43.279810" lon="-2.147750"/>
      <trkpt lat="43.279890" lon="-2.147570"/>
      <trkpt lat="43.280080" lon="-2.147250"/>
      <trkpt lat="43.280400" lon="-2.146750"/>
      <trkpt lat="43.280600" lon="-2.146480"/>
      <trkpt lat="43.280650" lon="-2.146430"/>
      <trkpt lat="43.280870" lon="-2.146180"/>
      <trkpt lat="43.281240" lon="-2.145810"/>
      <trkpt lat="43.281300" lon="-2.145740"/>
      <trkpt lat="43.281620" lon="-2.145430"/>
      <trkpt lat="43.282090" lon="-2.144920"/>
      <trkpt lat="43.282320" lon="-2.144600"/>
      <trkpt lat="43.282530" lon="-2.144270"/>
      <trkpt lat="43.282680" lon="-2.144000"/>
      <trkpt lat="43.282890" lon="-2.143570"/>
      <trkpt lat="43.283010" lon="-2.143250"/>
      <trkpt lat="43.283110" lon="-2.142950"/>
      <trkpt lat="43.283240" lon="-2.142460"/>
      <trkpt lat="43.283340" lon="-2.141980"/>
      <trkpt lat="43.283400" lon="-2.141510"/>
      <trkpt lat="43.283430" lon="-2.141160"/>
      <trkpt lat="43.283440" lon="-2.140720"/>
      <trkpt lat="43.283410" lon="-2.140270"/>
      <trkpt lat="43.283360" lon="-2.139740"/>
      <trkpt lat="43.283180" lon="-2.138420"/>
      <trkpt lat="43.283130" lon="-2.137860"/>
      <trkpt lat="43.283110" lon="-2.137350"/>
      <trkpt lat="43.283120" lon="-2.136910"/>
      <trkpt lat="43.283160" lon="-2.135910"/>
      <trkpt lat="43.283170" lon="-2.135320"/>
      <trkpt lat="43.283160" lon="-2.134860"/>
      <trkpt lat="43.283150" lon="-2.134380"/>
      <trkpt lat="43.283110" lon="-2.133930"/>
      <trkpt lat="43.283060" lon="-2.133310"/>
      <trkpt lat="43.282900" lon="-2.131920"/>
      <trkpt lat="43.282640" lon="-2.129390"/>
      <trkpt lat="43.282530" lon="-2.128300"/>
      <trkpt lat="43.282330" lon="-2.126470"/>
      <trkpt lat="43.282210" lon="-2.125240"/>
      <trkpt lat="43.282160" lon="-2.124640"/>
      <trkpt lat="43.282120" lon="-2.124090"/>
      <trkpt lat="43.282110" lon="-2.123470"/>
      <trkpt lat="43.282120" lon="-2.123010"/>
      <trkpt lat="43.282150" lon="-2.122390"/>
      <trkpt lat="43.282180" lon="-2.121940"/>
      <trkpt lat="43.282230" lon="-2.121450"/>
      <trkpt lat="43.282270" lon="-2.120970"/>
      <trkpt lat="43.282300" lon="-2.120490"/>
      <trkpt lat="43.282310" lon="-2.120100"/>
      <trkpt lat="43.282290" lon="-2.119680"/>
      <trkpt lat="43.282260" lon="-2.119270"/>
      <trkpt lat="43.282180" lon="-2.118770"/>
      <trkpt lat="43.282040" lon="-2.118190"/>
      <trkpt lat="43.281870" lon="-2.117670"/>
      <trkpt lat="43.281720" lon="-2.117250"/>
      <trkpt lat="43.281600" lon="-2.116900"/>
      <trkpt lat="43.281460" lon="-2.116490"/>
      <trkpt lat="43.281340" lon="-2.116000"/>
      <trkpt lat="43.281240" lon="-2.115500"/>
      <trkpt lat="43.281180" lon="-2.115080"/>
      <trkpt lat="43.281130" lon="-2.114680"/>
      <trkpt lat="43.281120" lon="-2.114360"/>
      <trkpt lat="43.281110" lon="-2.113780"/>
      <trkpt lat="43.281150" lon="-2.113080"/>
      <trkpt lat="43.281170" lon="-2.112800"/>
      <trkpt lat="43.281170" lon="-2.112710"/>
      <trkpt lat="43.281240" lon="-2.112080"/>
      <trkpt lat="43.281310" lon="-2.111550"/>
      <trkpt lat="43.281330" lon="-2.111420"/>
      <trkpt lat="43.281390" lon="-2.110980"/>
      <trkpt lat="43.281510" lon="-2.110320"/>
      <trkpt lat="43.281710" lon="-2.109390"/>
      <trkpt lat="43.281910" lon="-2.108600"/>
      <trkpt lat="43.282350" lon="-2.107120"/>
      <trkpt lat="43.282670" lon="-2.106100"/>
      <trkpt lat="43.282870" lon="-2.105300"/>
      <trkpt lat="43.283190" lon="-2.103800"/>
      <trkpt lat="43.283460" lon="-2.102820"/>
      <trkpt lat="43.284130" lon="-2.101000"/>
      <trkpt lat="43.284560" lon="-2.099830"/>
      <trkpt lat="43.285060" lon="-2.097890"/>
      <trkpt lat="43.285250" lon="-2.097210"/>
      <trkpt lat="43.285770" lon="-2.096010"/>
      <trkpt lat="43.286360" lon="-2.094700"/>
      <trkpt lat="43.286500" lon="-2.094280"/>
      <trkpt lat="43.286620" lon="-2.093820"/>
      <trkpt lat="43.286690" lon="-2.093430"/>
      <trkpt lat="43.286730" lon="-2.093080"/>
      <trkpt lat="43.286770" lon="-2.092670"/>
      <trkpt lat="43.286780" lon="-2.092270"/>
      <trkpt lat="43.286770" lon="-2.091810"/>
      <trkpt lat="43.286720" lon="-2.091310"/>
      <trkpt lat="43.286660" lon="-2.090800"/>
      <trkpt lat="43.286580" lon="-2.090200"/>
      <trkpt lat="43.286530" lon="-2.089590"/>
      <trkpt lat="43.286510" lon="-2.089000"/>
      <trkpt lat="43.286540" lon="-2.088600"/>
      <trkpt lat="43.286590" lon="-2.088070"/>
      <trkpt lat="43.286650" lon="-2.087640"/>
      <trkpt lat="43.286750" lon="-2.087240"/>
      <trkpt lat="43.286860" lon="-2.086850"/>
      <trkpt lat="43.287110" lon="-2.085960"/>
      <trkpt lat="43.287280" lon="-2.085400"/>
      <trkpt lat="43.287420" lon="-2.084770"/>
      <trkpt lat="43.287590" lon="-2.083970"/>
      <trkpt lat="43.287740" lon="-2.083110"/>
      <trkpt lat="43.287880" lon="-2.082260"/>
      <trkpt lat="43.288090" lon="-2.081080"/>
      <trkpt lat="43.288360" lon="-2.080000"/>
      <trkpt lat="43.288570" lon="-2.079280"/>
      <trkpt lat="43.288930" lon="-2.078200"/>
      <trkpt lat="43.290270" lon="-2.075040"/>
      <trkpt lat="43.290520" lon="-2.074280"/>
      <trkpt lat="43.291000" lon="-2.072640"/>
      <trkpt lat="43.291420" lon="-2.070550"/>
      <trkpt lat="43.291650" lon="-2.069360"/>
      <trkpt lat="43.292070" lon="-2.067860"/>
      <trkpt lat="43.292360" lon="-2.066990"/>
      <trkpt lat="43.293010" lon="-2.065570"/>
      <trkpt lat="43.293770" lon="-2.064180"/>
      <trkpt lat="43.294160" lon="-2.063430"/>
      <trkpt lat="43.294360" lon="-2.063000"/>
      <trkpt lat="43.294560" lon="-2.062470"/>
      <trkpt lat="43.294730" lon="-2.061910"/>
      <trkpt lat="43.294830" lon="-2.061460"/>
      <trkpt lat="43.294850" lon="-2.061370"/>
      <trkpt lat="43.294970" lon="-2.060620"/>
      <trkpt lat="43.295010" lon="-2.060240"/>
      <trkpt lat="43.295060" lon="-2.059710"/>
      <trkpt lat="43.295030" lon="-2.058910"/>
      <trkpt lat="43.294980" lon="-2.058190"/>
      <trkpt lat="43.294940" lon="-2.057730"/>
      <trkpt lat="43.294900" lon="-2.057190"/>
      <trkpt lat="43.294870" lon="-2.056560"/>
      <trkpt lat="43.294870" lon="-2.056070"/>
      <trkpt lat="43.294890" lon="-2.055550"/>
      <trkpt lat="43.294930" lon="-2.054580"/>
      <trkpt lat="43.294930" lon="-2.053980"/>
      <trkpt lat="43.294880" lon="-2.053560"/>
      <trkpt lat="43.294800" lon="-2.053110"/>
      <trkpt lat="43.294680" lon="-2.052660"/>
      <trkpt lat="43.294510" lon="-2.052230"/>
      <trkpt lat="43.294170" lon="-2.051460"/>
      <trkpt lat="43.294030" lon="-2.051080"/>
      <trkpt lat="43.293880" lon="-2.050640"/>
      <trkpt lat="43.293780" lon="-2.050190"/>
      <trkpt lat="43.293720" lon="-2.049740"/>
      <trkpt lat="43.293690" lon="-2.049310"/>
      <trkpt lat="43.293700" lon="-2.048680"/>
      <trkpt lat="43.293760" lon="-2.047780"/>
      <trkpt lat="43.293790" lon="-2.047290"/>
      <trkpt lat="43.293760" lon="-2.046570"/>
      <trkpt lat="43.293700" lon="-2.046110"/>
      <trkpt lat="43.293570" lon="-2.045510"/>
      <trkpt lat="43.293350" lon="-2.044780"/>
      <trkpt lat="43.293300" lon="-2.044580"/>
      <trkpt lat="43.293120" lon="-2.044000"/>
      <trkpt lat="43.292990" lon="-2.043390"/>
      <trkpt lat="43.292920" lon="-2.042740"/>
      <trkpt lat="43.292810" lon="-2.041780"/>
      <trkpt lat="43.292700" lon="-2.040830"/>
      <trkpt lat="43.292580" lon="-2.040200"/>
      <trkpt lat="43.292440" lon="-2.039680"/>
      <trkpt lat="43.292230" lon="-2.039150"/>
      <trkpt lat="43.291840" lon="-2.038510"/>
      <trkpt lat="43.291480" lon="-2.038090"/>
      <trkpt lat="43.291090" lon="-2.037750"/>
      <trkpt lat="43.290550" lon="-2.037390"/>
      <trkpt lat="43.290300" lon="-2.037280"/>
      <trkpt lat="43.289970" lon="-2.037150"/>
      <trkpt lat="43.289830" lon="-2.037100"/>
      <trkpt lat="43.289660" lon="-2.037030"/>
      <trkpt lat="43.289520" lon="-2.036950"/>
      <trkpt lat="43.289240" lon="-2.036810"/>
      <trkpt lat="43.288990" lon="-2.036660"/>
      <trkpt lat="43.288800" lon="-2.036510"/>
      <trkpt lat="43.288540" lon="-2.036290"/>
      <trkpt lat="43.288390" lon="-2.036130"/>
      <trkpt lat="43.288170" lon="-2.035880"/>
      <trkpt lat="43.288030" lon="-2.035690"/>
      <trkpt lat="43.287810" lon="-2.035390"/>
      <trkpt lat="43.287620" lon="-2.035080"/>
      <trkpt lat="43.287380" lon="-2.034670"/>
      <trkpt lat="43.287210" lon="-2.034350"/>
      <trkpt lat="43.287070" lon="-2.034060"/>
      <trkpt lat="43.286950" lon="-2.033810"/>
      <trkpt lat="43.286740" lon="-2.033350"/>
      <trkpt lat="43.286550" lon="-2.032870"/>
      <trkpt lat="43.286410" lon="-2.032460"/>
      <trkpt lat="43.286290" lon="-2.032120"/>
      <trkpt lat="43.286090" lon="-2.031420"/>
      <trkpt lat="43.285980" lon="-2.031000"/>
      <trkpt lat="43.285840" lon="-2.030330"/>
      <trkpt lat="43.285740" lon="-2.029740"/>
      <trkpt lat="43.285670" lon="-2.029190"/>
      <trkpt lat="43.285630" lon="-2.028800"/>
      <trkpt lat="43.285620" lon="-2.028310"/>
      <trkpt lat="43.285630" lon="-2.027860"/>
      <trkpt lat="43.285660" lon="-2.027400"/>
      <trkpt lat="43.285720" lon="-2.026970"/>
      <trkpt lat="43.285790" lon="-2.026640"/>
      <trkpt lat="43.285870" lon="-2.026300"/>
      <trkpt lat="43.285950" lon="-2.026010"/>
      <trkpt lat="43.286030" lon="-2.025790"/>
      <trkpt lat="43.286160" lon="-2.025450"/>
      <trkpt lat="43.286280" lon="-2.025170"/>
      <trkpt lat="43.286430" lon="-2.024880"/>
      <trkpt lat="43.286590" lon="-2.024610"/>
      <trkpt lat="43.286780" lon="-2.024320"/>
      <trkpt lat="43.286980" lon="-2.024090"/>
      <trkpt lat="43.287130" lon="-2.023910"/>
      <trkpt lat="43.287330" lon="-2.023670"/>
      <trkpt lat="43.287530" lon="-2.023430"/>
      <trkpt lat="43.287880" lon="-2.023010"/>
      <trkpt lat="43.288050" lon="-2.022780"/>
      <trkpt lat="43.288310" lon="-2.022350"/>
      <trkpt lat="43.288430" lon="-2.022110"/>
      <trkpt lat="43.288580" lon="-2.021810"/>
      <trkpt lat="43.288660" lon="-2.021630"/>
      <trkpt lat="43.288780" lon="-2.021300"/>
      <trkpt lat="43.288870" lon="-2.021010"/>
      <trkpt lat="43.288950" lon="-2.020710"/>
      <trkpt lat="43.289070" lon="-2.020220"/>
      <trkpt lat="43.289130" lon="-2.019860"/>
      <trkpt lat="43.289160" lon="-2.019710"/>
      <trkpt lat="43.289260" lon="-2.019230"/>
      <trkpt lat="43.289270" lon="-2.019190"/>
      <trkpt lat="43.289370" lon="-2.018790"/>
      <trkpt lat="43.289430" lon="-2.018630"/>
      <trkpt lat="43.289470" lon="-2.018500"/>
      <trkpt lat="43.289540" lon="-2.018350"/>
      <trkpt lat="43.289660" lon="-2.018100"/>
      <trkpt lat="43.289780" lon="-2.017910"/>
      <trkpt lat="43.289930" lon="-2.017720"/>
      <trkpt lat="43.290180" lon="-2.017440"/>
      <trkpt lat="43.290450" lon="-2.017220"/>
      <trkpt lat="43.290610" lon="-2.017140"/>
      <trkpt lat="43.290870" lon="-2.017020"/>
      <trkpt lat="43.291050" lon="-2.016960"/>
      <trkpt lat="43.291110" lon="-2.016940"/>
      <trkpt lat="43.291380" lon="-2.016910"/>
      <trkpt lat="43.291430" lon="-2.016900"/>
      <trkpt lat="43.291490" lon="-2.016900"/>
      <trkpt lat="43.291720" lon="-2.016900"/>
      <trkpt lat="43.292320" lon="-2.016890"/>
      <trkpt lat="43.292770" lon="-2.016880"/>
      <trkpt lat="43.293030" lon="-2.016820"/>
      <trkpt lat="43.293180" lon="-2.016780"/>
      <trkpt lat="43.293580" lon="-2.016560"/>
      <trkpt lat="43.293920" lon="-2.016250"/>
      <trkpt lat="43.294170" lon="-2.015950"/>
      <trkpt lat="43.294360" lon="-2.015600"/>
      <trkpt lat="43.294610" lon="-2.014980"/>
      <trkpt lat="43.294920" lon="-2.014110"/>
      <trkpt lat="43.295170" lon="-2.013450"/>
      <trkpt lat="43.295440" lon="-2.012870"/>
      <trkpt lat="43.295780" lon="-2.012250"/>
      <trkpt lat="43.296100" lon="-2.011760"/>
      <trkpt lat="43.296370" lon="-2.011400"/>
      <trkpt lat="43.296470" lon="-2.011210"/>
      <trkpt lat="43.297340" lon="-2.010070"/>
      <trkpt lat="43.297630" lon="-2.009620"/>
      <trkpt lat="43.297910" lon="-2.009010"/>
      <trkpt lat="43.297950" lon="-2.008930"/>
      <trkpt lat="43.298000" lon="-2.008820"/>
      <trkpt lat="43.298270" lon="-2.008210"/>
      <trkpt lat="43.298380" lon="-2.008030"/>
      <trkpt lat="43.298550" lon="-2.007790"/>
      <trkpt lat="43.298640" lon="-2.007690"/>
      <trkpt lat="43.299070" lon="-2.007380"/>
      <trkpt lat="43.299650" lon="-2.007190"/>
      <trkpt lat="43.300200" lon="-2.007060"/>
      <trkpt lat="43.300740" lon="-2.006940"/>
      <trkpt lat="43.301280" lon="-2.006860"/>
      <trkpt lat="43.301660" lon="-2.006790"/>
      <trkpt lat="43.301980" lon="-2.006690"/>
      <trkpt lat="43.302260" lon="-2.006560"/>
      <trkpt lat="43.302460" lon="-2.006390"/>
      <trkpt lat="43.302590" lon="-2.006230"/>
      <trkpt lat="43.302690" lon="-2.006080"/>
      <trkpt lat="43.302920" lon="-2.005670"/>
      <trkpt lat="43.303450" lon="-2.004610"/>
      <trkpt lat="43.303470" lon="-2.004560"/>
      <trkpt lat="43.303500" lon="-2.004510"/>
      <trkpt lat="43.303510" lon="-2.004450"/>
      <trkpt lat="43.303520" lon="-2.004390"/>
      <trkpt lat="43.303520" lon="-2.004340"/>
      <trkpt lat="43.303510" lon="-2.004300"/>
      <trkpt lat="43.303480" lon="-2.004200"/>
      <trkpt lat="43.303470" lon="-2.004160"/>
      <trkpt lat="43.303470" lon="-2.004110"/>
      <trkpt lat="43.303480" lon="-2.004060"/>
      <trkpt lat="43.303500" lon="-2.004010"/>
      <trkpt lat="43.303530" lon="-2.003980"/>
      <trkpt lat="43.303560" lon="-2.003960"/>
      <trkpt lat="43.303600" lon="-2.003960"/>
      <trkpt lat="43.303640" lon="-2.003970"/>
      <trkpt lat="43.303670" lon="-2.003990"/>
      <trkpt lat="43.303690" lon="-2.004030"/>
      <trkpt lat="43.303770" lon="-2.004080"/>
      <trkpt lat="43.303860" lon="-2.004120"/>
      <trkpt lat="43.303890" lon="-2.004120"/>
      <trkpt lat="43.303950" lon="-2.004130"/>
      <trkpt lat="43.303970" lon="-2.004130"/>
      <trkpt lat="43.303990" lon="-2.004140"/>
      <trkpt lat="43.304020" lon="-2.004150"/>
      <trkpt lat="43.304040" lon="-2.004160"/>
      <trkpt lat="43.304130" lon="-2.004210"/>
      <trkpt lat="43.304370" lon="-2.004320"/>
      <trkpt lat="43.304400" lon="-2.004340"/>
      <trkpt lat="43.304460" lon="-2.004370"/>
      <trkpt lat="43.304530" lon="-2.004400"/>
      <trkpt lat="43.304890" lon="-2.004590"/>
      <trkpt lat="43.305000" lon="-2.004640"/>
      <trkpt lat="43.305030" lon="-2.004690"/>
      <trkpt lat="43.305040" lon="-2.004760"/>
      <trkpt lat="43.305040" lon="-2.004830"/>
      <trkpt lat="43.305020" lon="-2.004890"/>
      <trkpt lat="43.304720" lon="-2.005480"/>
      <trkpt lat="43.304700" lon="-2.005520"/>
      <trkpt lat="43.304690" lon="-2.005560"/>
      <trkpt lat="43.304670" lon="-2.005610"/>
      <trkpt lat="43.304650" lon="-2.005710"/>
      <trkpt lat="43.304700" lon="-2.005850"/>
      <trkpt lat="43.304710" lon="-2.005910"/>
      <trkpt lat="43.304710" lon="-2.006020"/>
      <trkpt lat="43.304730" lon="-2.006110"/>
      <trkpt lat="43.304790" lon="-2.006200"/>
      <trkpt lat="43.305000" lon="-2.006420"/>
      <trkpt lat="43.305040" lon="-2.006450"/>
      <trkpt lat="43.305390" lon="-2.006790"/>
      <trkpt lat="43.305430" lon="-2.006820"/>
      <trkpt lat="43.305510" lon="-2.006900"/>
      <trkpt lat="43.306310" lon="-2.007650"/>
      <trkpt lat="43.306350" lon="-2.007690"/>
      <trkpt lat="43.306470" lon="-2.007790"/>
      <trkpt lat="43.306750" lon="-2.008060"/>
      <trkpt lat="43.306890" lon="-2.008190"/>
      <trkpt lat="43.306900" lon="-2.008200"/>
      <trkpt lat="43.306950" lon="-2.008250"/>
      <trkpt lat="43.307360" lon="-2.008640"/>
      <trkpt lat="43.307400" lon="-2.008680"/>
      <trkpt lat="43.308160" lon="-2.009390"/>
      <trkpt lat="43.308200" lon="-2.009430"/>
      <trkpt lat="43.308270" lon="-2.009500"/>
      <trkpt lat="43.308320" lon="-2.009550"/>
      <trkpt lat="43.308460" lon="-2.009660"/>
      <trkpt lat="43.308510" lon="-2.009700"/>
      <trkpt lat="43.308560" lon="-2.009650"/>
      <trkpt lat="43.308610" lon="-2.009630"/>
      <trkpt lat="43.308670" lon="-2.009620"/>
      <trkpt lat="43.308720" lon="-2.009630"/>
      <trkpt lat="43.308780" lon="-2.009660"/>
      <trkpt lat="43.308830" lon="-2.009710"/>
      <trkpt lat="43.308870" lon="-2.009770"/>
      <trkpt lat="43.308900" lon="-2.009870"/>
      <trkpt lat="43.308900" lon="-2.009980"/>
      <trkpt lat="43.308970" lon="-2.010040"/>
      <trkpt lat="43.309030" lon="-2.010090"/>
      <trkpt lat="43.309170" lon="-2.010180"/>
      <trkpt lat="43.309280" lon="-2.010230"/>
      <trkpt lat="43.309380" lon="-2.010260"/>
      <trkpt lat="43.309570" lon="-2.010290"/>
      <trkpt lat="43.309790" lon="-2.010300"/>
      <trkpt lat="43.309920" lon="-2.010290"/>
      <trkpt lat="43.310060" lon="-2.010270"/>
      <trkpt lat="43.310200" lon="-2.010220"/>
      <trkpt lat="43.310380" lon="-2.010140"/>
      <trkpt lat="43.310520" lon="-2.010050"/>
      <trkpt lat="43.310640" lon="-2.009960"/>
      <trkpt lat="43.310740" lon="-2.009860"/>
      <trkpt lat="43.310880" lon="-2.009710"/>
      <trkpt lat="43.311060" lon="-2.009460"/>
      <trkpt lat="43.311230" lon="-2.009180"/>
      <trkpt lat="43.311510" lon="-2.008620"/>
      <trkpt lat="43.311540" lon="-2.008570"/>
      <trkpt lat="43.311600" lon="-2.008440"/>
      <trkpt lat="43.312090" lon="-2.007460"/>
      <trkpt lat="43.312120" lon="-2.007410"/>
      <trkpt lat="43.312160" lon="-2.007330"/>
      <trkpt lat="43.312630" lon="-2.006390"/>
      <trkpt lat="43.312650" lon="-2.006350"/>
      <trkpt lat="43.312720" lon="-2.006210"/>
      <trkpt lat="43.312900" lon="-2.005870"/>
      <trkpt lat="43.312890" lon="-2.005710"/>
      <trkpt lat="43.312910" lon="-2.005540"/>
      <trkpt lat="43.312960" lon="-2.005380"/>
      <trkpt lat="43.312990" lon="-2.005280"/>
      <trkpt lat="43.313020" lon="-2.005230"/>
      <trkpt lat="43.313070" lon="-2.005200"/>
      <trkpt lat="43.313130" lon="-2.005200"/>
      <trkpt lat="43.313210" lon="-2.005240"/>
      <trkpt lat="43.313240" lon="-2.005370"/>
      <trkpt lat="43.313270" lon="-2.005510"/>
      <trkpt lat="43.313300" lon="-2.005530"/>
      <trkpt lat="43.313540" lon="-2.005760"/>
      <trkpt lat="43.313570" lon="-2.005790"/>
      <trkpt lat="43.313610" lon="-2.005830"/>
      <trkpt lat="43.313680" lon="-2.005890"/>
      <trkpt lat="43.314200" lon="-2.006370"/>
      <trkpt lat="43.314280" lon="-2.006440"/>
      <trkpt lat="43.314330" lon="-2.006340"/>
      <trkpt lat="43.314520" lon="-2.005970"/>
      <trkpt lat="43.314720" lon="-2.005850"/>
      <trkpt lat="43.314810" lon="-2.005800"/>
      <trkpt lat="43.314890" lon="-2.005750"/>
      <trkpt lat="43.315420" lon="-2.005450"/>
      <trkpt lat="43.315510" lon="-2.005400"/>
      <trkpt lat="43.315550" lon="-2.005520"/>
      <trkpt lat="43.315710" lon="-2.006020"/>
      <trkpt lat="43.315760" lon="-2.006180"/>
      <trkpt lat="43.315570" lon="-2.006390"/>
      <trkpt lat="43.315400" lon="-2.006590"/>
      <trkpt lat="43.315290" lon="-2.006780"/>
      <trkpt lat="43.315190" lon="-2.006970"/>
      <trkpt lat="43.315060" lon="-2.007180"/>
      <trkpt lat="43.314910" lon="-2.007410"/>
      <trkpt lat="43.314730" lon="-2.007610"/>
      <trkpt lat="43.314330" lon="-2.007930"/>
      <trkpt lat="43.314250" lon="-2.008050"/>
      <trkpt lat="43.314200" lon="-2.008210"/>
      <trkpt lat="43.314160" lon="-2.009180"/>
      <trkpt lat="43.314140" lon="-2.009480"/>
      <trkpt lat="43.314070" lon="-2.009660"/>
      <trkpt lat="43.313990" lon="-2.009810"/>
      <trkpt lat="43.313330" lon="-2.010660"/>
      <trkpt lat="43.313260" lon="-2.010770"/>
      <trkpt lat="43.313210" lon="-2.010910"/>
      <trkpt lat="43.313210" lon="-2.011060"/>
      <trkpt lat="43.313290" lon="-2.011300"/>
      <trkpt lat="43.313470" lon="-2.011600"/>
      <trkpt lat="43.313800" lon="-2.011940"/>
      <trkpt lat="43.314450" lon="-2.012350"/>
      <trkpt lat="43.314820" lon="-2.012580"/>
      <trkpt lat="43.315420" lon="-2.012970"/>
      <trkpt lat="43.315480" lon="-2.013040"/>
      <trkpt lat="43.315700" lon="-2.013310"/>
      <trkpt lat="43.316370" lon="-2.014130"/>
      <trkpt lat="43.316590" lon="-2.014470"/>
      <trkpt lat="43.316690" lon="-2.014720"/>
      <trkpt lat="43.316800" lon="-2.015100"/>
      <trkpt lat="43.316860" lon="-2.015410"/>
      <trkpt lat="43.316930" lon="-2.016050"/>
      <trkpt lat="43.316950" lon="-2.016360"/>
      <trkpt lat="43.316930" lon="-2.016670"/>
      <trkpt lat="43.316680" lon="-2.018370"/>
      <trkpt lat="43.316690" lon="-2.018450"/>
      <trkpt lat="43.316710" lon="-2.018510"/>
      <trkpt lat="43.316770" lon="-2.018540"/>
      <trkpt lat="43.316840" lon="-2.018540"/>
      <trkpt lat="43.316900" lon="-2.018490"/>
      <trkpt lat="43.316950" lon="-2.018390"/>
      <trkpt lat="43.317470" lon="-2.016770"/>
      <trkpt lat="43.317550" lon="-2.016580"/>
      <trkpt lat="43.317600" lon="-2.016470"/>
      <trkpt lat="43.317660" lon="-2.016390"/>
      <trkpt lat="43.317700" lon="-2.016350"/>
      <trkpt lat="43.317750" lon="-2.016330"/>
      <trkpt lat="43.317820" lon="-2.016290"/>
      <trkpt lat="43.317870" lon="-2.016270"/>
      <trkpt lat="43.317930" lon="-2.016260"/>
      <trkpt lat="43.318010" lon="-2.016270"/>
      <trkpt lat="43.318080" lon="-2.016290"/>
      <trkpt lat="43.318170" lon="-2.016350"/>
      <trkpt lat="43.319130" lon="-2.017260"/>
      <trkpt lat="43.319200" lon="-2.017340"/>
      <trkpt lat="43.319240" lon="-2.017430"/>
      <trkpt lat="43.319240" lon="-2.017520"/>
      <trkpt lat="43.319210" lon="-2.017620"/>
      <trkpt lat="43.319150" lon="-2.017700"/>
      <trkpt lat="43.319070" lon="-2.017790"/>
      <trkpt lat="43.318990" lon="-2.017880"/>
      <trkpt lat="43.318900" lon="-2.017980"/>
      <trkpt lat="43.318830" lon="-2.018080"/>
      <trkpt lat="43.318770" lon="-2.018190"/>
      <trkpt lat="43.318720" lon="-2.018300"/>
      <trkpt lat="43.318690" lon="-2.018400"/>
      <trkpt lat="43.318670" lon="-2.018500"/>
      <trkpt lat="43.318670" lon="-2.018640"/>
      <trkpt lat="43.318670" lon="-2.018790"/>
      <trkpt lat="43.318700" lon="-2.019320"/>
      <trkpt lat="43.318680" lon="-2.019490"/>
      <trkpt lat="43.318640" lon="-2.019630"/>
      <trkpt lat="43.318590" lon="-2.019760"/>
      <trkpt lat="43.318520" lon="-2.019870"/>
      <trkpt lat="43.318420" lon="-2.020010"/>
      <trkpt lat="43.318150" lon="-2.020290"/>
      <trkpt lat="43.318140" lon="-2.020310"/>
      <trkpt lat="43.317760" lon="-2.020680"/>
      <trkpt lat="43.317590" lon="-2.020850"/>
      <trkpt lat="43.317460" lon="-2.020970"/>
      <trkpt lat="43.317360" lon="-2.021050"/>
      <trkpt lat="43.317240" lon="-2.021100"/>
      <trkpt lat="43.317090" lon="-2.021150"/>
      <trkpt lat="43.316950" lon="-2.021210"/>
      <trkpt lat="43.316820" lon="-2.021280"/>
      <trkpt lat="43.316720" lon="-2.021360"/>
      <trkpt lat="43.316630" lon="-2.021460"/>
      <trkpt lat="43.316540" lon="-2.021630"/>
      <trkpt lat="43.316450" lon="-2.021860"/>
      <trkpt lat="43.316390" lon="-2.022060"/>
      <trkpt lat="43.316320" lon="-2.022310"/>
      <trkpt lat="43.316190" lon="-2.022770"/>
      <trkpt lat="43.316140" lon="-2.022960"/>
      <trkpt lat="43.316100" lon="-2.023040"/>
      <trkpt lat="43.316070" lon="-2.023080"/>
      <trkpt lat="43.316050" lon="-2.023110"/>
      <trkpt lat="43.315970" lon="-2.023180"/>
      <trkpt lat="43.315870" lon="-2.023250"/>
      <trkpt lat="43.315750" lon="-2.023350"/>
      <trkpt lat="43.315640" lon="-2.023460"/>
      <trkpt lat="43.315560" lon="-2.023580"/>
      <trkpt lat="43.315500" lon="-2.023720"/>
      <trkpt lat="43.315450" lon="-2.023930"/>
      <trkpt lat="43.315380" lon="-2.024200"/>
      <trkpt lat="43.315280" lon="-2.024660"/>
      <trkpt lat="43.315260" lon="-2.024740"/>
      <trkpt lat="43.315220" lon="-2.024990"/>
      <trkpt lat="43.315170" lon="-2.025210"/>
      <trkpt lat="43.315100" lon="-2.025550"/>
      <trkpt lat="43.315020" lon="-2.025910"/>
      <trkpt lat="43.314960" lon="-2.026070"/>
      <trkpt lat="43.314900" lon="-2.026190"/>
      <trkpt lat="43.314740" lon="-2.026520"/>
      <trkpt lat="43.314560" lon="-2.026910"/>
      <trkpt lat="43.314320" lon="-2.027410"/>
      <trkpt lat="43.314110" lon="-2.027830"/>
      <trkpt lat="43.313930" lon="-2.028210"/>
      <trkpt lat="43.313910" lon="-2.028250"/>
      <trkpt lat="43.313820" lon="-2.028410"/>
      <trkpt lat="43.313710" lon="-2.028560"/>
      <trkpt lat="43.313600" lon="-2.028700"/>
      <trkpt lat="43.313340" lon="-2.028990"/>
      <trkpt lat="43.313070" lon="-2.029330"/>
      <trkpt lat="43.312940" lon="-2.029490"/>
      <trkpt lat="43.312830" lon="-2.029620"/>
      <trkpt lat="43.312760" lon="-2.029740"/>
      <trkpt lat="43.312650" lon="-2.029920"/>
      <trkpt lat="43.312540" lon="-2.030150"/>
      <trkpt lat="43.312450" lon="-2.030330"/>
      <trkpt lat="43.312420" lon="-2.030390"/>
      <trkpt lat="43.312340" lon="-2.030580"/>
      <trkpt lat="43.312180" lon="-2.030920"/>
      <trkpt lat="43.311940" lon="-2.031400"/>
      <trkpt lat="43.311690" lon="-2.031920"/>
      <trkpt lat="43.311580" lon="-2.032160"/>
      <trkpt lat="43.311520" lon="-2.032290"/>
      <trkpt lat="43.311450" lon="-2.032400"/>
      <trkpt lat="43.311390" lon="-2.032500"/>
      <trkpt lat="43.311280" lon="-2.032630"/>
      <trkpt lat="43.311140" lon="-2.032750"/>
      <trkpt lat="43.310970" lon="-2.032900"/>
      <trkpt lat="43.310860" lon="-2.033000"/>
      <trkpt lat="43.310730" lon="-2.033100"/>
      <trkpt lat="43.310630" lon="-2.033190"/>
      <trkpt lat="43.310600" lon="-2.033250"/>
      <trkpt lat="43.310570" lon="-2.033320"/>
      <trkpt lat="43.310500" lon="-2.033430"/>
      <trkpt lat="43.310430" lon="-2.033530"/>
      <trkpt lat="43.310390" lon="-2.033620"/>
      <trkpt lat="43.310410" lon="-2.033690"/>
      <trkpt lat="43.310370" lon="-2.033910"/>
      <trkpt lat="43.310280" lon="-2.034450"/>
      <trkpt lat="43.310210" lon="-2.034980"/>
      <trkpt lat="43.310080" lon="-2.035540"/>
      <trkpt lat="43.310040" lon="-2.035750"/>
      <trkpt lat="43.310070" lon="-2.036080"/>
      <trkpt lat="43.310270" lon="-2.036600"/>
      <trkpt lat="43.310300" lon="-2.036650"/>
      <trkpt lat="43.310390" lon="-2.036810"/>
      <trkpt lat="43.310400" lon="-2.036840"/>
      <trkpt lat="43.310460" lon="-2.036940"/>
      <trkpt lat="43.310540" lon="-2.037080"/>
      <trkpt lat="43.310600" lon="-2.037240"/>
      <trkpt lat="43.310580" lon="-2.037430"/>
      <trkpt lat="43.310560" lon="-2.037500"/>
      <trkpt lat="43.310570" lon="-2.037530"/>
      <trkpt lat="43.310710" lon="-2.037710"/>
      <trkpt lat="43.310830" lon="-2.037900"/>
      <trkpt lat="43.310990" lon="-2.038100"/>
      <trkpt lat="43.311060" lon="-2.038170"/>
      <trkpt lat="43.311110" lon="-2.038200"/>
      <trkpt lat="43.311180" lon="-2.038230"/>
      <trkpt lat="43.311280" lon="-2.038230"/>
      <trkpt lat="43.311320" lon="-2.038230"/>
      <trkpt lat="43.311400" lon="-2.038270"/>
      <trkpt lat="43.311460" lon="-2.038380"/>
      <trkpt lat="43.311520" lon="-2.038510"/>
      <trkpt lat="43.311580" lon="-2.038540"/>
      <trkpt lat="43.311750" lon="-2.038560"/>
      <trkpt lat="43.311780" lon="-2.038880"/>
      <trkpt lat="43.311900" lon="-2.039640"/>
      <trkpt lat="43.311940" lon="-2.039670"/>
      <trkpt lat="43.312120" lon="-2.039740"/>
      <trkpt lat="43.312300" lon="-2.039810"/>
      <trkpt lat="43.312430" lon="-2.039980"/>
      <trkpt lat="43.312550" lon="-2.040230"/>
      <trkpt lat="43.312580" lon="-2.040280"/>
      <trkpt lat="43.312570" lon="-2.040320"/>
      <trkpt lat="43.312530" lon="-2.040530"/>
      <trkpt lat="43.312520" lon="-2.040650"/>
      <trkpt lat="43.312530" lon="-2.040740"/>
      <trkpt lat="43.312590" lon="-2.040850"/>
      <trkpt lat="43.312920" lon="-2.041330"/>
      <trkpt lat="43.313010" lon="-2.041400"/>
      <trkpt lat="43.313130" lon="-2.041520"/>
      <trkpt lat="43.313260" lon="-2.041630"/>
      <trkpt lat="43.313340" lon="-2.041690"/>
      <trkpt lat="43.313420" lon="-2.041740"/>
      <trkpt lat="43.313500" lon="-2.041760"/>
      <trkpt lat="43.313560" lon="-2.041750"/>
      <trkpt lat="43.313630" lon="-2.041720"/>
      <trkpt lat="43.313720" lon="-2.041680"/>
      <trkpt lat="43.313760" lon="-2.041680"/>
      <trkpt lat="43.313800" lon="-2.041740"/>
      <trkpt lat="43.313800" lon="-2.041800"/>
      <trkpt lat="43.313770" lon="-2.041890"/>
      <trkpt lat="43.313700" lon="-2.041960"/>
      <trkpt lat="43.313670" lon="-2.042050"/>
      <trkpt lat="43.313670" lon="-2.042140"/>
      <trkpt lat="43.313720" lon="-2.042230"/>
      <trkpt lat="43.313770" lon="-2.042270"/>
      <trkpt lat="43.313840" lon="-2.042250"/>
      <trkpt lat="43.313900" lon="-2.042220"/>
      <trkpt lat="43.313980" lon="-2.042160"/>
      <trkpt lat="43.314050" lon="-2.042070"/>
      <trkpt lat="43.314140" lon="-2.041960"/>
      <trkpt lat="43.314170" lon="-2.041880"/>
      <trkpt lat="43.314230" lon="-2.041770"/>
      <trkpt lat="43.314300" lon="-2.041650"/>
      <trkpt lat="43.314370" lon="-2.041530"/>
      <trkpt lat="43.314450" lon="-2.041450"/>
      <trkpt lat="43.314480" lon="-2.041430"/>
      <trkpt lat="43.314530" lon="-2.041410"/>
      <trkpt lat="43.314570" lon="-2.041440"/>
      <trkpt lat="43.314590" lon="-2.041500"/>
      <trkpt lat="43.314590" lon="-2.041560"/>
      <trkpt lat="43.314540" lon="-2.041690"/>
      <trkpt lat="43.314490" lon="-2.041800"/>
      <trkpt lat="43.314460" lon="-2.041930"/>
      <trkpt lat="43.314450" lon="-2.041980"/>
      <trkpt lat="43.314470" lon="-2.042020"/>
      <trkpt lat="43.314520" lon="-2.042010"/>
      <trkpt lat="43.314590" lon="-2.041950"/>
      <trkpt lat="43.314670" lon="-2.041880"/>
      <trkpt lat="43.314720" lon="-2.041820"/>
      <trkpt lat="43.314750" lon="-2.041810"/>
      <trkpt lat="43.314770" lon="-2.041840"/>
      <trkpt lat="43.314790" lon="-2.041910"/>
      <trkpt lat="43.314790" lon="-2.042060"/>
      <trkpt lat="43.314780" lon="-2.042170"/>
      <trkpt lat="43.314760" lon="-2.042250"/>
      <trkpt lat="43.314730" lon="-2.042300"/>
      <trkpt lat="43.314710" lon="-2.042360"/>
      <trkpt lat="43.314710" lon="-2.042420"/>
      <trkpt lat="43.314730" lon="-2.042460"/>
      <trkpt lat="43.314770" lon="-2.042490"/>
      <trkpt lat="43.314820" lon="-2.042510"/>
      <trkpt lat="43.314880" lon="-2.042480"/>
      <trkpt lat="43.314980" lon="-2.042420"/>
      <trkpt lat="43.315040" lon="-2.042400"/>
      <trkpt lat="43.315070" lon="-2.042410"/>
      <trkpt lat="43.315260" lon="-2.042390"/>
      <trkpt lat="43.315340" lon="-2.042360"/>
      <trkpt lat="43.315400" lon="-2.042260"/>
      <trkpt lat="43.315460" lon="-2.042120"/>
      <trkpt lat="43.315560" lon="-2.042000"/>
      <trkpt lat="43.315640" lon="-2.041880"/>
      <trkpt lat="43.315710" lon="-2.041840"/>
      <trkpt lat="43.315800" lon="-2.041820"/>
      <trkpt lat="43.315860" lon="-2.041760"/>
      <trkpt lat="43.315930" lon="-2.041660"/>
      <trkpt lat="43.315980" lon="-2.041610"/>
      <trkpt lat="43.316110" lon="-2.041540"/>
      <trkpt lat="43.316190" lon="-2.041500"/>
      <trkpt lat="43.316230" lon="-2.041460"/>
      <trkpt lat="43.316240" lon="-2.041390"/>
      <trkpt lat="43.316250" lon="-2.041210"/>
      <trkpt lat="43.316250" lon="-2.041040"/>
      <trkpt lat="43.316260" lon="-2.040930"/>
      <trkpt lat="43.316280" lon="-2.040800"/>
      <trkpt lat="43.316280" lon="-2.040800"/>
      <trkpt lat="43.316270" lon="-2.040720"/>
      <trkpt lat="43.316230" lon="-2.040590"/>
      <trkpt lat="43.316200" lon="-2.040450"/>
      <trkpt lat="43.316170" lon="-2.040350"/>
      <trkpt lat="43.316110" lon="-2.040270"/>
      <trkpt lat="43.316090" lon="-2.040170"/>
      <trkpt lat="43.316100" lon="-2.040020"/>
      <trkpt lat="43.316110" lon="-2.039990"/>
      <trkpt lat="43.316160" lon="-2.039810"/>
      <trkpt lat="43.316280" lon="-2.039620"/>
      <trkpt lat="43.316360" lon="-2.039560"/>
      <trkpt lat="43.316420" lon="-2.039480"/>
      <trkpt lat="43.316490" lon="-2.039350"/>
      <trkpt lat="43.316540" lon="-2.039220"/>
      <trkpt lat="43.316610" lon="-2.039070"/>
      <trkpt lat="43.316650" lon="-2.039020"/>
      <trkpt lat="43.316690" lon="-2.038910"/>
      <trkpt lat="43.316680" lon="-2.038830"/>
      <trkpt lat="43.316680" lon="-2.038780"/>
      <trkpt lat="43.316630" lon="-2.038660"/>
      <trkpt lat="43.316630" lon="-2.038530"/>
      <trkpt lat="43.316640" lon="-2.038390"/>
      <trkpt lat="43.316660" lon="-2.038240"/>
      <trkpt lat="43.316680" lon="-2.038160"/>
      <trkpt lat="43.316700" lon="-2.038080"/>
      <trkpt lat="43.316710" lon="-2.037990"/>
      <trkpt lat="43.316710" lon="-2.037920"/>
      <trkpt lat="43.316700" lon="-2.037850"/>
      <trkpt lat="43.316690" lon="-2.037800"/>
      <trkpt lat="43.316680" lon="-2.037750"/>
      <trkpt lat="43.316670" lon="-2.037580"/>
      <trkpt lat="43.316690" lon="-2.037470"/>
      <trkpt lat="43.316730" lon="-2.037370"/>
      <trkpt lat="43.316730" lon="-2.037310"/>
      <trkpt lat="43.316820" lon="-2.037300"/>
      <trkpt lat="43.316880" lon="-2.037210"/>
      <trkpt lat="43.316920" lon="-2.037170"/>
      <trkpt lat="43.316960" lon="-2.037140"/>
      <trkpt lat="43.316970" lon="-2.037110"/>
      <trkpt lat="43.316970" lon="-2.037040"/>
      <trkpt lat="43.316970" lon="-2.036990"/>
      <trkpt lat="43.316960" lon="-2.036940"/>
      <trkpt lat="43.316950" lon="-2.036860"/>
      <trkpt lat="43.316970" lon="-2.036770"/>
      <trkpt lat="43.317020" lon="-2.036610"/>
      <trkpt lat="43.317050" lon="-2.036580"/>
      <trkpt lat="43.317080" lon="-2.036560"/>
      <trkpt lat="43.317120" lon="-2.036550"/>
      <trkpt lat="43.317160" lon="-2.036500"/>
      <trkpt lat="43.317200" lon="-2.036450"/>
      <trkpt lat="43.317230" lon="-2.036390"/>
      <trkpt lat="43.317240" lon="-2.036330"/>
      <trkpt lat="43.317230" lon="-2.036270"/>
      <trkpt lat="43.317210" lon="-2.036180"/>
      <trkpt lat="43.317190" lon="-2.036090"/>
      <trkpt lat="43.317150" lon="-2.035930"/>
      <trkpt lat="43.317140" lon="-2.035850"/>
      <trkpt lat="43.317120" lon="-2.035670"/>
      <trkpt lat="43.317120" lon="-2.035590"/>
      <trkpt lat="43.317120" lon="-2.035520"/>
      <trkpt lat="43.317080" lon="-2.035490"/>
      <trkpt lat="43.317070" lon="-2.035430"/>
      <trkpt lat="43.317090" lon="-2.035330"/>
      <trkpt lat="43.317110" lon="-2.035190"/>
      <trkpt lat="43.317210" lon="-2.035060"/>
      <trkpt lat="43.317250" lon="-2.034940"/>
      <trkpt lat="43.317280" lon="-2.034810"/>
      <trkpt lat="43.317270" lon="-2.034690"/>
      <trkpt lat="43.317310" lon="-2.034520"/>
      <trkpt lat="43.317280" lon="-2.034350"/>
      <trkpt lat="43.317190" lon="-2.034190"/>
      <trkpt lat="43.317170" lon="-2.034080"/>
      <trkpt lat="43.317160" lon="-2.033990"/>
      <trkpt lat="43.317130" lon="-2.033900"/>
      <trkpt lat="43.317130" lon="-2.033810"/>
      <trkpt lat="43.317140" lon="-2.033740"/>
      <trkpt lat="43.317170" lon="-2.033650"/>
      <trkpt lat="43.317180" lon="-2.033580"/>
      <trkpt lat="43.317210" lon="-2.033510"/>
      <trkpt lat="43.317240" lon="-2.033460"/>
      <trkpt lat="43.317330" lon="-2.033280"/>
      <trkpt lat="43.317350" lon="-2.033230"/>
      <trkpt lat="43.317390" lon="-2.033160"/>
      <trkpt lat="43.317450" lon="-2.033090"/>
      <trkpt lat="43.317490" lon="-2.033010"/>
      <trkpt lat="43.317540" lon="-2.032930"/>
      <trkpt lat="43.317580" lon="-2.032790"/>
      <trkpt lat="43.317590" lon="-2.032750"/>
      <trkpt lat="43.317650" lon="-2.032620"/>
      <trkpt lat="43.317670" lon="-2.032560"/>
      <trkpt lat="43.317710" lon="-2.032460"/>
      <trkpt lat="43.317760" lon="-2.032370"/>
      <trkpt lat="43.317800" lon="-2.032320"/>
      <trkpt lat="43.317870" lon="-2.032210"/>
      <trkpt lat="43.317920" lon="-2.032150"/>
      <trkpt lat="43.317940" lon="-2.032070"/>
      <trkpt lat="43.317950" lon="-2.031990"/>
      <trkpt lat="43.317950" lon="-2.031850"/>
      <trkpt lat="43.317920" lon="-2.031740"/>
      <trkpt lat="43.317880" lon="-2.031660"/>
      <trkpt lat="43.317860" lon="-2.031700"/>
      <trkpt lat="43.317760" lon="-2.031970"/>
      <trkpt lat="43.317720" lon="-2.032010"/>
      <trkpt lat="43.317620" lon="-2.032070"/>
      <trkpt lat="43.317600" lon="-2.032030"/>
      <trkpt lat="43.317520" lon="-2.031740"/>
      <trkpt lat="43.317460" lon="-2.031880"/>
      <trkpt lat="43.317420" lon="-2.031760"/>
      <trkpt lat="43.317280" lon="-2.031580"/>
      <trkpt lat="43.317280" lon="-2.031620"/>
      <trkpt lat="43.317270" lon="-2.031890"/>
      <trkpt lat="43.317200" lon="-2.031720"/>
      <trkpt lat="43.317150" lon="-2.031630"/>
      <trkpt lat="43.317090" lon="-2.031510"/>
      <trkpt lat="43.316950" lon="-2.031330"/>
      <trkpt lat="43.316850" lon="-2.031200"/>
      <trkpt lat="43.316800" lon="-2.031070"/>
      <trkpt lat="43.316730" lon="-2.030890"/>
      <trkpt lat="43.316620" lon="-2.030710"/>
      <trkpt lat="43.316590" lon="-2.030580"/>
      <trkpt lat="43.316580" lon="-2.030450"/>
      <trkpt lat="43.316600" lon="-2.030250"/>
      <trkpt lat="43.316610" lon="-2.030110"/>
      <trkpt lat="43.316630" lon="-2.029990"/>
      <trkpt lat="43.316640" lon="-2.029870"/>
      <trkpt lat="43.316640" lon="-2.029650"/>
      <trkpt lat="43.316790" lon="-2.029380"/>
      <trkpt lat="43.316880" lon="-2.029210"/>
      <trkpt lat="43.316960" lon="-2.029090"/>
      <trkpt lat="43.317030" lon="-2.028950"/>
      <trkpt lat="43.317150" lon="-2.028750"/>
      <trkpt lat="43.317210" lon="-2.028640"/>
      <trkpt lat="43.317280" lon="-2.028520"/>
      <trkpt lat="43.317360" lon="-2.028410"/>
      <trkpt lat="43.317420" lon="-2.028340"/>
      <trkpt lat="43.317510" lon="-2.028280"/>
      <trkpt lat="43.317580" lon="-2.028230"/>
      <trkpt lat="43.317650" lon="-2.028170"/>
      <trkpt lat="43.317710" lon="-2.028140"/>
      <trkpt lat="43.317780" lon="-2.028090"/>
      <trkpt lat="43.317860" lon="-2.028030"/>
      <trkpt lat="43.317960" lon="-2.027970"/>
      <trkpt lat="43.318000" lon="-2.027940"/>
      <trkpt lat="43.317970" lon="-2.027830"/>
      <trkpt lat="43.317950" lon="-2.027750"/>
      <trkpt lat="43.317930" lon="-2.027650"/>
      <trkpt lat="43.317920" lon="-2.027580"/>
      <trkpt lat="43.317920" lon="-2.027500"/>
      <trkpt lat="43.317920" lon="-2.027410"/>
      <trkpt lat="43.317930" lon="-2.027290"/>
      <trkpt lat="43.317920" lon="-2.027230"/>
      <trkpt lat="43.317880" lon="-2.027110"/>
      <trkpt lat="43.317800" lon="-2.026910"/>
      <trkpt lat="43.317730" lon="-2.026720"/>
      <trkpt lat="43.317670" lon="-2.026570"/>
      <trkpt lat="43.317620" lon="-2.026460"/>
      <trkpt lat="43.317580" lon="-2.026350"/>
      <trkpt lat="43.317580" lon="-2.026260"/>
      <trkpt lat="43.317580" lon="-2.026200"/>
      <trkpt lat="43.317600" lon="-2.026140"/>
      <trkpt lat="43.317630" lon="-2.026050"/>
      <trkpt lat="43.317670" lon="-2.025940"/>
      <trkpt lat="43.317710" lon="-2.025820"/>
      <trkpt lat="43.317750" lon="-2.025710"/>
      <trkpt lat="43.317780" lon="-2.025610"/>
      <trkpt lat="43.317810" lon="-2.025490"/>
      <trkpt lat="43.317810" lon="-2.025380"/>
      <trkpt lat="43.317800" lon="-2.025260"/>
      <trkpt lat="43.317740" lon="-2.025140"/>
      <trkpt lat="43.317560" lon="-2.024880"/>
      <trkpt lat="43.317430" lon="-2.024670"/>
      <trkpt lat="43.317400" lon="-2.024560"/>
      <trkpt lat="43.317380" lon="-2.024450"/>
      <trkpt lat="43.317380" lon="-2.024310"/>
      <trkpt lat="43.317370" lon="-2.024160"/>
      <trkpt lat="43.317380" lon="-2.023940"/>
      <trkpt lat="43.317380" lon="-2.023760"/>
      <trkpt lat="43.317380" lon="-2.023560"/>
      <trkpt lat="43.317390" lon="-2.023460"/>
      <trkpt lat="43.317410" lon="-2.023360"/>
      <trkpt lat="43.317440" lon="-2.023280"/>
      <trkpt lat="43.317480" lon="-2.023210"/>
      <trkpt lat="43.317570" lon="-2.023110"/>
      <trkpt lat="43.317650" lon="-2.023040"/>
      <trkpt lat="43.317720" lon="-2.022950"/>
      <trkpt lat="43.317780" lon="-2.022850"/>
      <trkpt lat="43.317840" lon="-2.022750"/>
      <trkpt lat="43.317890" lon="-2.022630"/>
      <trkpt lat="43.317940" lon="-2.022510"/>
      <trkpt lat="43.317980" lon="-2.022390"/>
      <trkpt lat="43.318000" lon="-2.022340"/>
      <trkpt lat="43.318020" lon="-2.022270"/>
      <trkpt lat="43.318070" lon="-2.022140"/>
      <trkpt lat="43.318100" lon="-2.022000"/>
      <trkpt lat="43.318150" lon="-2.021830"/>
      <trkpt lat="43.318200" lon="-2.021670"/>
      <trkpt lat="43.318220" lon="-2.021540"/>
      <trkpt lat="43.318230" lon="-2.021410"/>
      <trkpt lat="43.318250" lon="-2.021300"/>
      <trkpt lat="43.318290" lon="-2.021120"/>
      <trkpt lat="43.318340" lon="-2.020880"/>
      <trkpt lat="43.318360" lon="-2.020760"/>
      <trkpt lat="43.318380" lon="-2.020660"/>
      <trkpt lat="43.318400" lon="-2.020580"/>
      <trkpt lat="43.318440" lon="-2.020510"/>
      <trkpt lat="43.318510" lon="-2.020460"/>
      <trkpt lat="43.318570" lon="-2.020420"/>
      <trkpt lat="43.318630" lon="-2.020350"/>
      <trkpt lat="43.318700" lon="-2.020260"/>
      <trkpt lat="43.318730" lon="-2.020170"/>
      <trkpt lat="43.318750" lon="-2.020080"/>
      <trkpt lat="43.318760" lon="-2.020000"/>
      <trkpt lat="43.318730" lon="-2.019900"/>
      <trkpt lat="43.318680" lon="-2.019710"/>
      <trkpt lat="43.318640" lon="-2.019630"/>
      <trkpt lat="43.318680" lon="-2.019490"/>
      <trkpt lat="43.318700" lon="-2.019320"/>
      <trkpt lat="43.318670" lon="-2.018790"/>
      <trkpt lat="43.318670" lon="-2.018640"/>
      <trkpt lat="43.318670" lon="-2.018500"/>
      <trkpt lat="43.318690" lon="-2.018400"/>
      <trkpt lat="43.318720" lon="-2.018300"/>
      <trkpt lat="43.318770" lon="-2.018190"/>
      <trkpt lat="43.318830" lon="-2.018080"/>
      <trkpt lat="43.318900" lon="-2.017980"/>
      <trkpt lat="43.318990" lon="-2.017880"/>
      <trkpt lat="43.319070" lon="-2.017790"/>
      <trkpt lat="43.319150" lon="-2.017700"/>
      <trkpt lat="43.319210" lon="-2.017620"/>
      <trkpt lat="43.319240" lon="-2.017520"/>
      <trkpt lat="43.319240" lon="-2.017430"/>
      <trkpt lat="43.319200" lon="-2.017340"/>
      <trkpt lat="43.319130" lon="-2.017260"/>
      <trkpt lat="43.318170" lon="-2.016350"/>
      <trkpt lat="43.318080" lon="-2.016290"/>
      <trkpt lat="43.318010" lon="-2.016270"/>
      <trkpt lat="43.317930" lon="-2.016260"/>
      <trkpt lat="43.317870" lon="-2.016270"/>
      <trkpt lat="43.317820" lon="-2.016290"/>
      <trkpt lat="43.317750" lon="-2.016330"/>
      <trkpt lat="43.317700" lon="-2.016350"/>
      <trkpt lat="43.317660" lon="-2.016390"/>
      <trkpt lat="43.317600" lon="-2.016470"/>
      <trkpt lat="43.317550" lon="-2.016580"/>
      <trkpt lat="43.317470" lon="-2.016770"/>
      <trkpt lat="43.316950" lon="-2.018390"/>
      <trkpt lat="43.316900" lon="-2.018490"/>
      <trkpt lat="43.316840" lon="-2.018540"/>
      <trkpt lat="43.316770" lon="-2.018540"/>
      <trkpt lat="43.316710" lon="-2.018510"/>
      <trkpt lat="43.316690" lon="-2.018450"/>
      <trkpt lat="43.316680" lon="-2.018370"/>
      <trkpt lat="43.316930" lon="-2.016670"/>
      <trkpt lat="43.316950" lon="-2.016360"/>
      <trkpt lat="43.316930" lon="-2.016050"/>
      <trkpt lat="43.316860" lon="-2.015410"/>
      <trkpt lat="43.316800" lon="-2.015100"/>
      <trkpt lat="43.316690" lon="-2.014720"/>
      <trkpt lat="43.316590" lon="-2.014470"/>
      <trkpt lat="43.316370" lon="-2.014130"/>
      <trkpt lat="43.315700" lon="-2.013310"/>
      <trkpt lat="43.315480" lon="-2.013040"/>
      <trkpt lat="43.315420" lon="-2.012970"/>
      <trkpt lat="43.314820" lon="-2.012580"/>
      <trkpt lat="43.314450" lon="-2.012350"/>
      <trkpt lat="43.313800" lon="-2.011940"/>
      <trkpt lat="43.313470" lon="-2.011600"/>
      <trkpt lat="43.313290" lon="-2.011300"/>
      <trkpt lat="43.313210" lon="-2.011060"/>
      <trkpt lat="43.313210" lon="-2.010910"/>
      <trkpt lat="43.313260" lon="-2.010770"/>
      <trkpt lat="43.313330" lon="-2.010660"/>
      <trkpt lat="43.313990" lon="-2.009810"/>
      <trkpt lat="43.314070" lon="-2.009660"/>
      <trkpt lat="43.314140" lon="-2.009480"/>
      <trkpt lat="43.314160" lon="-2.009180"/>
      <trkpt lat="43.314200" lon="-2.008210"/>
      <trkpt lat="43.314250" lon="-2.008050"/>
      <trkpt lat="43.314330" lon="-2.007930"/>
      <trkpt lat="43.314730" lon="-2.007610"/>
      <trkpt lat="43.314910" lon="-2.007410"/>
      <trkpt lat="43.315060" lon="-2.007180"/>
      <trkpt lat="43.315110" lon="-2.007040"/>
      <trkpt lat="43.315110" lon="-2.006990"/>
      <trkpt lat="43.315120" lon="-2.006900"/>
      <trkpt lat="43.315090" lon="-2.006720"/>
      <trkpt lat="43.314850" lon="-2.005920"/>
      <trkpt lat="43.314810" lon="-2.005800"/>
      <trkpt lat="43.314770" lon="-2.005680"/>
      <trkpt lat="43.314590" lon="-2.005090"/>
      <trkpt lat="43.314430" lon="-2.004590"/>
      <trkpt lat="43.314390" lon="-2.004470"/>
      <trkpt lat="43.314380" lon="-2.004420"/>
      <trkpt lat="43.314360" lon="-2.004370"/>
      <trkpt lat="43.314360" lon="-2.004350"/>
      <trkpt lat="43.314200" lon="-2.003850"/>
      <trkpt lat="43.314180" lon="-2.003790"/>
      <trkpt lat="43.314170" lon="-2.003740"/>
      <trkpt lat="43.314160" lon="-2.003720"/>
      <trkpt lat="43.314140" lon="-2.003610"/>
      <trkpt lat="43.314090" lon="-2.003500"/>
      <trkpt lat="43.314330" lon="-2.003030"/>
      <trkpt lat="43.314580" lon="-2.002530"/>
      <trkpt lat="43.314630" lon="-2.002430"/>
      <trkpt lat="43.315070" lon="-2.001550"/>
      <trkpt lat="43.315200" lon="-2.001300"/>
      <trkpt lat="43.315210" lon="-2.001270"/>
      <trkpt lat="43.315240" lon="-2.001220"/>
      <trkpt lat="43.315340" lon="-2.001020"/>
      <trkpt lat="43.315350" lon="-2.000980"/>
      <trkpt lat="43.315360" lon="-2.000930"/>
      <trkpt lat="43.315350" lon="-2.000870"/>
      <trkpt lat="43.315340" lon="-2.000840"/>
      <trkpt lat="43.315320" lon="-2.000740"/>
      <trkpt lat="43.315080" lon="-2.000540"/>
      <trkpt lat="43.314970" lon="-2.000480"/>
      <trkpt lat="43.314860" lon="-2.000490"/>
      <trkpt lat="43.314800" lon="-2.000510"/>
      <trkpt lat="43.314720" lon="-2.000510"/>
      <trkpt lat="43.314660" lon="-2.000450"/>
      <trkpt lat="43.314250" lon="-2.000040"/>
      <trkpt lat="43.314080" lon="-1.999960"/>
      <trkpt lat="43.314020" lon="-1.999910"/>
      <trkpt lat="43.313990" lon="-1.999860"/>
      <trkpt lat="43.313960" lon="-1.999780"/>
      <trkpt lat="43.313960" lon="-1.999740"/>
      <trkpt lat="43.313950" lon="-1.999570"/>
      <trkpt lat="43.313940" lon="-1.999480"/>
      <trkpt lat="43.313920" lon="-1.999390"/>
      <trkpt lat="43.313810" lon="-1.999110"/>
      <trkpt lat="43.313590" lon="-1.998660"/>
      <trkpt lat="43.313290" lon="-1.998160"/>
      <trkpt lat="43.313190" lon="-1.997990"/>
      <trkpt lat="43.313140" lon="-1.997990"/>
      <trkpt lat="43.313110" lon="-1.997980"/>
      <trkpt lat="43.313080" lon="-1.997940"/>
      <trkpt lat="43.313060" lon="-1.997900"/>
      <trkpt lat="43.313060" lon="-1.997850"/>
      <trkpt lat="43.313070" lon="-1.997800"/>
      <trkpt lat="43.313080" lon="-1.997760"/>
      <trkpt lat="43.312970" lon="-1.997590"/>
      <trkpt lat="43.312920" lon="-1.997510"/>
      <trkpt lat="43.312870" lon="-1.997450"/>
      <trkpt lat="43.312770" lon="-1.997320"/>
      <trkpt lat="43.312610" lon="-1.997140"/>
      <trkpt lat="43.312330" lon="-1.996860"/>
      <trkpt lat="43.312060" lon="-1.996650"/>
      <trkpt lat="43.311510" lon="-1.996160"/>
      <trkpt lat="43.311110" lon="-1.995830"/>
      <trkpt lat="43.310940" lon="-1.995690"/>
      <trkpt lat="43.310900" lon="-1.995690"/>
      <trkpt lat="43.310870" lon="-1.995670"/>
      <trkpt lat="43.310840" lon="-1.995630"/>
      <trkpt lat="43.310830" lon="-1.995580"/>
      <trkpt lat="43.310830" lon="-1.995540"/>
      <trkpt lat="43.310710" lon="-1.995440"/>
      <trkpt lat="43.310050" lon="-1.994840"/>
      <trkpt lat="43.309350" lon="-1.994230"/>
      <trkpt lat="43.309230" lon="-1.994120"/>
      <trkpt lat="43.309210" lon="-1.994100"/>
      <trkpt lat="43.309170" lon="-1.994120"/>
      <trkpt lat="43.309130" lon="-1.994130"/>
      <trkpt lat="43.309100" lon="-1.994110"/>
      <trkpt lat="43.309070" lon="-1.994090"/>
      <trkpt lat="43.309050" lon="-1.994050"/>
      <trkpt lat="43.309040" lon="-1.994000"/>
      <trkpt lat="43.309030" lon="-1.993960"/>
      <trkpt lat="43.308960" lon="-1.993850"/>
      <trkpt lat="43.308770" lon="-1.993630"/>
      <trkpt lat="43.308660" lon="-1.993470"/>
      <trkpt lat="43.308590" lon="-1.993280"/>
      <trkpt lat="43.308530" lon="-1.993080"/>
      <trkpt lat="43.308470" lon="-1.992860"/>
      <trkpt lat="43.308390" lon="-1.992470"/>
      <trkpt lat="43.308380" lon="-1.992430"/>
      <trkpt lat="43.308350" lon="-1.992300"/>
      <trkpt lat="43.308270" lon="-1.992030"/>
      <trkpt lat="43.308150" lon="-1.991600"/>
      <trkpt lat="43.308140" lon="-1.991560"/>
      <trkpt lat="43.308060" lon="-1.991320"/>
      <trkpt lat="43.307950" lon="-1.990910"/>
      <trkpt lat="43.307900" lon="-1.990690"/>
      <trkpt lat="43.307860" lon="-1.990540"/>
      <trkpt lat="43.307820" lon="-1.990410"/>
      <trkpt lat="43.307770" lon="-1.990330"/>
      <trkpt lat="43.307720" lon="-1.990280"/>
      <trkpt lat="43.307670" lon="-1.990250"/>
      <trkpt lat="43.307620" lon="-1.990190"/>
      <trkpt lat="43.307600" lon="-1.990120"/>
      <trkpt lat="43.307590" lon="-1.990070"/>
      <trkpt lat="43.307590" lon="-1.990010"/>
      <trkpt lat="43.307600" lon="-1.989950"/>
      <trkpt lat="43.307620" lon="-1.989900"/>
      <trkpt lat="43.307650" lon="-1.989850"/>
      <trkpt lat="43.307690" lon="-1.989820"/>
      <trkpt lat="43.307710" lon="-1.989700"/>
      <trkpt lat="43.307720" lon="-1.989580"/>
      <trkpt lat="43.307690" lon="-1.988460"/>
      <trkpt lat="43.307640" lon="-1.986250"/>
      <trkpt lat="43.307630" lon="-1.985790"/>
      <trkpt lat="43.307620" lon="-1.985520"/>
      <trkpt lat="43.307590" lon="-1.985220"/>
      <trkpt lat="43.307550" lon="-1.984920"/>
      <trkpt lat="43.307500" lon="-1.984630"/>
      <trkpt lat="43.307250" lon="-1.983550"/>
      <trkpt lat="43.307040" lon="-1.982640"/>
      <trkpt lat="43.307030" lon="-1.982590"/>
      <trkpt lat="43.307020" lon="-1.982540"/>
      <trkpt lat="43.307020" lon="-1.982500"/>
      <trkpt lat="43.306990" lon="-1.982430"/>
      <trkpt lat="43.306970" lon="-1.982360"/>
      <trkpt lat="43.306940" lon="-1.982300"/>
      <trkpt lat="43.306890" lon="-1.982270"/>
      <trkpt lat="43.306850" lon="-1.982230"/>
      <trkpt lat="43.306810" lon="-1.982170"/>
      <trkpt lat="43.306800" lon="-1.982120"/>
      <trkpt lat="43.306790" lon="-1.982070"/>
      <trkpt lat="43.306790" lon="-1.982010"/>
      <trkpt lat="43.306800" lon="-1.981960"/>
      <trkpt lat="43.306820" lon="-1.981900"/>
      <trkpt lat="43.306850" lon="-1.981860"/>
      <trkpt lat="43.306890" lon="-1.981830"/>
      <trkpt lat="43.306930" lon="-1.981810"/>
      <trkpt lat="43.306950" lon="-1.981610"/>
      <trkpt lat="43.306960" lon="-1.981550"/>
      <trkpt lat="43.307000" lon="-1.981180"/>
      <trkpt lat="43.307000" lon="-1.981110"/>
      <trkpt lat="43.307010" lon="-1.981070"/>
      <trkpt lat="43.307020" lon="-1.980990"/>
      <trkpt lat="43.307030" lon="-1.980880"/>
      <trkpt lat="43.307080" lon="-1.980460"/>
      <trkpt lat="43.307080" lon="-1.980390"/>
      <trkpt lat="43.307100" lon="-1.980230"/>
      <trkpt lat="43.307110" lon="-1.980160"/>
      <trkpt lat="43.307100" lon="-1.980070"/>
      <trkpt lat="43.307080" lon="-1.979890"/>
      <trkpt lat="43.307070" lon="-1.979880"/>
      <trkpt lat="43.307040" lon="-1.979750"/>
      <trkpt lat="43.307010" lon="-1.979710"/>
      <trkpt lat="43.306980" lon="-1.979640"/>
      <trkpt lat="43.306970" lon="-1.979570"/>
      <trkpt lat="43.306960" lon="-1.979490"/>
      <trkpt lat="43.306960" lon="-1.979420"/>
      <trkpt lat="43.306980" lon="-1.979340"/>
      <trkpt lat="43.307000" lon="-1.979280"/>
      <trkpt lat="43.307040" lon="-1.979220"/>
      <trkpt lat="43.307080" lon="-1.979170"/>
      <trkpt lat="43.307120" lon="-1.979120"/>
      <trkpt lat="43.307190" lon="-1.979050"/>
      <trkpt lat="43.307360" lon="-1.978850"/>
      <trkpt lat="43.307460" lon="-1.978700"/>
      <trkpt lat="43.307600" lon="-1.978430"/>
      <trkpt lat="43.307780" lon="-1.978100"/>
      <trkpt lat="43.307790" lon="-1.978070"/>
      <trkpt lat="43.307820" lon="-1.978020"/>
      <trkpt lat="43.307860" lon="-1.977950"/>
      <trkpt lat="43.307930" lon="-1.977920"/>
      <trkpt lat="43.308040" lon="-1.978010"/>
      <trkpt lat="43.308130" lon="-1.978100"/>
      <trkpt lat="43.308220" lon="-1.978190"/>
      <trkpt lat="43.308410" lon="-1.978350"/>
      <trkpt lat="43.309080" lon="-1.978780"/>
      <trkpt lat="43.309290" lon="-1.978860"/>
      <trkpt lat="43.309990" lon="-1.979010"/>
      <trkpt lat="43.311280" lon="-1.979240"/>
      <trkpt lat="43.311340" lon="-1.979250"/>
      <trkpt lat="43.311450" lon="-1.979270"/>
      <trkpt lat="43.312510" lon="-1.979440"/>
      <trkpt lat="43.312710" lon="-1.979460"/>
      <trkpt lat="43.312920" lon="-1.979470"/>
      <trkpt lat="43.313310" lon="-1.979450"/>
      <trkpt lat="43.313800" lon="-1.979400"/>
      <trkpt lat="43.315050" lon="-1.979260"/>
      <trkpt lat="43.317270" lon="-1.979020"/>
      <trkpt lat="43.317350" lon="-1.979010"/>
      <trkpt lat="43.317390" lon="-1.979000"/>
      <trkpt lat="43.317430" lon="-1.979000"/>
      <trkpt lat="43.317520" lon="-1.978990"/>
      <trkpt lat="43.318270" lon="-1.978900"/>
      <trkpt lat="43.318440" lon="-1.978960"/>
      <trkpt lat="43.318520" lon="-1.979060"/>
      <trkpt lat="43.318550" lon="-1.979110"/>
      <trkpt lat="43.318640" lon="-1.979210"/>
      <trkpt lat="43.319020" lon="-1.979190"/>
      <trkpt lat="43.319020" lon="-1.979190"/>
      <trkpt lat="43.319050" lon="-1.979210"/>
      <trkpt lat="43.319140" lon="-1.979310"/>
      <trkpt lat="43.319230" lon="-1.979380"/>
      <trkpt lat="43.319610" lon="-1.979630"/>
      <trkpt lat="43.319670" lon="-1.979670"/>
      <trkpt lat="43.319690" lon="-1.979690"/>
      <trkpt lat="43.319750" lon="-1.979730"/>
      <trkpt lat="43.320150" lon="-1.980020"/>
      <trkpt lat="43.320190" lon="-1.980040"/>
      <trkpt lat="43.320280" lon="-1.980100"/>
      <trkpt lat="43.320340" lon="-1.980150"/>
      <trkpt lat="43.320420" lon="-1.980210"/>
      <trkpt lat="43.321150" lon="-1.980730"/>
      <trkpt lat="43.321170" lon="-1.980750"/>
      <trkpt lat="43.321210" lon="-1.980780"/>
      <trkpt lat="43.321230" lon="-1.980790"/>
      <trkpt lat="43.321410" lon="-1.980920"/>
    </trkseg>
  </trk>
</gpx>